family,case,scenario,training_rep_id,policy,constraint_id,n_total,n_defined,n_violation,n_unknown,positive_deficit_count,positive_frequency_defined,violation_frequency_defined,violation_frequency_total,positive_nonviolating_within_tolerance,P95,conditional_mean,top_count,top_ceil5pct_mean,mean_scaled_to_top5,top5_mean_identity_error,violation_conditional_mean,violation_conditional_P95,violation_conditional_max,maximum,positive_conditional_mean,positive_mean_identity_error,violation_mean_identity_remainder,joint_failure_count,joint_failure_rate_total
coverage_formal,A,C0,0,Q2_safe_delta,PN-NEL-FIXEDDMI,20000,20000,407,0,407,0.02035,0.02035,0.02035,0,0.0,0.0002235132878813544,1000,0.004470265757627089,0.004470265757627088,8.673617379884035e-19,0.010983453949943704,0.03352956715968906,0.07514012357751253,0.07514012357751253,0.010983453949943704,0.0,0.0,428,0.0214
coverage_formal,A,C0,0,Q3_delta,PN-NEL-FIXEDDMI,20000,19995,475,5,475,0.023755938984746188,0.023755938984746188,0.02375,0,0.0,0.00028312014037301685,1000,0.005660987206758472,0.0056609872067584725,8.673617379884035e-19,0.011917867803702045,0.03825004318674728,0.07929858883421315,0.07929858883421315,0.011917867803702045,0.0,0.0,518,0.0259
coverage_formal,A,C0,1,Q2_safe_delta,PN-NEL-FIXEDDMI,20000,20000,386,0,386,0.0193,0.0193,0.0193,0,0.0,0.00018278023735368668,1000,0.0036556047470737334,0.0036556047470737334,0.0,0.009470478619362005,0.030765753197937735,0.056092458129808676,0.056092458129808676,0.009470478619362005,2.710505431213761e-20,0.0,407,0.02035
coverage_formal,A,C0,1,Q3_delta,PN-NEL-FIXEDDMI,20000,19996,463,4,463,0.02315463092618524,0.02315463092618524,0.02315,0,0.0,0.00023268114038620975,1000,0.004652692083162651,0.00465269208316265,8.673617379884035e-19,0.010049010978753025,0.03085266324843964,0.12040232137303694,0.12040232137303694,0.010049010978753025,2.710505431213761e-20,0.0,516,0.0258
coverage_formal,A,C0,2,Q2_safe_delta,PN-NEL-FIXEDDMI,20000,20000,417,0,417,0.02085,0.02085,0.02085,0,0.0,0.00021577645149096006,1000,0.004315529029819201,0.004315529029819201,0.0,0.010348990479182734,0.03103413646881101,0.09608736378750839,0.09608736378750839,0.010348990479182734,5.421010862427522e-20,0.0,431,0.02155
coverage_formal,A,C0,2,Q3_delta,PN-NEL-FIXEDDMI,20000,19991,514,9,514,0.025711570206592968,0.025711570206592968,0.0257,0,0.0,0.000289207560105347,1000,0.005781548334065993,0.005781548334065992,8.673617379884035e-19,0.011248148509856016,0.036108303521658704,0.09608736378750839,0.09608736378750839,0.011248148509856016,0.0,0.0,547,0.02735
coverage_formal,A,C1_Table6_matched,0,Q2_safe_delta,PN-NEL-FIXEDDMI,20000,20000,391,0,391,0.01955,0.01955,0.01955,0,0.0,0.00018849633829727557,1000,0.0037699267659455113,0.0037699267659455117,4.336808689942018e-19,0.009641756434643252,0.03110465239918553,0.06923197017738807,0.06923197017738807,0.009641756434643252,0.0,0.0,409,0.02045
coverage_formal,A,C1_Table6_matched,0,Q3_delta,PN-NEL-FIXEDDMI,20000,19993,458,7,458,0.02290801780623218,0.02290801780623218,0.0229,0,0.0,0.00022922099050068446,1000,0.004582815263080184,0.004582815263080184,0.0,0.01000614686262049,0.028499135349888363,0.11721566069974221,0.11721566069974221,0.01000614686262049,2.710505431213761e-20,0.0,506,0.0253
coverage_formal,A,C1_Table6_matched,1,Q2_safe_delta,PN-NEL-FIXEDDMI,20000,20000,381,0,381,0.01905,0.01905,0.01905,0,0.0,0.00019610100562434036,1000,0.003922020112486807,0.003922020112486807,0.0,0.010294016043272462,0.030299419464875386,0.07984862988451594,0.07984862988451594,0.010294016043272462,5.421010862427522e-20,0.0,396,0.0198
coverage_formal,A,C1_Table6_matched,1,Q3_delta,PN-NEL-FIXEDDMI,20000,19994,460,6,460,0.023006902070621185,0.023006902070621185,0.023,0,0.0,0.00023779965360108514,1000,0.004754566274100097,0.004754566274100096,8.673617379884035e-19,0.010336013639348034,0.028925504724623522,0.06667721814341164,0.06667721814341164,0.010336013639348034,2.710505431213761e-20,0.0,523,0.02615
coverage_formal,A,C1_Table6_matched,2,Q2_safe_delta,PN-NEL-FIXEDDMI,20000,20000,387,0,387,0.01935,0.01935,0.01935,0,0.0,0.00018854152616787142,1000,0.0037708305233574283,0.0037708305233574283,0.0,0.009743748122370614,0.03098390548822598,0.052204107911102485,0.052204107911102485,0.009743748122370614,5.421010862427522e-20,0.0,405,0.02025
coverage_formal,A,C1_Table6_matched,2,Q3_delta,PN-NEL-FIXEDDMI,20000,19986,467,14,467,0.02336635644951466,0.02336635644951466,0.02335,0,0.0,0.00025454133494391576,1000,0.005087263120189101,0.005087263120189101,0.0,0.010893497045372805,0.03591317046072991,0.10464199276259245,0.10464199276259245,0.010893497045372805,5.421010862427522e-20,0.0,511,0.02555
coverage_formal,A,C2_Corn4D_author,0,Q2_safe_delta,PN-NEL-FIXEDDMI,20000,20000,330,0,330,0.0165,0.0165,0.0165,0,0.0,0.00016976640340661387,1000,0.003395328068132277,0.0033953280681322776,4.336808689942018e-19,0.010288872933734174,0.02961308025542046,0.07464869926991995,0.07464869926991995,0.010288872933734174,0.0,0.0,353,0.01765
coverage_formal,A,C2_Corn4D_author,0,Q3_delta,PN-NEL-FIXEDDMI,20000,19991,385,9,385,0.019258666399879946,0.019258666399879946,0.01925,0,0.0,0.00020109228174906716,1000,0.004020035804445602,0.004020035804445601,8.673617379884035e-19,0.010441651440118447,0.03247965830968586,0.07919792742314641,0.07919792742314641,0.010441651440118447,2.710505431213761e-20,0.0,430,0.0215
coverage_formal,A,C2_Corn4D_author,1,Q2_safe_delta,PN-NEL-FIXEDDMI,20000,20000,340,0,340,0.017,0.017,0.017,0,0.0,0.00016742005333938805,1000,0.003348401066787761,0.003348401066787761,0.0,0.009848238431728709,0.02868143309087729,0.09880682333165947,0.09880682333165947,0.009848238431728709,2.710505431213761e-20,0.0,359,0.01795
coverage_formal,A,C2_Corn4D_author,1,Q3_delta,PN-NEL-FIXEDDMI,20000,19993,385,7,385,0.01925673985895063,0.01925673985895063,0.01925,0,0.0,0.0001879359121141459,1000,0.0037574026908981186,0.0037574026908981186,0.0,0.009759487508826284,0.028411739629381268,0.09089018342523425,0.09089018342523425,0.009759487508826284,0.0,0.0,444,0.0222
coverage_formal,A,C2_Corn4D_author,2,Q2_safe_delta,PN-NEL-FIXEDDMI,20000,20000,378,0,378,0.0189,0.0189,0.0189,0,0.0,0.00018213512844489515,1000,0.0036427025688979026,0.003642702568897903,4.336808689942018e-19,0.009636779282798684,0.02866251662598209,0.06338265369116713,0.06338265369116713,0.009636779282798684,2.710505431213761e-20,0.0,397,0.01985
coverage_formal,A,C2_Corn4D_author,2,Q3_delta,PN-NEL-FIXEDDMI,20000,19988,454,12,454,0.022713628176906142,0.022713628176906142,0.0227,0,0.0,0.00024615358568003663,1000,0.0049201178705725705,0.004920117870572572,1.734723475976807e-18,0.010837264032098176,0.035733084856189166,0.09331401419842696,0.09331401419842696,0.010837264032098176,5.421010862427522e-20,0.0,489,0.02445
coverage_formal,C,C0,0,Q2_safe_delta,PN-NEL-FIXEDDMI,20000,20000,128,0,128,0.0064,0.0064,0.0064,0,0.0,6.92672698475286e-05,1000,0.001385345396950572,0.0013853453969505719,2.168404344971009e-19,0.010823010913676344,0.031192192681788498,0.07851874586507367,0.07851874586507367,0.010823010913676344,0.0,0.0,137,0.00685
coverage_formal,C,C0,0,Q3_delta,PN-NEL-FIXEDDMI,20000,19996,177,4,177,0.008851770354070814,0.008851770354070814,0.00885,0,0.0,9.022056508669556e-05,1000,0.0018040504194735646,0.0018040504194735644,2.168404344971009e-19,0.010192375251263076,0.031053803059076974,0.10284826855122052,0.10284826855122052,0.010192375251263076,0.0,0.0,209,0.01045
coverage_formal,C,C0,1,Q2_safe_delta,PN-NEL-FIXEDDMI,20000,20000,154,0,154,0.0077,0.0077,0.0077,0,0.0,7.305265211695658e-05,1000,0.0014610530423391315,0.0014610530423391315,0.0,0.00948735741778657,0.024780144194321382,0.04527123522553517,0.04527123522553517,0.00948735741778657,1.3552527156068805e-20,0.0,165,0.00825
coverage_formal,C,C0,1,Q3_delta,PN-NEL-FIXEDDMI,20000,20000,264,0,264,0.0132,0.0132,0.0132,0,0.0,0.00014260230956502525,1000,0.0028520461913005054,0.002852046191300505,4.336808689942018e-19,0.01080320527007767,0.03180669502478563,0.08869108409544989,0.08869108409544989,0.01080320527007767,0.0,0.0,308,0.0154
coverage_formal,C,C0,2,Q2_safe_delta,PN-NEL-FIXEDDMI,20000,20000,121,0,121,0.00605,0.00605,0.00605,0,0.0,5.333962326171913e-05,1000,0.0010667924652343825,0.0010667924652343827,2.168404344971009e-19,0.008816466654829607,0.0277585321692102,0.06699608170006018,0.06699608170006018,0.008816466654829607,6.776263578034403e-21,0.0,130,0.0065
coverage_formal,C,C0,2,Q3_delta,PN-NEL-FIXEDDMI,20000,19991,184,9,184,0.009204141863838727,0.009204141863838727,0.0092,0,0.0,8.011710580764252e-05,1000,0.0016016210622005816,0.0016016210622005816,0.0,0.008704462294568376,0.024031009329025164,0.11027877677422901,0.11027877677422901,0.008704462294568376,2.710505431213761e-20,0.0,239,0.01195
coverage_formal,C,C1_Table6_matched,0,Q2_safe_delta,PN-NEL-FIXEDDMI,20000,20000,120,0,120,0.006,0.006,0.006,0,0.0,5.2218249422311256e-05,1000,0.0010443649884462251,0.0010443649884462251,0.0,0.00870304157038521,0.026274076083017402,0.05587684232929473,0.05587684232929473,0.00870304157038521,0.0,0.0,131,0.00655
coverage_formal,C,C1_Table6_matched,0,Q3_delta,PN-NEL-FIXEDDMI,20000,19988,153,12,153,0.007654592755653392,0.007654592755653392,0.00765,0,0.0,6.815346153202333e-05,1000,0.0013622513891020822,0.0013622513891020822,0.0,0.008903603850340407,0.031287109459101944,0.057595730555342554,0.057595730555342554,0.008903603850340407,0.0,0.0,211,0.01055
coverage_formal,C,C1_Table6_matched,1,Q2_safe_delta,PN-NEL-FIXEDDMI,20000,20000,141,0,141,0.00705,0.00705,0.00705,0,0.0,5.757188100363829e-05,1000,0.001151437620072766,0.0011514376200727659,2.168404344971009e-19,0.008166224255835219,0.027665173558351536,0.04223026223674152,0.04223026223674152,0.008166224255835219,6.776263578034403e-21,0.0,151,0.00755
coverage_formal,C,C1_Table6_matched,1,Q3_delta,PN-NEL-FIXEDDMI,20000,20000,229,0,229,0.01145,0.01145,0.01145,0,0.0,0.0001070952311588365,1000,0.0021419046231767294,0.00214190462317673,4.336808689942018e-19,0.009353295297714979,0.029405297210407823,0.07886056051558732,0.07886056051558732,0.009353295297714979,0.0,0.0,273,0.01365
coverage_formal,C,C1_Table6_matched,2,Q2_safe_delta,PN-NEL-FIXEDDMI,20000,20000,111,0,111,0.00555,0.00555,0.00555,0,0.0,5.7304099234124606e-05,1000,0.0011460819846824922,0.0011460819846824922,0.0,0.010325062925067498,0.03096655834746033,0.07960180840607961,0.07960180840607961,0.010325062925067498,6.776263578034403e-21,0.0,122,0.0061
coverage_formal,C,C1_Table6_matched,2,Q3_delta,PN-NEL-FIXEDDMI,20000,19992,174,8,174,0.008703481392557022,0.008703481392557022,0.0087,0,0.0,8.800363965191106e-05,1000,0.0017593687639210055,0.001759368763921006,4.336808689942018e-19,0.010111314735178192,0.034712793891897735,0.12404798360648833,0.12404798360648833,0.010111314735178192,2.710505431213761e-20,0.0,216,0.0108
coverage_formal,C,C2_Corn4D_author,0,Q2_safe_delta,PN-NEL-FIXEDDMI,20000,20000,127,0,127,0.00635,0.00635,0.00635,0,0.0,5.673605107600637e-05,1000,0.0011347210215201273,0.0011347210215201273,0.0,0.008934811193071867,0.030568467186470397,0.05618022907734833,0.05618022907734833,0.008934811193071867,1.3552527156068805e-20,0.0,133,0.00665
coverage_formal,C,C2_Corn4D_author,0,Q3_delta,PN-NEL-FIXEDDMI,20000,19994,171,6,171,0.00855256576973092,0.00855256576973092,0.00855,0,0.0,8.469661127585165e-05,1000,0.001693424045849378,0.001693424045849378,0.0,0.0099030645956104,0.03544941665813076,0.07502021940835947,0.07502021940835947,0.0099030645956104,2.710505431213761e-20,0.0,206,0.0103
coverage_formal,C,C2_Corn4D_author,1,Q2_safe_delta,PN-NEL-FIXEDDMI,20000,20000,113,0,113,0.00565,0.00565,0.00565,0,0.0,4.45616357039439e-05,1000,0.000891232714078878,0.000891232714078878,0.0,0.007887015168839627,0.02726871974397648,0.04939609888580549,0.04939609888580549,0.007887015168839627,1.3552527156068805e-20,0.0,128,0.0064
coverage_formal,C,C2_Corn4D_author,1,Q3_delta,PN-NEL-FIXEDDMI,20000,20000,219,0,219,0.01095,0.01095,0.01095,0,0.0,9.804128220998188e-05,1000,0.001960825644199638,0.0019608256441996375,4.336808689942018e-19,0.008953541754336245,0.02895162132597671,0.06831743819882272,0.06831743819882272,0.008953541754336245,0.0,0.0,250,0.0125
coverage_formal,C,C2_Corn4D_author,2,Q2_safe_delta,PN-NEL-FIXEDDMI,20000,20000,95,0,95,0.00475,0.00475,0.00475,0,0.0,3.8159629838745054e-05,1000,0.0007631925967749012,0.0007631925967749011,1.0842021724855044e-19,0.008033606281841063,0.027326189959916564,0.05466903833293553,0.05466903833293553,0.008033606281841063,6.776263578034403e-21,0.0,104,0.0052
coverage_formal,C,C2_Corn4D_author,2,Q3_delta,PN-NEL-FIXEDDMI,20000,19988,138,12,138,0.006904142485491295,0.006904142485491295,0.0069,0,0.0,6.08526472131711e-05,1000,0.001216322712496864,0.001216322712496864,0.0,0.008813932699252635,0.03167301844129472,0.08372721059905816,0.08372721059905816,0.008813932699252635,1.3552527156068805e-20,0.0,185,0.00925
measurement_formal,A,C0,0,Q3_ideal_delta,PN-NEL-FIXEDDMI,20000,19994,431,6,431,0.021556466940082026,0.021556466940082026,0.02155,0,0.0,0.00022239692900705082,1000,0.0044466041985669735,0.004446604198566974,8.673617379884035e-19,0.010316947096443095,0.033032225086992106,0.08567333862882154,0.08567333862882154,0.010316947096443095,0.0,0.0,472,0.0236
measurement_formal,A,C0,0,Q3_raw_noise_0p1,PN-NEL-FIXEDDMI,20000,19994,440,6,440,0.02200660198059418,0.02200660198059418,0.022,0,0.0,0.00022545900761153376,1000,0.004507827398185006,0.004507827398185006,0.0,0.010245062268602285,0.03325158187928785,0.08567333862882154,0.08567333862882154,0.010245062268602285,0.0,0.0,513,0.02565
measurement_formal,A,C0,0,Q3_raw_noise_0p5,PN-NEL-FIXEDDMI,20000,19994,540,6,540,0.02700810243072922,0.02700810243072922,0.027,0,0.0,0.00030729191368715817,1000,0.00614399452226104,0.006143994522261041,8.673617379884035e-19,0.011377767633816739,0.035664997098121806,0.07536073283258149,0.07536073283258149,0.011377767633816739,5.421010862427522e-20,0.0,1311,0.06555
measurement_formal,A,C0,0,Q3_postmean_0p1,PN-NEL-FIXEDDMI,20000,19994,434,6,434,0.021706511953586076,0.021706511953586076,0.0217,0,0.0,0.00021866864793996745,1000,0.004372060946911709,0.004372060946911709,0.0,0.01007387314956615,0.03296909107218955,0.08567333862882154,0.08567333862882154,0.01007387314956615,0.0,0.0,521,0.02605
measurement_formal,A,C0,0,Q3_postmean_0p5,PN-NEL-FIXEDDMI,20000,19994,425,6,425,0.021256376913073922,0.021256376913073922,0.02125,0,0.0,0.00020531331762066506,1000,0.004105034472507577,0.004105034472507577,0.0,0.009658904641194298,0.028890345661148575,0.05877133298567467,0.05877133298567467,0.009658904641194298,0.0,0.0,2081,0.10405
measurement_formal,A,C0,0,Q3_postUA_0p1,PN-NEL-FIXEDDMI,20000,19994,448,6,448,0.02240672201660498,0.02240672201660498,0.0224,0,0.0,0.00023139828689299844,1000,0.004626577348138611,0.004626577348138611,0.0,0.010327181580666542,0.03335850279473548,0.08567333862882154,0.08567333862882154,0.010327181580666542,0.0,0.0,500,0.025
measurement_formal,A,C0,0,Q3_postUA_0p5,PN-NEL-FIXEDDMI,20000,19994,706,6,706,0.03531059317795339,0.03531059317795339,0.0353,0,0.0,0.0003880310257632849,1000,0.007758292329111118,0.0077582923291111185,8.673617379884035e-19,0.010989082619137561,0.03417088588221991,0.08567333862882154,0.08567333862882154,0.010989082619137561,5.421010862427522e-20,0.0,839,0.04195
measurement_formal,A,C0,0,Q2_ideal_delta,PN-NEL-FIXEDDMI,20000,20000,375,0,375,0.01875,0.01875,0.01875,0,0.0,0.0001874429028170322,1000,0.0037488580563406443,0.003748858056340644,4.336808689942018e-19,0.009996954816908385,0.031227675854548245,0.09322131497747112,0.09322131497747112,0.009996954816908385,2.710505431213761e-20,0.0,398,0.0199
measurement_formal,A,C0,0,Q2_postUA_0p1,PN-NEL-FIXEDDMI,20000,19999,411,1,411,0.020551027551377568,0.020551027551377568,0.02055,0,0.0,0.00020166395332151958,1000,0.00403307740247707,0.00403307740247707,0.0,0.009812840395321338,0.030992861118264436,0.09322131497747112,0.09322131497747112,0.009812840395321338,2.710505431213761e-20,0.0,437,0.02185
measurement_formal,A,C0,0,Q2_postUA_0p5,PN-NEL-FIXEDDMI,20000,19994,629,6,629,0.031459437831349406,0.031459437831349406,0.03145,0,0.0,0.00033324347697693093,1000,0.006662870078676758,0.0066628700786767565,1.734723475976807e-18,0.010592798217292141,0.032491702772800925,0.06548260568757774,0.06548260568757774,0.010592798217292141,0.0,0.0,731,0.03655
measurement_formal,A,C0,1,Q3_ideal_delta,PN-NEL-FIXEDDMI,20000,19991,438,9,438,0.021909859436746535,0.021909859436746535,0.0219,0,0.0,0.0002310710501123337,1000,0.004619341362795663,0.004619341362795663,0.0,0.010546441467570007,0.03174562312823312,0.09375146782684618,0.09375146782684618,0.010546441467570007,0.0,0.0,496,0.0248
measurement_formal,A,C0,1,Q3_raw_noise_0p1,PN-NEL-FIXEDDMI,20000,19991,440,9,440,0.022009904457005652,0.022009904457005652,0.022,0,0.0,0.0002341010670918096,1000,0.004679914432232366,0.004679914432232366,0.0,0.010636169164164468,0.0324969732034372,0.09679859476282104,0.09679859476282104,0.010636169164164468,0.0,0.0,522,0.0261
measurement_formal,A,C0,1,Q3_raw_noise_0p5,PN-NEL-FIXEDDMI,20000,19991,548,9,548,0.027412335550997948,0.027412335550997948,0.0274,0,0.0,0.00031336998099201015,1000,0.006264579290011275,0.006264579290011275,0.0,0.011431714032867288,0.033386654673864515,0.09679859476282104,0.09679859476282104,0.011431714032867288,5.421010862427522e-20,0.0,1338,0.0669
measurement_formal,A,C0,1,Q3_postmean_0p1,PN-NEL-FIXEDDMI,20000,19991,437,9,437,0.021859836926616978,0.021859836926616978,0.02185,0,0.0,0.0002332051646094804,1000,0.004662004445708122,0.004662004445708122,0.0,0.010668202392924766,0.03251753146610989,0.09679859476282104,0.09679859476282104,0.010668202392924766,0.0,0.0,523,0.02615
measurement_formal,A,C0,1,Q3_postmean_0p5,PN-NEL-FIXEDDMI,20000,19991,428,9,428,0.021409634335450952,0.021409634335450952,0.0214,0,0.0,0.00020137787983381516,1000,0.004025745195757799,0.004025745195757799,0.0,0.009405946719060278,0.029670902230080266,0.06264580135476883,0.06264580135476883,0.009405946719060278,0.0,0.0,2121,0.10605
measurement_formal,A,C0,1,Q3_postUA_0p1,PN-NEL-FIXEDDMI,20000,19991,457,9,457,0.022860287129208144,0.022860287129208144,0.02285,0,0.0,0.00024378727096562597,1000,0.004873551333873829,0.004873551333873829,0.0,0.010664226113509473,0.03266968098201195,0.09679859476282104,0.09679859476282104,0.010664226113509473,2.710505431213761e-20,0.0,520,0.026
measurement_formal,A,C0,1,Q3_postUA_0p5,PN-NEL-FIXEDDMI,20000,19991,686,9,686,0.03431544194887699,0.03431544194887699,0.0343,0,0.0,0.00038409560147569346,1000,0.007678455169100588,0.0076784551691005875,8.673617379884035e-19,0.011193083336881323,0.03297304921621213,0.07686387566086174,0.07686387566086174,0.011193083336881323,5.421010862427522e-20,0.0,832,0.0416
measurement_formal,A,C0,1,Q2_ideal_delta,PN-NEL-FIXEDDMI,20000,20000,365,0,365,0.01825,0.01825,0.01825,0,0.0,0.0001898873295764727,1000,0.0037977465915294533,0.0037977465915294537,4.336808689942018e-19,0.010404785182272476,0.03271684280303814,0.05600137138421982,0.05600137138421982,0.010404785182272476,0.0,0.0,383,0.01915
measurement_formal,A,C0,1,Q2_postUA_0p1,PN-NEL-FIXEDDMI,20000,20000,374,0,374,0.0187,0.0187,0.0187,0,0.0,0.0002000223826471961,1000,0.004000447652943923,0.004000447652943922,8.673617379884035e-19,0.01069638409878054,0.03266640496403403,0.05600137138421982,0.05600137138421982,0.01069638409878054,2.710505431213761e-20,0.0,401,0.02005
measurement_formal,A,C0,1,Q2_postUA_0p5,PN-NEL-FIXEDDMI,20000,19991,620,9,620,0.031013956280326146,0.031013956280326146,0.031,0,0.0,0.0003301305144943106,1000,0.006599639115255764,0.006599639115255762,1.734723475976807e-18,0.010644579218154458,0.03169119234907893,0.0647773735782369,0.0647773735782369,0.010644579218154458,5.421010862427522e-20,0.0,722,0.0361
measurement_formal,A,C0,2,Q3_ideal_delta,PN-NEL-FIXEDDMI,20000,19995,452,5,452,0.022605651412853214,0.022605651412853214,0.0226,0,0.0,0.0002298189543384029,1000,0.004595229991996365,0.004595229991996366,8.673617379884035e-19,0.010166438035390189,0.0325897283332797,0.11494817008239255,0.11494817008239255,0.010166438035390189,0.0,0.0,494,0.0247
measurement_formal,A,C0,2,Q3_raw_noise_0p1,PN-NEL-FIXEDDMI,20000,19995,448,5,448,0.022405601400350087,0.022405601400350087,0.0224,0,0.0,0.0002220365976823482,1000,0.004439621770658552,0.004439621770658552,0.0,0.009909870023791411,0.03483250892212754,0.09242584932235312,0.09242584932235312,0.009909870023791411,0.0,0.0,520,0.026
measurement_formal,A,C0,2,Q3_raw_noise_0p5,PN-NEL-FIXEDDMI,20000,19995,542,5,542,0.027106776694173544,0.027106776694173544,0.0271,0,0.0,0.00029757427489761346,1000,0.00594999762657778,0.005949997626577781,8.673617379884035e-19,0.010977855399590002,0.033777738129618054,0.10010462513251413,0.10010462513251413,0.010977855399590002,0.0,0.0,1244,0.0622
measurement_formal,A,C0,2,Q3_postmean_0p1,PN-NEL-FIXEDDMI,20000,19995,446,5,446,0.022305576394098525,0.022305576394098525,0.0223,0,0.0,0.00021937628713429978,1000,0.004386428861250324,0.004386428861250324,0.0,0.009835042289798932,0.03377621265894851,0.09242584932235312,0.09242584932235312,0.009835042289798932,2.710505431213761e-20,0.0,525,0.02625
measurement_formal,A,C0,2,Q3_postmean_0p5,PN-NEL-FIXEDDMI,20000,19995,453,5,453,0.022655663915978994,0.022655663915978994,0.02265,0,0.0,0.00019717114364785446,1000,0.003942437017238849,0.00394243701723885,8.673617379884035e-19,0.008702951472933443,0.02717368080056966,0.07749920980849073,0.07749920980849073,0.008702951472933443,2.710505431213761e-20,0.0,2100,0.105
measurement_formal,A,C0,2,Q3_postUA_0p1,PN-NEL-FIXEDDMI,20000,19995,465,5,465,0.023255813953488372,0.023255813953488372,0.02325,0,0.0,0.0002263638082225414,1000,0.004526144345409716,0.004526144345409716,0.0,0.00973364375356928,0.033142972971749673,0.09242584932235312,0.09242584932235312,0.00973364375356928,0.0,0.0,514,0.0257
measurement_formal,A,C0,2,Q3_postUA_0p5,PN-NEL-FIXEDDMI,20000,19995,719,5,719,0.03595898974743686,0.03595898974743686,0.03595,0,0.0,0.0003699998919287826,1000,0.007398147839116009,0.007398147839116008,8.673617379884035e-19,0.010289496299187772,0.029469599838092636,0.10010462513251413,0.10010462513251413,0.010289496299187772,0.0,0.0,840,0.042
measurement_formal,A,C0,2,Q2_ideal_delta,PN-NEL-FIXEDDMI,20000,20000,345,0,345,0.01725,0.01725,0.01725,0,0.0,0.00016141672679813955,1000,0.003228334535962791,0.003228334535962791,0.0,0.0093574914085878,0.02917557595877439,0.0690328334504017,0.0690328334504017,0.0093574914085878,0.0,0.0,361,0.01805
measurement_formal,A,C0,2,Q2_postUA_0p1,PN-NEL-FIXEDDMI,20000,19999,374,1,374,0.018700935046752337,0.018700935046752337,0.0187,0,0.0,0.000167668724816206,1000,0.003353206827599304,0.0033532068275993034,4.336808689942018e-19,0.008965793656682632,0.028823352584446994,0.06310914093417497,0.06310914093417497,0.008965793656682632,2.710505431213761e-20,0.0,397,0.01985
measurement_formal,A,C0,2,Q2_postUA_0p5,PN-NEL-FIXEDDMI,20000,19995,604,5,604,0.030207551887971994,0.030207551887971994,0.0302,0,0.0,0.00029783903959002065,1000,0.005955291596602463,0.005955291596602463,0.0,0.009859754299010702,0.029421953083811375,0.06310914093417497,0.06310914093417497,0.009859754299010702,5.421010862427522e-20,0.0,699,0.03495
measurement_formal,C,C0,0,Q3_ideal_delta,PN-NEL-FIXEDDMI,20000,19989,158,11,158,0.007904347391065086,0.007904347391065086,0.0079,0,0.0,8.916636254908097e-05,1000,0.0017823464209935794,0.0017823464209935796,2.168404344971009e-19,0.011280673550592275,0.03858762988061772,0.05974505756963078,0.05974505756963078,0.011280673550592275,1.3552527156068805e-20,0.0,209,0.01045
measurement_formal,C,C0,0,Q3_raw_noise_0p1,PN-NEL-FIXEDDMI,20000,19989,164,11,164,0.008204512481865026,0.008204512481865026,0.0082,0,0.0,9.709114633819016e-05,1000,0.0019407549241540834,0.0019407549241540832,2.168404344971009e-19,0.011833871488744409,0.03799511805092829,0.08848443262905628,0.08848443262905628,0.011833871488744409,0.0,0.0,230,0.0115
measurement_formal,C,C0,0,Q3_raw_noise_0p5,PN-NEL-FIXEDDMI,20000,19989,223,11,223,0.011156135874731103,0.011156135874731103,0.01115,0,0.0,0.0001363197937864455,1000,0.0027248963579972587,0.002724896357997259,4.336808689942018e-19,0.012219266179359905,0.040240240836068315,0.08848443262905628,0.08848443262905628,0.012219266179359905,0.0,0.0,899,0.04495
measurement_formal,C,C0,0,Q3_postmean_0p1,PN-NEL-FIXEDDMI,20000,19989,163,11,163,0.008154484966731702,0.008154484966731702,0.00815,0,0.0,9.352249419250878e-05,1000,0.0018694211364140578,0.001869421136414058,2.168404344971009e-19,0.011468841327693607,0.03801749262279383,0.08848443262905628,0.08848443262905628,0.011468841327693607,1.3552527156068805e-20,0.0,238,0.0119
measurement_formal,C,C0,0,Q3_postmean_0p5,PN-NEL-FIXEDDMI,20000,19989,146,11,146,0.007304017209465206,0.007304017209465206,0.0073,0,0.0,6.876149606713682e-05,1000,0.0013744735448859978,0.0013744735448859978,0.0,0.009414202362232862,0.029982240930338043,0.08848443262905628,0.08848443262905628,0.009414202362232862,0.0,0.0,1687,0.08435
measurement_formal,C,C0,0,Q3_postUA_0p1,PN-NEL-FIXEDDMI,20000,19989,176,11,176,0.008804842663464907,0.008804842663464907,0.0088,0,0.0,0.0001037442903112203,1000,0.0020737446190309825,0.0020737446190309825,0.0,0.011782639880857853,0.03772662318854191,0.08848443262905628,0.08848443262905628,0.011782639880857853,1.3552527156068805e-20,0.0,224,0.0112
measurement_formal,C,C0,0,Q3_postUA_0p5,PN-NEL-FIXEDDMI,20000,19989,292,11,292,0.014608034418930412,0.014608034418930412,0.0146,0,0.0,0.0001619354665614546,1000,0.0032369280410969163,0.0032369280410969163,0.0,0.011085370003756562,0.037294429302639355,0.08848443262905628,0.08848443262905628,0.011085370003756562,0.0,0.0,429,0.02145
measurement_formal,C,C0,0,Q2_ideal_delta,PN-NEL-FIXEDDMI,20000,20000,113,0,113,0.00565,0.00565,0.00565,0,0.0,5.739821323276859e-05,1000,0.001147964264655372,0.0011479642646553719,2.168404344971009e-19,0.010158975793410373,0.03582925404081346,0.04805401356564431,0.04805401356564431,0.010158975793410373,1.3552527156068805e-20,0.0,125,0.00625
measurement_formal,C,C0,0,Q2_postUA_0p1,PN-NEL-FIXEDDMI,20000,19998,120,2,120,0.006000600060006,0.006000600060006,0.006,0,0.0,6.463702174900774e-05,1000,0.001292611160936657,0.001292611160936657,0.0,0.01077175967447214,0.04158485046045398,0.05390087492443204,0.05390087492443204,0.01077175967447214,1.3552527156068805e-20,0.0,133,0.00665
measurement_formal,C,C0,0,Q2_postUA_0p5,PN-NEL-FIXEDDMI,20000,19989,251,11,251,0.012556906298464156,0.012556906298464156,0.01255,0,0.0,0.00012372279987464245,1000,0.0024730950466942277,0.002473095046694228,4.336808689942018e-19,0.00985296831352282,0.027207268129742754,0.06542200180505114,0.06542200180505114,0.00985296831352282,0.0,0.0,322,0.0161
measurement_formal,C,C0,1,Q3_ideal_delta,PN-NEL-FIXEDDMI,20000,20000,196,0,196,0.0098,0.0098,0.0098,0,0.0,0.00010560925693654894,1000,0.002112185138730979,0.002112185138730979,0.0,0.01077645478944377,0.034491960056649854,0.06317797236668958,0.06317797236668958,0.01077645478944377,0.0,0.0,240,0.012
measurement_formal,C,C0,1,Q3_raw_noise_0p1,PN-NEL-FIXEDDMI,20000,19997,217,3,217,0.010851627744161624,0.010851627744161624,0.01085,0,0.0,0.00011397122159799745,1000,0.002279082518295155,0.002279082518295155,0.0,0.01050268441610671,0.034294782618175396,0.06317797236668958,0.06317797236668958,0.01050268441610671,4.0657581468206416e-20,0.0,282,0.0141
measurement_formal,C,C0,1,Q3_raw_noise_0p5,PN-NEL-FIXEDDMI,20000,19995,282,5,282,0.014103525881470368,0.014103525881470368,0.0141,0,0.0,0.00015794133638503618,1000,0.0031580370210187985,0.0031580370210187985,0.0,0.011198712840492194,0.03496041947132743,0.0706026681433109,0.0706026681433109,0.011198712840492194,2.710505431213761e-20,0.0,803,0.04015
measurement_formal,C,C0,1,Q3_postmean_0p1,PN-NEL-FIXEDDMI,20000,19997,216,3,216,0.010801620243036455,0.010801620243036455,0.0108,0,0.0,0.00011342646176035029,1000,0.0022681889558217247,0.0022681889558217247,0.0,0.010500874795470946,0.03430121317909431,0.06317797236668958,0.06317797236668958,0.010500874795470946,1.3552527156068805e-20,0.0,288,0.0144
measurement_formal,C,C0,1,Q3_postmean_0p5,PN-NEL-FIXEDDMI,20000,19992,223,8,223,0.011154461784713885,0.011154461784713885,0.01115,0,0.0,0.00010977958185092216,1000,0.0021947134003636355,0.002194713400363636,4.336808689942018e-19,0.009841764127191191,0.03063856036536589,0.05049263679431334,0.05049263679431334,0.009841764127191191,1.3552527156068805e-20,0.0,1283,0.06415
measurement_formal,C,C0,1,Q3_postUA_0p1,PN-NEL-FIXEDDMI,20000,19997,224,3,224,0.011201680252037806,0.011201680252037806,0.0112,0,0.0,0.00011764997061159489,1000,0.0023526464623200628,0.002352646462320063,4.336808689942018e-19,0.010502885992500282,0.03437837991012124,0.06317797236668958,0.06317797236668958,0.010502885992500282,0.0,0.0,270,0.0135
measurement_formal,C,C0,1,Q3_postUA_0p5,PN-NEL-FIXEDDMI,20000,19992,340,8,340,0.017006802721088437,0.017006802721088437,0.017,0,0.0,0.00018404495493538022,1000,0.003679426739068121,0.0036794267390681213,4.336808689942018e-19,0.010821843350200356,0.03297428058729477,0.07497056416338084,0.07497056416338084,0.010821843350200356,0.0,0.0,478,0.0239
measurement_formal,C,C0,1,Q2_ideal_delta,PN-NEL-FIXEDDMI,20000,20000,138,0,138,0.0069,0.0069,0.0069,0,0.0,6.219220628881466e-05,1000,0.001243844125776293,0.0012438441257762933,2.168404344971009e-19,0.009013363230262994,0.029942630644336544,0.04503366200802718,0.04503366200802718,0.009013363230262994,0.0,0.0,151,0.00755
measurement_formal,C,C0,1,Q2_postUA_0p1,PN-NEL-FIXEDDMI,20000,19997,147,3,147,0.00735110266539981,0.00735110266539981,0.00735,0,0.0,6.964082062181273e-05,1000,0.0013926074899743893,0.0013926074899743893,0.0,0.009473520339961832,0.027664001407415355,0.04581369953083538,0.04581369953083538,0.009473520339961832,0.0,0.0,166,0.0083
measurement_formal,C,C0,1,Q2_postUA_0p5,PN-NEL-FIXEDDMI,20000,19992,259,8,259,0.012955182072829132,0.012955182072829132,0.01295,0,0.0,0.00012678127468660725,1000,0.002534611243534652,0.002534611243534652,0.0,0.009786143797431089,0.029924581871512604,0.06848778883734552,0.06848778883734552,0.009786143797431089,0.0,0.0,335,0.01675
measurement_formal,C,C0,2,Q3_ideal_delta,PN-NEL-FIXEDDMI,20000,19992,185,8,185,0.009253701480592237,0.009253701480592237,0.00925,0,0.0,0.00010069109956458691,1000,0.0020130164624952217,0.0020130164624952217,0.0,0.01088117006754174,0.036647248000786385,0.0750141988238657,0.0750141988238657,0.01088117006754174,2.710505431213761e-20,0.0,221,0.01105
measurement_formal,C,C0,2,Q3_raw_noise_0p1,PN-NEL-FIXEDDMI,20000,19992,185,8,185,0.009253701480592237,0.009253701480592237,0.00925,0,0.0,0.00011535859665806092,1000,0.0023062490643879544,0.002306249064387954,4.336808689942018e-19,0.012466211158853805,0.04890340645966653,0.0750141988238657,0.0750141988238657,0.012466211158853805,0.0,0.0,254,0.0127
measurement_formal,C,C0,2,Q3_raw_noise_0p5,PN-NEL-FIXEDDMI,20000,19992,259,8,259,0.012955182072829132,0.012955182072829132,0.01295,0,0.0,0.00017278928642292275,1000,0.003454403414167071,0.0034544034141670717,8.673617379884035e-19,0.01333746491956398,0.0525416206570688,0.12029956073787777,0.12029956073787777,0.01333746491956398,2.710505431213761e-20,0.0,896,0.0448
measurement_formal,C,C0,2,Q3_postmean_0p1,PN-NEL-FIXEDDMI,20000,19992,180,8,180,0.00900360144057623,0.00900360144057623,0.009,0,0.0,0.00011075774213298748,1000,0.002214268780722686,0.002214268780722686,0.0,0.012301493226237144,0.04121278733890994,0.0750141988238657,0.0750141988238657,0.012301493226237144,0.0,0.0,259,0.01295
measurement_formal,C,C0,2,Q3_postmean_0p5,PN-NEL-FIXEDDMI,20000,19992,173,8,173,0.008653461384553822,0.008653461384553822,0.00865,0,0.0,7.519957809218981e-05,1000,0.0015033899652190587,0.0015033899652190587,0.0,0.00869011540589051,0.030949990971224365,0.08811946089407367,0.08811946089407367,0.00869011540589051,1.3552527156068805e-20,0.0,1521,0.07605
measurement_formal,C,C0,2,Q3_postUA_0p1,PN-NEL-FIXEDDMI,20000,19992,199,8,199,0.009953981592637055,0.009953981592637055,0.00995,0,0.0,0.00012645114094550142,1000,0.0025280112097824637,0.0025280112097824646,8.673617379884035e-19,0.012703573918504844,0.05185855579463389,0.0750141988238657,0.0750141988238657,0.012703573918504844,2.710505431213761e-20,0.0,244,0.0122
measurement_formal,C,C0,2,Q3_postUA_0p5,PN-NEL-FIXEDDMI,20000,19992,333,8,333,0.016656662665066026,0.016656662665066026,0.01665,0,0.0,0.0001879314739137691,1000,0.0037571260264840723,0.0037571260264840723,0.0,0.011282660740192409,0.038211161792229026,0.12029956073787777,0.12029956073787777,0.011282660740192409,0.0,0.0,468,0.0234
measurement_formal,C,C0,2,Q2_ideal_delta,PN-NEL-FIXEDDMI,20000,20000,135,0,135,0.00675,0.00675,0.00675,0,0.0,6.040059836335823e-05,1000,0.0012080119672671643,0.0012080119672671645,2.168404344971009e-19,0.008948236794571589,0.026394966497582446,0.04868814268585809,0.04868814268585809,0.008948236794571589,0.0,0.0,140,0.007
measurement_formal,C,C0,2,Q2_postUA_0p1,PN-NEL-FIXEDDMI,20000,19997,146,3,146,0.007301095164274641,0.007301095164274641,0.0073,0,0.0,6.400788264179986e-05,1000,0.001279965629188072,0.0012799656291880717,2.168404344971009e-19,0.008766887871151178,0.029050385486415885,0.04868814268585809,0.04868814268585809,0.008766887871151178,1.3552527156068805e-20,0.0,158,0.0079
measurement_formal,C,C0,2,Q2_postUA_0p5,PN-NEL-FIXEDDMI,20000,19992,272,8,272,0.013605442176870748,0.013605442176870748,0.0136,0,0.0,0.0001341226290445648,1000,0.0026813795998589397,0.0026813795998589397,0.0,0.009858013234775516,0.0316910919865555,0.08626744931198381,0.08626744931198381,0.009858013234775516,2.710505431213761e-20,0.0,337,0.01685
