arm,row_type,evaluation_world,world_label,target_alpha,n_roots,n_roots_nonempty,state,median_premium_pct_all_roots,premium_min_pct_nonempty_roots,premium_max_pct_nonempty_roots,cell_text,root_k,set_in_run,n_members,n_entries_attempted,set_nonempty,min_attainable_rate_upper,min_attainable_cp_upper,min_attainable_label,min_attainable_source,cheapest_label,cheapest_method_family,cheapest_family_label,cheapest_N,cheapest_training_setting,cheapest_cell_id,cheapest_cost_premium_pct,cheapest_rate_upper,cheapest_cp_upper,cell_id,label,m0_rate_lower,m0_rate_upper,m0_cp_upper,m0_rate_upper_min,m0_rate_upper_max
R0,cell,SD-H0,TAB,0.1,3.0,0.0,none,,,,,,,,,,,,,,,,,,,,,,,,,,,,,
R0,cell,SD-H0,TAB,0.05,3.0,0.0,none,,,,,,,,,,,,,,,,,,,,,,,,,,,,,
R0,cell,SD-H0,TAB,0.01,3.0,0.0,none,,,,,,,,,,,,,,,,,,,,,,,,,,,,,
R0,cell,SD-SRC12,SRC12,0.1,3.0,0.0,none,,,,,,,,,,,,,,,,,,,,,,,,,,,,,
R0,cell,SD-SRC12,SRC12,0.05,3.0,0.0,none,,,,,,,,,,,,,,,,,,,,,,,,,,,,,
R0,cell,SD-SRC12,SRC12,0.01,3.0,0.0,none,,,,,,,,,,,,,,,,,,,,,,,,,,,,,
R0,cell,SD-SRC14,SRC14,0.1,3.0,0.0,none,,,,,,,,,,,,,,,,,,,,,,,,,,,,,
R0,cell,SD-SRC14,SRC14,0.05,3.0,0.0,none,,,,,,,,,,,,,,,,,,,,,,,,,,,,,
R0,cell,SD-SRC14,SRC14,0.01,3.0,0.0,none,,,,,,,,,,,,,,,,,,,,,,,,,,,,,
R0,cell,SD-12MO,MO12,0.1,3.0,0.0,none,,,,,,,,,,,,,,,,,,,,,,,,,,,,,
R0,cell,SD-12MO,MO12,0.05,3.0,0.0,none,,,,,,,,,,,,,,,,,,,,,,,,,,,,,
R0,cell,SD-12MO,MO12,0.01,3.0,0.0,none,,,,,,,,,,,,,,,,,,,,,,,,,,,,,
R0,cell,SD-S2,NARROW,0.1,3.0,0.0,none,,,,,,,,,,,,,,,,,,,,,,,,,,,,,
R0,cell,SD-S2,NARROW,0.05,3.0,0.0,none,,,,,,,,,,,,,,,,,,,,,,,,,,,,,
R0,cell,SD-S2,NARROW,0.01,3.0,0.0,none,,,,,,,,,,,,,,,,,,,,,,,,,,,,,
A,cell,SD-H0,TAB,0.1,3.0,0.0,none,,,,,,,,,,,,,,,,,,,,,,,,,,,,,
A,cell,SD-H0,TAB,0.05,3.0,0.0,none,,,,,,,,,,,,,,,,,,,,,,,,,,,,,
A,cell,SD-H0,TAB,0.01,3.0,0.0,none,,,,,,,,,,,,,,,,,,,,,,,,,,,,,
A,cell,SD-SRC12,SRC12,0.1,3.0,3.0,all,15.416983400497465,15.232185213344994,15.997972145741922,15.4%,,,,,,,,,,,,,,,,,,,,,,,,,
A,cell,SD-SRC12,SRC12,0.05,3.0,1.0,some,,17.067786989480304,17.067786989480304,1/3,,,,,,,,,,,,,,,,,,,,,,,,,
A,cell,SD-SRC12,SRC12,0.01,3.0,0.0,none,,,,,,,,,,,,,,,,,,,,,,,,,,,,,
A,cell,SD-SRC14,SRC14,0.1,3.0,3.0,all,15.232185213344994,15.201498503486,15.416983400497465,15.2%,,,,,,,,,,,,,,,,,,,,,,,,,
A,cell,SD-SRC14,SRC14,0.05,3.0,3.0,all,17.193369268251878,17.067786989480304,17.23358002312081,17.2%,,,,,,,,,,,,,,,,,,,,,,,,,
A,cell,SD-SRC14,SRC14,0.01,3.0,0.0,none,,,,,,,,,,,,,,,,,,,,,,,,,,,,,
A,cell,SD-12MO,MO12,0.1,3.0,3.0,all,9.092092029129727,9.074063223987983,9.261019056708797,9.1%,,,,,,,,,,,,,,,,,,,,,,,,,
A,cell,SD-12MO,MO12,0.05,3.0,3.0,all,10.666240900555767,10.41785581160708,10.978430808906015,10.7%,,,,,,,,,,,,,,,,,,,,,,,,,
A,cell,SD-12MO,MO12,0.01,3.0,3.0,all,13.293039966672659,12.734099439253278,14.60423887696145,13.3%,,,,,,,,,,,,,,,,,,,,,,,,,
A,cell,SD-S2,NARROW,0.1,3.0,3.0,all,9.092092029129727,9.074063223987983,9.261019056708797,9.1%,,,,,,,,,,,,,,,,,,,,,,,,,
A,cell,SD-S2,NARROW,0.05,3.0,3.0,all,10.666240900555767,10.41785581160708,10.978430808906015,10.7%,,,,,,,,,,,,,,,,,,,,,,,,,
A,cell,SD-S2,NARROW,0.01,3.0,3.0,all,13.293039966672659,12.734099439253278,14.60423887696145,13.3%,,,,,,,,,,,,,,,,,,,,,,,,,
B,cell,SD-H0,TAB,0.1,3.0,0.0,none,,,,,,,,,,,,,,,,,,,,,,,,,,,,,
B,cell,SD-H0,TAB,0.05,3.0,0.0,none,,,,,,,,,,,,,,,,,,,,,,,,,,,,,
B,cell,SD-H0,TAB,0.01,3.0,0.0,none,,,,,,,,,,,,,,,,,,,,,,,,,,,,,
B,cell,SD-SRC12,SRC12,0.1,3.0,0.0,none,,,,,,,,,,,,,,,,,,,,,,,,,,,,,
B,cell,SD-SRC12,SRC12,0.05,3.0,0.0,none,,,,,,,,,,,,,,,,,,,,,,,,,,,,,
B,cell,SD-SRC12,SRC12,0.01,3.0,0.0,none,,,,,,,,,,,,,,,,,,,,,,,,,,,,,
B,cell,SD-SRC14,SRC14,0.1,3.0,0.0,none,,,,,,,,,,,,,,,,,,,,,,,,,,,,,
B,cell,SD-SRC14,SRC14,0.05,3.0,0.0,none,,,,,,,,,,,,,,,,,,,,,,,,,,,,,
B,cell,SD-SRC14,SRC14,0.01,3.0,0.0,none,,,,,,,,,,,,,,,,,,,,,,,,,,,,,
B,cell,SD-12MO,MO12,0.1,3.0,0.0,none,,,,,,,,,,,,,,,,,,,,,,,,,,,,,
B,cell,SD-12MO,MO12,0.05,3.0,0.0,none,,,,,,,,,,,,,,,,,,,,,,,,,,,,,
B,cell,SD-12MO,MO12,0.01,3.0,0.0,none,,,,,,,,,,,,,,,,,,,,,,,,,,,,,
B,cell,SD-S2,NARROW,0.1,3.0,0.0,none,,,,,,,,,,,,,,,,,,,,,,,,,,,,,
B,cell,SD-S2,NARROW,0.05,3.0,0.0,none,,,,,,,,,,,,,,,,,,,,,,,,,,,,,
B,cell,SD-S2,NARROW,0.01,3.0,0.0,none,,,,,,,,,,,,,,,,,,,,,,,,,,,,,
C,cell,SD-H0,TAB,0.1,3.0,0.0,none,,,,,,,,,,,,,,,,,,,,,,,,,,,,,
C,cell,SD-H0,TAB,0.05,3.0,0.0,none,,,,,,,,,,,,,,,,,,,,,,,,,,,,,
C,cell,SD-H0,TAB,0.01,3.0,0.0,none,,,,,,,,,,,,,,,,,,,,,,,,,,,,,
C,cell,SD-SRC12,SRC12,0.1,3.0,3.0,all,15.449598916312635,15.433266087878405,15.594826058238965,15.4%,,,,,,,,,,,,,,,,,,,,,,,,,
C,cell,SD-SRC12,SRC12,0.05,3.0,3.0,all,22.770578736396253,17.028151754153043,23.291695678558067,22.8%,,,,,,,,,,,,,,,,,,,,,,,,,
C,cell,SD-SRC12,SRC12,0.01,3.0,0.0,none,,,,,,,,,,,,,,,,,,,,,,,,,,,,,
C,cell,SD-SRC14,SRC14,0.1,3.0,3.0,all,15.449598916312635,15.433266087878405,15.594826058238965,15.4%,,,,,,,,,,,,,,,,,,,,,,,,,
C,cell,SD-SRC14,SRC14,0.05,3.0,3.0,all,17.009109229881545,16.97563119720136,17.028151754153043,17.0%,,,,,,,,,,,,,,,,,,,,,,,,,
C,cell,SD-SRC14,SRC14,0.01,3.0,3.0,all,20.591899942881618,20.282058700559723,30.097009180541544,20.6%,,,,,,,,,,,,,,,,,,,,,,,,,
C,cell,SD-12MO,MO12,0.1,3.0,3.0,all,9.240376301349485,9.230217736995217,9.292177587717031,9.2%,,,,,,,,,,,,,,,,,,,,,,,,,
C,cell,SD-12MO,MO12,0.05,3.0,3.0,all,10.449163150355535,10.434213782246605,10.711563833955928,10.4%,,,,,,,,,,,,,,,,,,,,,,,,,
C,cell,SD-12MO,MO12,0.01,3.0,2.0,some,,13.050255234135633,15.93510578752786,2/3,,,,,,,,,,,,,,,,,,,,,,,,,
C,cell,SD-S2,NARROW,0.1,3.0,3.0,all,9.240376301349485,9.230217736995217,9.292177587717031,9.2%,,,,,,,,,,,,,,,,,,,,,,,,,
C,cell,SD-S2,NARROW,0.05,3.0,3.0,all,10.449163150355535,10.434213782246605,10.711563833955928,10.4%,,,,,,,,,,,,,,,,,,,,,,,,,
C,cell,SD-S2,NARROW,0.01,3.0,3.0,all,13.772533515904751,13.050255234135633,16.796219115929567,13.8%,,,,,,,,,,,,,,,,,,,,,,,,,
R0,root,SD-H0,TAB,0.1,,,,,,,,0.0,True,0.0,63.0,False,0.9066,0.911348401844851,SDS2_PART6P5:M2[N=128]@alpha=0.1,per_method_report.csv:grid_min_rate_upper (entries only),,,,,,,,,,,,,,,,
R0,root,SD-H0,TAB,0.1,,,,,,,,1.0,True,0.0,35.0,False,0.9581,0.961346464886179,SD12MO_MAIN9:M0,per_method_report.csv:grid_min_rate_upper (entries only),,,,,,,,,,,,,,,,
R0,root,SD-H0,TAB,0.1,,,,,,,,2.0,True,0.0,35.0,False,0.9564,0.9597100487962972,SD12MO_MAIN9:M0,per_method_report.csv:grid_min_rate_upper (entries only),,,,,,,,,,,,,,,,
R0,root,SD-H0,TAB,0.05,,,,,,,,0.0,True,0.0,63.0,False,0.9288,0.9329871027568792,SDS2_PART6P5:M3b[factory box]@alpha=0.05,per_method_report.csv:grid_min_rate_upper (entries only),,,,,,,,,,,,,,,,
R0,root,SD-H0,TAB,0.05,,,,,,,,1.0,True,0.0,35.0,False,0.9581,0.961346464886179,SD12MO_MAIN9:M0,per_method_report.csv:grid_min_rate_upper (entries only),,,,,,,,,,,,,,,,
R0,root,SD-H0,TAB,0.05,,,,,,,,2.0,True,0.0,35.0,False,0.9564,0.9597100487962972,SD12MO_MAIN9:M0,per_method_report.csv:grid_min_rate_upper (entries only),,,,,,,,,,,,,,,,
R0,root,SD-H0,TAB,0.01,,,,,,,,0.0,True,0.0,63.0,False,0.9288,0.9329871027568792,SDS2_PART6P5:M3b[factory box]@alpha=0.01,per_method_report.csv:grid_min_rate_upper (entries only),,,,,,,,,,,,,,,,
R0,root,SD-H0,TAB,0.01,,,,,,,,1.0,True,0.0,35.0,False,0.9581,0.961346464886179,SD12MO_MAIN9:M0,per_method_report.csv:grid_min_rate_upper (entries only),,,,,,,,,,,,,,,,
R0,root,SD-H0,TAB,0.01,,,,,,,,2.0,True,0.0,35.0,False,0.9564,0.9597100487962972,SD12MO_MAIN9:M0,per_method_report.csv:grid_min_rate_upper (entries only),,,,,,,,,,,,,,,,
R0,root,SD-SRC12,SRC12,0.1,,,,,,,,0.0,True,0.0,63.0,False,0.8922,0.8972662469905761,SDS2_PART6P5:M2[N=128]@alpha=0.1,per_method_report.csv:grid_min_rate_upper (entries only),,,,,,,,,,,,,,,,
R0,root,SD-SRC12,SRC12,0.1,,,,,,,,1.0,True,0.0,35.0,False,0.9617,0.964806821655434,SD12MO_MAIN9:M0,per_method_report.csv:grid_min_rate_upper (entries only),,,,,,,,,,,,,,,,
R0,root,SD-SRC12,SRC12,0.1,,,,,,,,2.0,True,0.0,35.0,False,0.9603,0.9634619710577212,SD12MO_MAIN9:M0,per_method_report.csv:grid_min_rate_upper (entries only),,,,,,,,,,,,,,,,
R0,root,SD-SRC12,SRC12,0.05,,,,,,,,0.0,True,0.0,63.0,False,0.9215,0.9258827422186304,SDS2_PART6P5:M3b[factory box]@alpha=0.05,per_method_report.csv:grid_min_rate_upper (entries only),,,,,,,,,,,,,,,,
R0,root,SD-SRC12,SRC12,0.05,,,,,,,,1.0,True,0.0,35.0,False,0.9617,0.964806821655434,SD12MO_MAIN9:M0,per_method_report.csv:grid_min_rate_upper (entries only),,,,,,,,,,,,,,,,
R0,root,SD-SRC12,SRC12,0.05,,,,,,,,2.0,True,0.0,35.0,False,0.9603,0.9634619710577212,SD12MO_MAIN9:M0,per_method_report.csv:grid_min_rate_upper (entries only),,,,,,,,,,,,,,,,
R0,root,SD-SRC12,SRC12,0.01,,,,,,,,0.0,True,0.0,63.0,False,0.9215,0.9258827422186304,SDS2_PART6P5:M3b[factory box]@alpha=0.01,per_method_report.csv:grid_min_rate_upper (entries only),,,,,,,,,,,,,,,,
R0,root,SD-SRC12,SRC12,0.01,,,,,,,,1.0,True,0.0,35.0,False,0.9617,0.964806821655434,SD12MO_MAIN9:M0,per_method_report.csv:grid_min_rate_upper (entries only),,,,,,,,,,,,,,,,
R0,root,SD-SRC12,SRC12,0.01,,,,,,,,2.0,True,0.0,35.0,False,0.9603,0.9634619710577212,SD12MO_MAIN9:M0,per_method_report.csv:grid_min_rate_upper (entries only),,,,,,,,,,,,,,,,
R0,root,SD-SRC14,SRC14,0.1,,,,,,,,0.0,True,0.0,63.0,False,0.8613,0.8669568878461942,SDS2_PART6P5:M2[N=128]@alpha=0.1,per_method_report.csv:grid_min_rate_upper (entries only),,,,,,,,,,,,,,,,
R0,root,SD-SRC14,SRC14,0.1,,,,,,,,1.0,True,0.0,35.0,False,0.9768,0.9792227188980074,SD12MO_MAIN9:M0,per_method_report.csv:grid_min_rate_upper (entries only),,,,,,,,,,,,,,,,
R0,root,SD-SRC14,SRC14,0.1,,,,,,,,2.0,True,0.0,35.0,False,0.9734,0.975994133543531,SD12MO_MAIN9:M0,per_method_report.csv:grid_min_rate_upper (entries only),,,,,,,,,,,,,,,,
R0,root,SD-SRC14,SRC14,0.05,,,,,,,,0.0,True,0.0,63.0,False,0.9104,0.9150590199556552,SDS2_PART6P5:M3b[factory box]@alpha=0.05,per_method_report.csv:grid_min_rate_upper (entries only),,,,,,,,,,,,,,,,
R0,root,SD-SRC14,SRC14,0.05,,,,,,,,1.0,True,0.0,35.0,False,0.9768,0.9792227188980074,SD12MO_MAIN9:M0,per_method_report.csv:grid_min_rate_upper (entries only),,,,,,,,,,,,,,,,
R0,root,SD-SRC14,SRC14,0.05,,,,,,,,2.0,True,0.0,35.0,False,0.9734,0.975994133543531,SD12MO_MAIN9:M0,per_method_report.csv:grid_min_rate_upper (entries only),,,,,,,,,,,,,,,,
R0,root,SD-SRC14,SRC14,0.01,,,,,,,,0.0,True,0.0,63.0,False,0.9104,0.9150590199556552,SDS2_PART6P5:M3b[factory box]@alpha=0.01,per_method_report.csv:grid_min_rate_upper (entries only),,,,,,,,,,,,,,,,
R0,root,SD-SRC14,SRC14,0.01,,,,,,,,1.0,True,0.0,35.0,False,0.9768,0.9792227188980074,SD12MO_MAIN9:M0,per_method_report.csv:grid_min_rate_upper (entries only),,,,,,,,,,,,,,,,
R0,root,SD-SRC14,SRC14,0.01,,,,,,,,2.0,True,0.0,35.0,False,0.9734,0.975994133543531,SD12MO_MAIN9:M0,per_method_report.csv:grid_min_rate_upper (entries only),,,,,,,,,,,,,,,,
R0,root,SD-12MO,MO12,0.1,,,,,,,,0.0,True,0.0,63.0,False,0.8437,0.8496486112057713,SDS2_PART6P5:M2[N=128]@alpha=0.1,per_method_report.csv:grid_min_rate_upper (entries only),,,,,,,,,,,,,,,,
R0,root,SD-12MO,MO12,0.1,,,,,,,,1.0,True,0.0,35.0,False,0.9537,0.9571081935935096,SD12MO_MAIN9:M0,per_method_report.csv:grid_min_rate_upper (entries only),,,,,,,,,,,,,,,,
R0,root,SD-12MO,MO12,0.1,,,,,,,,2.0,True,0.0,35.0,False,0.9524,0.9558542780498354,SD12MO_MAIN9:M0,per_method_report.csv:grid_min_rate_upper (entries only),,,,,,,,,,,,,,,,
R0,root,SD-12MO,MO12,0.05,,,,,,,,0.0,True,0.0,63.0,False,0.8971,0.9020615783209576,SDS2_PART6P5:M3b[factory box]@alpha=0.05,per_method_report.csv:grid_min_rate_upper (entries only),,,,,,,,,,,,,,,,
R0,root,SD-12MO,MO12,0.05,,,,,,,,1.0,True,0.0,35.0,False,0.9537,0.9571081935935096,SD12MO_MAIN9:M0,per_method_report.csv:grid_min_rate_upper (entries only),,,,,,,,,,,,,,,,
R0,root,SD-12MO,MO12,0.05,,,,,,,,2.0,True,0.0,35.0,False,0.9524,0.9558542780498354,SD12MO_MAIN9:M0,per_method_report.csv:grid_min_rate_upper (entries only),,,,,,,,,,,,,,,,
R0,root,SD-12MO,MO12,0.01,,,,,,,,0.0,True,0.0,63.0,False,0.8971,0.9020615783209576,SDS2_PART6P5:M3b[factory box]@alpha=0.01,per_method_report.csv:grid_min_rate_upper (entries only),,,,,,,,,,,,,,,,
R0,root,SD-12MO,MO12,0.01,,,,,,,,1.0,True,0.0,35.0,False,0.9537,0.9571081935935096,SD12MO_MAIN9:M0,per_method_report.csv:grid_min_rate_upper (entries only),,,,,,,,,,,,,,,,
R0,root,SD-12MO,MO12,0.01,,,,,,,,2.0,True,0.0,35.0,False,0.9524,0.9558542780498354,SD12MO_MAIN9:M0,per_method_report.csv:grid_min_rate_upper (entries only),,,,,,,,,,,,,,,,
R0,root,SD-S2,NARROW,0.1,,,,,,,,0.0,True,0.0,63.0,False,0.8015,0.8080453704017725,SDS2_PART6P5:M2[N=128]@alpha=0.1,per_method_report.csv:grid_min_rate_upper (entries only),,,,,,,,,,,,,,,,
R0,root,SD-S2,NARROW,0.1,,,,,,,,1.0,True,0.0,35.0,False,0.9694,0.9721812486819964,SD12MO_MAIN9:M0,per_method_report.csv:grid_min_rate_upper (entries only),,,,,,,,,,,,,,,,
R0,root,SD-S2,NARROW,0.1,,,,,,,,2.0,True,0.0,35.0,False,0.9687,0.9715125928129352,SD12MO_MAIN9:M0,per_method_report.csv:grid_min_rate_upper (entries only),,,,,,,,,,,,,,,,
R0,root,SD-S2,NARROW,0.05,,,,,,,,0.0,True,0.0,63.0,False,0.8775,0.882861111644669,SDS2_PART6P5:M3b[factory box]@alpha=0.05,per_method_report.csv:grid_min_rate_upper (entries only),,,,,,,,,,,,,,,,
R0,root,SD-S2,NARROW,0.05,,,,,,,,1.0,True,0.0,35.0,False,0.9694,0.9721812486819964,SD12MO_MAIN9:M0,per_method_report.csv:grid_min_rate_upper (entries only),,,,,,,,,,,,,,,,
R0,root,SD-S2,NARROW,0.05,,,,,,,,2.0,True,0.0,35.0,False,0.9687,0.9715125928129352,SD12MO_MAIN9:M0,per_method_report.csv:grid_min_rate_upper (entries only),,,,,,,,,,,,,,,,
R0,root,SD-S2,NARROW,0.01,,,,,,,,0.0,True,0.0,63.0,False,0.8775,0.882861111644669,SDS2_PART6P5:M3b[factory box]@alpha=0.01,per_method_report.csv:grid_min_rate_upper (entries only),,,,,,,,,,,,,,,,
R0,root,SD-S2,NARROW,0.01,,,,,,,,1.0,True,0.0,35.0,False,0.9694,0.9721812486819964,SD12MO_MAIN9:M0,per_method_report.csv:grid_min_rate_upper (entries only),,,,,,,,,,,,,,,,
R0,root,SD-S2,NARROW,0.01,,,,,,,,2.0,True,0.0,35.0,False,0.9687,0.9715125928129352,SD12MO_MAIN9:M0,per_method_report.csv:grid_min_rate_upper (entries only),,,,,,,,,,,,,,,,
A,root,SD-H0,TAB,0.1,,,,,,,,0.0,True,0.0,35.0,False,0.1423,0.1481734654183961,SDSRC12_MAIN9:M2[N=512]@alpha=0.1,per_method_report.csv:grid_min_rate_upper (entries only),,,,,,,,,,,,,,,,
A,root,SD-H0,TAB,0.1,,,,,,,,1.0,True,0.0,35.0,False,0.134,0.1397321281680544,SDSRC12_MAIN9:M2[N=1024]@alpha=0.1,per_method_report.csv:grid_min_rate_upper (entries only),,,,,,,,,,,,,,,,
A,root,SD-H0,TAB,0.1,,,,,,,,2.0,True,0.0,35.0,False,0.1254,0.1309781142895166,SDSRC12_MAIN9:M2[N=512]@alpha=0.1,per_method_report.csv:grid_min_rate_upper (entries only),,,,,,,,,,,,,,,,
A,root,SD-H0,TAB,0.05,,,,,,,,0.0,True,0.0,35.0,False,0.1449,0.1508163504988712,SDSRC12_MAIN9:M2[N=512]@alpha=0.05,per_method_report.csv:grid_min_rate_upper (entries only),,,,,,,,,,,,,,,,
A,root,SD-H0,TAB,0.05,,,,,,,,1.0,True,0.0,35.0,False,0.134,0.1397321281680544,SDSRC12_MAIN9:M2[N=1024]@alpha=0.05,per_method_report.csv:grid_min_rate_upper (entries only),,,,,,,,,,,,,,,,
A,root,SD-H0,TAB,0.05,,,,,,,,2.0,True,0.0,35.0,False,0.1254,0.1309781142895166,SDSRC12_MAIN9:M2[N=512]@alpha=0.05,per_method_report.csv:grid_min_rate_upper (entries only),,,,,,,,,,,,,,,,
A,root,SD-H0,TAB,0.01,,,,,,,,0.0,True,0.0,35.0,False,0.1848,0.1913018924373964,SDSRC14_MAIN9:M2[N=1024]@alpha=0.01,per_method_report.csv:grid_min_rate_upper (entries only),,,,,,,,,,,,,,,,
A,root,SD-H0,TAB,0.01,,,,,,,,1.0,True,0.0,35.0,False,0.1508,0.1568113259040668,SDSRC14_MAIN9:M2[N=512]@alpha=0.01,per_method_report.csv:grid_min_rate_upper (entries only),,,,,,,,,,,,,,,,
A,root,SD-H0,TAB,0.01,,,,,,,,2.0,True,0.0,35.0,False,0.1425,0.1483767872103086,SDSRC12_MAIN9:M2[N=128]@alpha=0.01,per_method_report.csv:grid_min_rate_upper (entries only),,,,,,,,,,,,,,,,
A,root,SD-SRC12,SRC12,0.1,,,,,,,,0.0,True,4.0,35.0,True,0.0418,0.0452422446875244,SDSRC14_MAIN9:M2[N=1024]@alpha=0.1,per_method_report.csv:grid_min_rate_upper (entries only),SDSRC14_MAIN9:M2[N=1024]@alpha=0.1,M2_joint_chance_saa[N=1024],M2 joint CC-SAA (N=1024),1024.0,SD-SRC14,SDSRC14_MAIN9,15.232185213344994,0.0888,0.0936179828344124,,,,,,,
A,root,SD-SRC12,SRC12,0.1,,,,,,,,1.0,True,4.0,35.0,True,0.0266,0.0294012581257669,SDSRC12_MAIN9:M2[N=1024]@alpha=0.1,per_method_report.csv:grid_min_rate_upper (entries only),SDSRC14_MAIN9:M2[N=1024]@alpha=0.1,M2_joint_chance_saa[N=1024],M2 joint CC-SAA (N=1024),1024.0,SD-SRC14,SDSRC14_MAIN9,15.997972145741922,0.0643,0.0684794418670275,,,,,,,
A,root,SD-SRC12,SRC12,0.1,,,,,,,,2.0,True,6.0,35.0,True,0.0223,0.0248845598779032,SDSRC12_MAIN9:M2[N=1024]@alpha=0.1,per_method_report.csv:grid_min_rate_upper (entries only),SDSRC14_MAIN9:M2[N=1024]@alpha=0.1,M2_joint_chance_saa[N=1024],M2 joint CC-SAA (N=1024),1024.0,SD-SRC14,SDSRC14_MAIN9,15.416983400497465,0.058,0.0619910847859024,,,,,,,
A,root,SD-SRC12,SRC12,0.05,,,,,,,,0.0,True,1.0,35.0,True,0.0418,0.0452422446875244,SDSRC14_MAIN9:M2[N=1024]@alpha=0.05,per_method_report.csv:grid_min_rate_upper (entries only),SDSRC14_MAIN9:M2[N=1024]@alpha=0.05,M2_joint_chance_saa[N=1024],M2 joint CC-SAA (N=1024),1024.0,SD-SRC14,SDSRC14_MAIN9,17.067786989480304,0.0418,0.0452422446875244,,,,,,,
A,root,SD-SRC12,SRC12,0.05,,,,,,,,1.0,True,0.0,35.0,False,0.0266,0.0294012581257669,SDSRC12_MAIN9:M2[N=1024]@alpha=0.05,per_method_report.csv:grid_min_rate_upper (entries only),,,,,,,,,,,,,,,,
A,root,SD-SRC12,SRC12,0.05,,,,,,,,2.0,True,0.0,35.0,False,0.0223,0.0248845598779032,SDSRC12_MAIN9:M2[N=1024]@alpha=0.05,per_method_report.csv:grid_min_rate_upper (entries only),,,,,,,,,,,,,,,,
A,root,SD-SRC12,SRC12,0.01,,,,,,,,0.0,True,0.0,35.0,False,0.0469,0.050526701424478,SDSRC14_MAIN9:M2[N=1024]@alpha=0.01,per_method_report.csv:grid_min_rate_upper (entries only),,,,,,,,,,,,,,,,
A,root,SD-SRC12,SRC12,0.01,,,,,,,,1.0,True,0.0,35.0,False,0.0381,0.0414001990445627,SDSRC14_MAIN9:M2[N=512]@alpha=0.01,per_method_report.csv:grid_min_rate_upper (entries only),,,,,,,,,,,,,,,,
A,root,SD-SRC12,SRC12,0.01,,,,,,,,2.0,True,0.0,35.0,False,0.0328,0.0358824431789391,SDSRC14_MAIN9:M2[N=1024]@alpha=0.01,per_method_report.csv:grid_min_rate_upper (entries only),,,,,,,,,,,,,,,,
A,root,SD-SRC14,SRC14,0.1,,,,,,,,0.0,True,6.0,35.0,True,0.0131,0.0151293903154892,"SDSRC14_MAIN9:M3b[factory box k=1, Gamma selected]@alpha=0.1",per_method_report.csv:grid_min_rate_upper (entries only),SDSRC14_MAIN9:M2[N=1024]@alpha=0.1,M2_joint_chance_saa[N=1024],M2 joint CC-SAA (N=1024),1024.0,SD-SRC14,SDSRC14_MAIN9,15.232185213344994,0.0635,0.0676561689310762,,,,,,,
A,root,SD-SRC14,SRC14,0.1,,,,,,,,1.0,True,8.0,35.0,True,0.0074,0.0089719337548342,SDSRC12_MAIN9:M2[N=1024]@alpha=0.1,per_method_report.csv:grid_min_rate_upper (entries only),SDSRC14_MAIN9:M2[N=512]@alpha=0.1,M2_joint_chance_saa[N=512],M2 joint CC-SAA (N=512),512.0,SD-SRC14,SDSRC14_MAIN9,15.201498503486,0.0677,0.0719764019436287,,,,,,,
A,root,SD-SRC14,SRC14,0.1,,,,,,,,2.0,True,8.0,35.0,True,0.0079,0.0095180686613123,SDSRC12_MAIN9:M2[N=1024]@alpha=0.1,per_method_report.csv:grid_min_rate_upper (entries only),SDSRC14_MAIN9:M2[N=1024]@alpha=0.1,M2_joint_chance_saa[N=1024],M2 joint CC-SAA (N=1024),1024.0,SD-SRC14,SDSRC14_MAIN9,15.416983400497465,0.0447,0.0482486272369661,,,,,,,
A,root,SD-SRC14,SRC14,0.05,,,,,,,,0.0,True,3.0,35.0,True,0.0131,0.0151293903154892,"SDSRC14_MAIN9:M3b[factory box k=1.5, Gamma selected]@alpha=0.05",per_method_report.csv:grid_min_rate_upper (entries only),SDSRC14_MAIN9:M2[N=1024]@alpha=0.05,M2_joint_chance_saa[N=1024],M2 joint CC-SAA (N=1024),1024.0,SD-SRC14,SDSRC14_MAIN9,17.067786989480304,0.0187,0.0210851721248237,,,,,,,
A,root,SD-SRC14,SRC14,0.05,,,,,,,,1.0,True,3.0,35.0,True,0.0074,0.0089719337548342,SDSRC12_MAIN9:M2[N=1024]@alpha=0.05,per_method_report.csv:grid_min_rate_upper (entries only),SDSRC14_MAIN9:M2[N=1024]@alpha=0.05,M2_joint_chance_saa[N=1024],M2 joint CC-SAA (N=1024),1024.0,SD-SRC14,SDSRC14_MAIN9,17.23358002312081,0.0175,0.0198142341430906,,,,,,,
A,root,SD-SRC14,SRC14,0.05,,,,,,,,2.0,True,3.0,35.0,True,0.0079,0.0095180686613123,SDSRC12_MAIN9:M2[N=1024]@alpha=0.05,per_method_report.csv:grid_min_rate_upper (entries only),SDSRC14_MAIN9:M2[N=1024]@alpha=0.05,M2_joint_chance_saa[N=1024],M2 joint CC-SAA (N=1024),1024.0,SD-SRC14,SDSRC14_MAIN9,17.193369268251878,0.0237,0.0263574080447543,,,,,,,
A,root,SD-SRC14,SRC14,0.01,,,,,,,,0.0,True,0.0,35.0,False,0.0112,0.0130909857898422,SDSRC14_MAIN9:M2[N=1024]@alpha=0.01,per_method_report.csv:grid_min_rate_upper (entries only),,,,,,,,,,,,,,,,
A,root,SD-SRC14,SRC14,0.01,,,,,,,,1.0,True,0.0,35.0,False,0.0079,0.0095180686613123,SDSRC14_MAIN9:M2[N=1024]@alpha=0.01,per_method_report.csv:grid_min_rate_upper (entries only),,,,,,,,,,,,,,,,
A,root,SD-SRC14,SRC14,0.01,,,,,,,,2.0,True,0.0,35.0,False,0.0069,0.0084241881561335,SDSRC14_MAIN9:M2[N=1024]@alpha=0.01,per_method_report.csv:grid_min_rate_upper (entries only),,,,,,,,,,,,,,,,
A,root,SD-12MO,MO12,0.1,,,,,,,,0.0,True,13.0,35.0,True,0.0008,0.0014430005782821,SDSRC12_MAIN9:M2[N=512]@alpha=0.1,per_method_report.csv:grid_min_rate_upper (entries only),SDS2_MAIN9:M2[N=512]@alpha=0.1,M2_joint_chance_saa[N=512],M2 joint CC-SAA (N=512),512.0,SD-S2,SDS2_MAIN9,9.261019056708797,0.0468,0.0504231992665294,,,,,,,
A,root,SD-12MO,MO12,0.1,,,,,,,,1.0,True,17.0,35.0,True,0.0005,0.0010510137186384,SDSRC12_MAIN9:M2[N=128]@alpha=0.1,per_method_report.csv:grid_min_rate_upper (entries only),SDS2_MAIN9:M2[N=512]@alpha=0.1,M2_joint_chance_saa[N=512],M2 joint CC-SAA (N=512),512.0,SD-S2,SDS2_MAIN9,9.092092029129727,0.0583,0.0623003289426181,,,,,,,
A,root,SD-12MO,MO12,0.1,,,,,,,,2.0,True,17.0,35.0,True,0.0002,0.0006294441486871,SDSRC12_MAIN9:M2[N=1024]@alpha=0.1,per_method_report.csv:grid_min_rate_upper (entries only),SDS2_MAIN9:M2[N=1024]@alpha=0.1,M2_joint_chance_saa[N=1024],M2 joint CC-SAA (N=1024),1024.0,SD-S2,SDS2_MAIN9,9.074063223987983,0.0677,0.0719764019436287,,,,,,,
A,root,SD-12MO,MO12,0.05,,,,,,,,0.0,True,10.0,35.0,True,0.0009,0.0015699951188064,SDSRC12_MAIN9:M2[N=128]@alpha=0.05,per_method_report.csv:grid_min_rate_upper (entries only),SDS2_MAIN9:M2[N=1024]@alpha=0.05,M2_joint_chance_saa[N=1024],M2 joint CC-SAA (N=1024),1024.0,SD-S2,SDS2_MAIN9,10.978430808906015,0.0151,0.0172642305148864,,,,,,,
A,root,SD-12MO,MO12,0.05,,,,,,,,1.0,True,9.0,35.0,True,0.0005,0.0010510137186384,SDSRC12_MAIN9:M2[N=128]@alpha=0.05,per_method_report.csv:grid_min_rate_upper (entries only),SDS2_MAIN9:M2[N=512]@alpha=0.05,M2_joint_chance_saa[N=512],M2 joint CC-SAA (N=512),512.0,SD-S2,SDS2_MAIN9,10.666240900555767,0.0275,0.0303441543258202,,,,,,,
A,root,SD-12MO,MO12,0.05,,,,,,,,2.0,True,10.0,35.0,True,0.0002,0.0006294441486871,SDSRC14_MAIN9:M2[N=128]@alpha=0.05,per_method_report.csv:grid_min_rate_upper (entries only),SDS2_MAIN9:M2[N=1024]@alpha=0.05,M2_joint_chance_saa[N=1024],M2 joint CC-SAA (N=1024),1024.0,SD-S2,SDS2_MAIN9,10.41785581160708,0.0333,0.0364037890450201,,,,,,,
A,root,SD-12MO,MO12,0.01,,,,,,,,0.0,True,1.0,35.0,True,0.0017,0.0025488392715559,SDSRC14_MAIN9:M2[N=128]@alpha=0.01,per_method_report.csv:grid_min_rate_upper (entries only),SD12MO_MAIN9:M2[N=1024]@alpha=0.01,M2_joint_chance_saa[N=1024],M2 joint CC-SAA (N=1024),1024.0,SD-12MO,SD12MO_MAIN9,14.60423887696145,0.0027,0.0037215103523882,,,,,,,
A,root,SD-12MO,MO12,0.01,,,,,,,,1.0,True,2.0,35.0,True,0.0033,0.004410052749836,SDSRC14_MAIN9:M2[N=1024]@alpha=0.01,per_method_report.csv:grid_min_rate_upper (entries only),SDS2_MAIN9:M2[N=1024]@alpha=0.01,M2_joint_chance_saa[N=1024],M2 joint CC-SAA (N=1024),1024.0,SD-S2,SDS2_MAIN9,12.734099439253278,0.0058,0.0072125627397637,,,,,,,
A,root,SD-12MO,MO12,0.01,,,,,,,,2.0,True,2.0,35.0,True,0.0008,0.0014430005782821,SDSRC14_MAIN9:M2[N=128]@alpha=0.01,per_method_report.csv:grid_min_rate_upper (entries only),SDS2_MAIN9:M2[N=1024]@alpha=0.01,M2_joint_chance_saa[N=1024],M2 joint CC-SAA (N=1024),1024.0,SD-S2,SDS2_MAIN9,13.293039966672659,0.0046,0.0058778111850414,,,,,,,
A,root,SD-S2,NARROW,0.1,,,,,,,,0.0,True,13.0,35.0,True,0.0,0.0002995283597766,SDSRC12_MAIN9:M2[N=1024]@alpha=0.1,per_method_report.csv:grid_min_rate_upper (entries only),SDS2_MAIN9:M2[N=512]@alpha=0.1,M2_joint_chance_saa[N=512],M2 joint CC-SAA (N=512),512.0,SD-S2,SDS2_MAIN9,9.261019056708797,0.0462,0.049802094421719,,,,,,,
A,root,SD-S2,NARROW,0.1,,,,,,,,1.0,True,17.0,35.0,True,0.0,0.0002995283597766,"SDS2_MAIN9:M3b[factory box k=1.5, Gamma selected]@alpha=0.1",per_method_report.csv:grid_min_rate_upper (entries only),SDS2_MAIN9:M2[N=512]@alpha=0.1,M2_joint_chance_saa[N=512],M2 joint CC-SAA (N=512),512.0,SD-S2,SDS2_MAIN9,9.092092029129727,0.056,0.0599287075584776,,,,,,,
A,root,SD-S2,NARROW,0.1,,,,,,,,2.0,True,17.0,35.0,True,0.0,0.0002995283597766,"SDS2_MAIN9:M3b[factory box k=1.5, Gamma selected]@alpha=0.1",per_method_report.csv:grid_min_rate_upper (entries only),SDS2_MAIN9:M2[N=1024]@alpha=0.1,M2_joint_chance_saa[N=1024],M2 joint CC-SAA (N=1024),1024.0,SD-S2,SDS2_MAIN9,9.074063223987983,0.0679,0.0721820101698226,,,,,,,
A,root,SD-S2,NARROW,0.05,,,,,,,,0.0,True,10.0,35.0,True,0.0,0.0002995283597766,SDSRC12_MAIN9:M2[N=512]@alpha=0.05,per_method_report.csv:grid_min_rate_upper (entries only),SDS2_MAIN9:M2[N=1024]@alpha=0.05,M2_joint_chance_saa[N=1024],M2 joint CC-SAA (N=1024),1024.0,SD-S2,SDS2_MAIN9,10.978430808906015,0.0152,0.0173707203431889,,,,,,,
A,root,SD-S2,NARROW,0.05,,,,,,,,1.0,True,10.0,35.0,True,0.0,0.0002995283597766,"SDS2_MAIN9:M3b[factory box k=1.5, Gamma selected]@alpha=0.05",per_method_report.csv:grid_min_rate_upper (entries only),SDS2_MAIN9:M2[N=512]@alpha=0.05,M2_joint_chance_saa[N=512],M2 joint CC-SAA (N=512),512.0,SD-S2,SDS2_MAIN9,10.666240900555767,0.0264,0.0291916188803301,,,,,,,
A,root,SD-S2,NARROW,0.05,,,,,,,,2.0,True,10.0,35.0,True,0.0,0.0002995283597766,"SDS2_MAIN9:M3b[factory box k=1.5, Gamma selected]@alpha=0.05",per_method_report.csv:grid_min_rate_upper (entries only),SDS2_MAIN9:M2[N=1024]@alpha=0.05,M2_joint_chance_saa[N=1024],M2 joint CC-SAA (N=1024),1024.0,SD-S2,SDS2_MAIN9,10.41785581160708,0.0325,0.03556954888209,,,,,,,
A,root,SD-S2,NARROW,0.01,,,,,,,,0.0,True,3.0,35.0,True,0.0,0.0002995283597766,SDSRC14_MAIN9:M2[N=1024]@alpha=0.01,per_method_report.csv:grid_min_rate_upper (entries only),SD12MO_MAIN9:M2[N=1024]@alpha=0.01,M2_joint_chance_saa[N=1024],M2 joint CC-SAA (N=1024),1024.0,SD-12MO,SD12MO_MAIN9,14.60423887696145,0.0019,0.0027866860539629,,,,,,,
A,root,SD-S2,NARROW,0.01,,,,,,,,1.0,True,4.0,35.0,True,0.0,0.0002995283597766,"SDS2_MAIN9:M3b[factory box k=1.5, Gamma selected]@alpha=0.01",per_method_report.csv:grid_min_rate_upper (entries only),SDS2_MAIN9:M2[N=1024]@alpha=0.01,M2_joint_chance_saa[N=1024],M2 joint CC-SAA (N=1024),1024.0,SD-S2,SDS2_MAIN9,12.734099439253278,0.005,0.0063244997707938,,,,,,,
A,root,SD-S2,NARROW,0.01,,,,,,,,2.0,True,3.0,35.0,True,0.0,0.0002995283597766,"SDS2_MAIN9:M3b[factory box k=1.5, Gamma selected]@alpha=0.01",per_method_report.csv:grid_min_rate_upper (entries only),SDS2_MAIN9:M2[N=1024]@alpha=0.01,M2_joint_chance_saa[N=1024],M2 joint CC-SAA (N=1024),1024.0,SD-S2,SDS2_MAIN9,13.293039966672659,0.0035,0.0046377663474407,,,,,,,
B,root,SD-H0,TAB,0.1,,,,,,,,0.0,True,0.0,35.0,False,0.9589,0.9621160365275556,SD12MO_MAIN9:M0,per_method_report.csv:grid_min_rate_upper (entries only),,,,,,,,,,,,,,,,
B,root,SD-H0,TAB,0.1,,,,,,,,1.0,True,0.0,35.0,False,0.9541,0.9574938643580246,SD12MO_MAIN9:M0,per_method_report.csv:grid_min_rate_upper (entries only),,,,,,,,,,,,,,,,
B,root,SD-H0,TAB,0.1,,,,,,,,2.0,True,0.0,35.0,False,0.9563,0.959613744754096,SD12MO_MAIN9:M0,per_method_report.csv:grid_min_rate_upper (entries only),,,,,,,,,,,,,,,,
B,root,SD-H0,TAB,0.05,,,,,,,,0.0,True,0.0,35.0,False,0.9589,0.9621160365275556,SD12MO_MAIN9:M0,per_method_report.csv:grid_min_rate_upper (entries only),,,,,,,,,,,,,,,,
B,root,SD-H0,TAB,0.05,,,,,,,,1.0,True,0.0,35.0,False,0.9541,0.9574938643580246,SD12MO_MAIN9:M0,per_method_report.csv:grid_min_rate_upper (entries only),,,,,,,,,,,,,,,,
B,root,SD-H0,TAB,0.05,,,,,,,,2.0,True,0.0,35.0,False,0.9563,0.959613744754096,SD12MO_MAIN9:M0,per_method_report.csv:grid_min_rate_upper (entries only),,,,,,,,,,,,,,,,
B,root,SD-H0,TAB,0.01,,,,,,,,0.0,True,0.0,35.0,False,0.9589,0.9621160365275556,SD12MO_MAIN9:M0,per_method_report.csv:grid_min_rate_upper (entries only),,,,,,,,,,,,,,,,
B,root,SD-H0,TAB,0.01,,,,,,,,1.0,True,0.0,35.0,False,0.9541,0.9574938643580246,SD12MO_MAIN9:M0,per_method_report.csv:grid_min_rate_upper (entries only),,,,,,,,,,,,,,,,
B,root,SD-H0,TAB,0.01,,,,,,,,2.0,True,0.0,35.0,False,0.9563,0.959613744754096,SD12MO_MAIN9:M0,per_method_report.csv:grid_min_rate_upper (entries only),,,,,,,,,,,,,,,,
B,root,SD-SRC12,SRC12,0.1,,,,,,,,0.0,True,0.0,35.0,False,0.9599,0.9630775265494828,SD12MO_MAIN9:M0,per_method_report.csv:grid_min_rate_upper (entries only),,,,,,,,,,,,,,,,
B,root,SD-SRC12,SRC12,0.1,,,,,,,,1.0,True,0.0,35.0,False,0.9578,0.9610577906189272,SD12MO_MAIN9:M0,per_method_report.csv:grid_min_rate_upper (entries only),,,,,,,,,,,,,,,,
B,root,SD-SRC12,SRC12,0.1,,,,,,,,2.0,True,0.0,35.0,False,0.9587,0.9619236748112338,SD12MO_MAIN9:M0,per_method_report.csv:grid_min_rate_upper (entries only),,,,,,,,,,,,,,,,
B,root,SD-SRC12,SRC12,0.05,,,,,,,,0.0,True,0.0,35.0,False,0.9599,0.9630775265494828,SD12MO_MAIN9:M0,per_method_report.csv:grid_min_rate_upper (entries only),,,,,,,,,,,,,,,,
B,root,SD-SRC12,SRC12,0.05,,,,,,,,1.0,True,0.0,35.0,False,0.9578,0.9610577906189272,SD12MO_MAIN9:M0,per_method_report.csv:grid_min_rate_upper (entries only),,,,,,,,,,,,,,,,
B,root,SD-SRC12,SRC12,0.05,,,,,,,,2.0,True,0.0,35.0,False,0.9587,0.9619236748112338,SD12MO_MAIN9:M0,per_method_report.csv:grid_min_rate_upper (entries only),,,,,,,,,,,,,,,,
B,root,SD-SRC12,SRC12,0.01,,,,,,,,0.0,True,0.0,35.0,False,0.9599,0.9630775265494828,SD12MO_MAIN9:M0,per_method_report.csv:grid_min_rate_upper (entries only),,,,,,,,,,,,,,,,
B,root,SD-SRC12,SRC12,0.01,,,,,,,,1.0,True,0.0,35.0,False,0.9578,0.9610577906189272,SD12MO_MAIN9:M0,per_method_report.csv:grid_min_rate_upper (entries only),,,,,,,,,,,,,,,,
B,root,SD-SRC12,SRC12,0.01,,,,,,,,2.0,True,0.0,35.0,False,0.9587,0.9619236748112338,SD12MO_MAIN9:M0,per_method_report.csv:grid_min_rate_upper (entries only),,,,,,,,,,,,,,,,
B,root,SD-SRC14,SRC14,0.1,,,,,,,,0.0,True,0.0,35.0,False,0.9765,0.978938364890196,SD12MO_MAIN9:M0,per_method_report.csv:grid_min_rate_upper (entries only),,,,,,,,,,,,,,,,
B,root,SD-SRC14,SRC14,0.1,,,,,,,,1.0,True,0.0,35.0,False,0.9742,0.9767549145311272,SD12MO_MAIN9:M0,per_method_report.csv:grid_min_rate_upper (entries only),,,,,,,,,,,,,,,,
B,root,SD-SRC14,SRC14,0.1,,,,,,,,2.0,True,0.0,35.0,False,0.9724,0.9750422709423038,SD12MO_MAIN9:M0,per_method_report.csv:grid_min_rate_upper (entries only),,,,,,,,,,,,,,,,
B,root,SD-SRC14,SRC14,0.05,,,,,,,,0.0,True,0.0,35.0,False,0.9765,0.978938364890196,SD12MO_MAIN9:M0,per_method_report.csv:grid_min_rate_upper (entries only),,,,,,,,,,,,,,,,
B,root,SD-SRC14,SRC14,0.05,,,,,,,,1.0,True,0.0,35.0,False,0.9742,0.9767549145311272,SD12MO_MAIN9:M0,per_method_report.csv:grid_min_rate_upper (entries only),,,,,,,,,,,,,,,,
B,root,SD-SRC14,SRC14,0.05,,,,,,,,2.0,True,0.0,35.0,False,0.9724,0.9750422709423038,SD12MO_MAIN9:M0,per_method_report.csv:grid_min_rate_upper (entries only),,,,,,,,,,,,,,,,
B,root,SD-SRC14,SRC14,0.01,,,,,,,,0.0,True,0.0,35.0,False,0.9765,0.978938364890196,SD12MO_MAIN9:M0,per_method_report.csv:grid_min_rate_upper (entries only),,,,,,,,,,,,,,,,
B,root,SD-SRC14,SRC14,0.01,,,,,,,,1.0,True,0.0,35.0,False,0.9742,0.9767549145311272,SD12MO_MAIN9:M0,per_method_report.csv:grid_min_rate_upper (entries only),,,,,,,,,,,,,,,,
B,root,SD-SRC14,SRC14,0.01,,,,,,,,2.0,True,0.0,35.0,False,0.9724,0.9750422709423038,SD12MO_MAIN9:M0,per_method_report.csv:grid_min_rate_upper (entries only),,,,,,,,,,,,,,,,
B,root,SD-12MO,MO12,0.1,,,,,,,,0.0,True,0.0,35.0,False,0.9535,0.9569153315495248,SD12MO_MAIN9:M0,per_method_report.csv:grid_min_rate_upper (entries only),,,,,,,,,,,,,,,,
B,root,SD-12MO,MO12,0.1,,,,,,,,1.0,True,0.0,35.0,False,0.9502,0.9537306399947824,SD12MO_MAIN9:M0,per_method_report.csv:grid_min_rate_upper (entries only),,,,,,,,,,,,,,,,
B,root,SD-12MO,MO12,0.1,,,,,,,,2.0,True,0.0,35.0,False,0.9543,0.957686672857363,SD12MO_MAIN9:M0,per_method_report.csv:grid_min_rate_upper (entries only),,,,,,,,,,,,,,,,
B,root,SD-12MO,MO12,0.05,,,,,,,,0.0,True,0.0,35.0,False,0.9535,0.9569153315495248,SD12MO_MAIN9:M0,per_method_report.csv:grid_min_rate_upper (entries only),,,,,,,,,,,,,,,,
B,root,SD-12MO,MO12,0.05,,,,,,,,1.0,True,0.0,35.0,False,0.9502,0.9537306399947824,SD12MO_MAIN9:M0,per_method_report.csv:grid_min_rate_upper (entries only),,,,,,,,,,,,,,,,
B,root,SD-12MO,MO12,0.05,,,,,,,,2.0,True,0.0,35.0,False,0.9543,0.957686672857363,SD12MO_MAIN9:M0,per_method_report.csv:grid_min_rate_upper (entries only),,,,,,,,,,,,,,,,
B,root,SD-12MO,MO12,0.01,,,,,,,,0.0,True,0.0,35.0,False,0.9535,0.9569153315495248,SD12MO_MAIN9:M0,per_method_report.csv:grid_min_rate_upper (entries only),,,,,,,,,,,,,,,,
B,root,SD-12MO,MO12,0.01,,,,,,,,1.0,True,0.0,35.0,False,0.9502,0.9537306399947824,SD12MO_MAIN9:M0,per_method_report.csv:grid_min_rate_upper (entries only),,,,,,,,,,,,,,,,
B,root,SD-12MO,MO12,0.01,,,,,,,,2.0,True,0.0,35.0,False,0.9543,0.957686672857363,SD12MO_MAIN9:M0,per_method_report.csv:grid_min_rate_upper (entries only),,,,,,,,,,,,,,,,
B,root,SD-S2,NARROW,0.1,,,,,,,,0.0,True,0.0,35.0,False,0.9683,0.9711303314128884,SD12MO_MAIN9:M0,per_method_report.csv:grid_min_rate_upper (entries only),,,,,,,,,,,,,,,,
B,root,SD-S2,NARROW,0.1,,,,,,,,1.0,True,0.0,35.0,False,0.9663,0.9692172306184176,SD12MO_MAIN9:M0,per_method_report.csv:grid_min_rate_upper (entries only),,,,,,,,,,,,,,,,
B,root,SD-S2,NARROW,0.1,,,,,,,,2.0,True,0.0,35.0,False,0.9668,0.9696957782503732,SD12MO_MAIN9:M0,per_method_report.csv:grid_min_rate_upper (entries only),,,,,,,,,,,,,,,,
B,root,SD-S2,NARROW,0.05,,,,,,,,0.0,True,0.0,35.0,False,0.9683,0.9711303314128884,SD12MO_MAIN9:M0,per_method_report.csv:grid_min_rate_upper (entries only),,,,,,,,,,,,,,,,
B,root,SD-S2,NARROW,0.05,,,,,,,,1.0,True,0.0,35.0,False,0.9663,0.9692172306184176,SD12MO_MAIN9:M0,per_method_report.csv:grid_min_rate_upper (entries only),,,,,,,,,,,,,,,,
B,root,SD-S2,NARROW,0.05,,,,,,,,2.0,True,0.0,35.0,False,0.9668,0.9696957782503732,SD12MO_MAIN9:M0,per_method_report.csv:grid_min_rate_upper (entries only),,,,,,,,,,,,,,,,
B,root,SD-S2,NARROW,0.01,,,,,,,,0.0,True,0.0,35.0,False,0.9683,0.9711303314128884,SD12MO_MAIN9:M0,per_method_report.csv:grid_min_rate_upper (entries only),,,,,,,,,,,,,,,,
B,root,SD-S2,NARROW,0.01,,,,,,,,1.0,True,0.0,35.0,False,0.9663,0.9692172306184176,SD12MO_MAIN9:M0,per_method_report.csv:grid_min_rate_upper (entries only),,,,,,,,,,,,,,,,
B,root,SD-S2,NARROW,0.01,,,,,,,,2.0,True,0.0,35.0,False,0.9668,0.9696957782503732,SD12MO_MAIN9:M0,per_method_report.csv:grid_min_rate_upper (entries only),,,,,,,,,,,,,,,,
C,root,SD-H0,TAB,0.1,,,,,,,,0.0,True,0.0,35.0,False,0.1361,0.141868543494759,SDSRC12_MAIN9:M2[N=1024]@alpha=0.1,per_method_report.csv:grid_min_rate_upper (entries only),,,,,,,,,,,,,,,,
C,root,SD-H0,TAB,0.1,,,,,,,,1.0,True,0.0,35.0,False,0.1186,0.1240504436116302,SDSRC12_MAIN9:M2[N=1024]@alpha=0.1,per_method_report.csv:grid_min_rate_upper (entries only),,,,,,,,,,,,,,,,
C,root,SD-H0,TAB,0.1,,,,,,,,2.0,True,0.0,35.0,False,0.1102,0.1154849186122369,SDSRC12_MAIN9:M2[N=1024]@alpha=0.1,per_method_report.csv:grid_min_rate_upper (entries only),,,,,,,,,,,,,,,,
C,root,SD-H0,TAB,0.05,,,,,,,,0.0,True,0.0,35.0,False,0.1197,0.1251714666954025,SDSRC12_MAIN9:M2[N=1024]@alpha=0.05,per_method_report.csv:grid_min_rate_upper (entries only),,,,,,,,,,,,,,,,
C,root,SD-H0,TAB,0.05,,,,,,,,1.0,True,0.0,35.0,False,0.1167,0.1221137835591993,SDSRC14_MAIN9:M2[N=128]@alpha=0.05,per_method_report.csv:grid_min_rate_upper (entries only),,,,,,,,,,,,,,,,
C,root,SD-H0,TAB,0.05,,,,,,,,2.0,True,0.0,35.0,False,0.1046,0.1097693763495217,SDSRC12_MAIN9:M2[N=1024]@alpha=0.05,per_method_report.csv:grid_min_rate_upper (entries only),,,,,,,,,,,,,,,,
C,root,SD-H0,TAB,0.01,,,,,,,,0.0,True,0.0,35.0,False,0.1805,0.1869447459975384,SDSRC14_MAIN9:M2[N=1024]@alpha=0.01,per_method_report.csv:grid_min_rate_upper (entries only),,,,,,,,,,,,,,,,
C,root,SD-H0,TAB,0.01,,,,,,,,1.0,True,0.0,35.0,False,0.1167,0.1221137835591993,SDSRC14_MAIN9:M2[N=128]@alpha=0.01,per_method_report.csv:grid_min_rate_upper (entries only),,,,,,,,,,,,,,,,
C,root,SD-H0,TAB,0.01,,,,,,,,2.0,True,0.0,35.0,False,0.1628,0.1689950151035132,SDSRC14_MAIN9:M2[N=1024]@alpha=0.01,per_method_report.csv:grid_min_rate_upper (entries only),,,,,,,,,,,,,,,,
C,root,SD-SRC12,SRC12,0.1,,,,,,,,0.0,True,5.0,35.0,True,0.0333,0.0364037890450201,SDSRC12_MAIN9:M2[N=1024]@alpha=0.1,per_method_report.csv:grid_min_rate_upper (entries only),SDSRC14_MAIN9:M2[N=1024]@alpha=0.1,M2_joint_chance_saa[N=1024],M2 joint CC-SAA (N=1024),1024.0,SD-SRC14,SDSRC14_MAIN9,15.433266087878405,0.078,0.0825526442040413,,,,,,,
C,root,SD-SRC12,SRC12,0.1,,,,,,,,1.0,True,5.0,35.0,True,0.014,0.0160913066234535,SDSRC12_MAIN9:M2[N=1024]@alpha=0.1,per_method_report.csv:grid_min_rate_upper (entries only),SDSRC14_MAIN9:M2[N=1024]@alpha=0.1,M2_joint_chance_saa[N=1024],M2 joint CC-SAA (N=1024),1024.0,SD-SRC14,SDSRC14_MAIN9,15.594826058238965,0.0674,0.0716679701739757,,,,,,,
C,root,SD-SRC12,SRC12,0.1,,,,,,,,2.0,True,6.0,35.0,True,0.014,0.0160913066234535,SDSRC12_MAIN9:M2[N=1024]@alpha=0.1,per_method_report.csv:grid_min_rate_upper (entries only),SDSRC14_MAIN9:M2[N=512]@alpha=0.1,M2_joint_chance_saa[N=512],M2 joint CC-SAA (N=512),512.0,SD-SRC14,SDSRC14_MAIN9,15.449598916312635,0.0823,0.0869610231464151,,,,,,,
C,root,SD-SRC12,SRC12,0.05,,,,,,,,0.0,True,1.0,35.0,True,0.0254,0.0281428174891358,SDSRC12_MAIN9:M2[N=1024]@alpha=0.05,per_method_report.csv:grid_min_rate_upper (entries only),SDSRC12_MAIN9:M2[N=1024]@alpha=0.05,M2_joint_chance_saa[N=1024],M2 joint CC-SAA (N=1024),1024.0,SD-SRC12,SDSRC12_MAIN9,23.291695678558067,0.0254,0.0281428174891358,,,,,,,
C,root,SD-SRC12,SRC12,0.05,,,,,,,,1.0,True,2.0,35.0,True,0.014,0.0160913066234535,SDSRC12_MAIN9:M2[N=1024]@alpha=0.05,per_method_report.csv:grid_min_rate_upper (entries only),SDSRC14_MAIN9:M2[N=512]@alpha=0.05,M2_joint_chance_saa[N=512],M2 joint CC-SAA (N=512),512.0,SD-SRC14,SDSRC14_MAIN9,17.028151754153043,0.0393,0.0426470937218927,,,,,,,
C,root,SD-SRC12,SRC12,0.05,,,,,,,,2.0,True,2.0,35.0,True,0.014,0.0160913066234535,SDSRC12_MAIN9:M2[N=1024]@alpha=0.05,per_method_report.csv:grid_min_rate_upper (entries only),SDSRC12_MAIN9:M2[N=1024]@alpha=0.05,M2_joint_chance_saa[N=1024],M2 joint CC-SAA (N=1024),1024.0,SD-SRC12,SDSRC12_MAIN9,22.770578736396253,0.0153,0.0174771878841579,,,,,,,
C,root,SD-SRC12,SRC12,0.01,,,,,,,,0.0,True,0.0,35.0,False,0.0573,0.061269402242422,SDSRC14_MAIN9:M2[N=1024]@alpha=0.01,per_method_report.csv:grid_min_rate_upper (entries only),,,,,,,,,,,,,,,,
C,root,SD-SRC12,SRC12,0.01,,,,,,,,1.0,True,0.0,35.0,False,0.0347,0.0378626256790562,SDSRC14_MAIN9:M2[N=128]@alpha=0.01,per_method_report.csv:grid_min_rate_upper (entries only),,,,,,,,,,,,,,,,
C,root,SD-SRC12,SRC12,0.01,,,,,,,,2.0,True,0.0,35.0,False,0.0299,0.0328549280410184,SDSRC14_MAIN9:M2[N=1024]@alpha=0.01,per_method_report.csv:grid_min_rate_upper (entries only),,,,,,,,,,,,,,,,
C,root,SD-SRC14,SRC14,0.1,,,,,,,,0.0,True,7.0,35.0,True,0.003,0.004066874992626,"SDSRC14_MAIN9:M3b[factory box k=1, Gamma selected]@alpha=0.1",per_method_report.csv:grid_min_rate_upper (entries only),SDSRC14_MAIN9:M2[N=1024]@alpha=0.1,M2_joint_chance_saa[N=1024],M2 joint CC-SAA (N=1024),1024.0,SD-SRC14,SDSRC14_MAIN9,15.433266087878405,0.0557,0.0596192361149189,,,,,,,
C,root,SD-SRC14,SRC14,0.1,,,,,,,,1.0,True,7.0,35.0,True,0.0033,0.004410052749836,"SDSRC14_MAIN9:M3b[factory box k=1, Gamma selected]@alpha=0.1",per_method_report.csv:grid_min_rate_upper (entries only),SDSRC14_MAIN9:M2[N=1024]@alpha=0.1,M2_joint_chance_saa[N=1024],M2 joint CC-SAA (N=1024),1024.0,SD-SRC14,SDSRC14_MAIN9,15.594826058238965,0.0437,0.0472124043564132,,,,,,,
C,root,SD-SRC14,SRC14,0.1,,,,,,,,2.0,True,8.0,35.0,True,0.0036,0.0047513287850576,"SDSRC14_MAIN9:M3b[factory box k=1, Gamma selected]@alpha=0.1",per_method_report.csv:grid_min_rate_upper (entries only),SDSRC14_MAIN9:M2[N=512]@alpha=0.1,M2_joint_chance_saa[N=512],M2 joint CC-SAA (N=512),512.0,SD-SRC14,SDSRC14_MAIN9,15.449598916312635,0.0547,0.0585874421849706,,,,,,,
C,root,SD-SRC14,SRC14,0.05,,,,,,,,0.0,True,4.0,35.0,True,0.003,0.004066874992626,"SDSRC14_MAIN9:M3b[factory box k=1, Gamma selected]@alpha=0.05",per_method_report.csv:grid_min_rate_upper (entries only),SDSRC14_MAIN9:M2[N=512]@alpha=0.05,M2_joint_chance_saa[N=512],M2 joint CC-SAA (N=512),512.0,SD-SRC14,SDSRC14_MAIN9,17.009109229881545,0.0318,0.0348392034084708,,,,,,,
C,root,SD-SRC14,SRC14,0.05,,,,,,,,1.0,True,4.0,35.0,True,0.0033,0.004410052749836,"SDSRC14_MAIN9:M3b[factory box k=1.5, Gamma selected]@alpha=0.05",per_method_report.csv:grid_min_rate_upper (entries only),SDSRC14_MAIN9:M2[N=512]@alpha=0.05,M2_joint_chance_saa[N=512],M2 joint CC-SAA (N=512),512.0,SD-SRC14,SDSRC14_MAIN9,17.028151754153043,0.0223,0.0248845598779032,,,,,,,
C,root,SD-SRC14,SRC14,0.05,,,,,,,,2.0,True,5.0,35.0,True,0.0036,0.0047513287850576,"SDSRC14_MAIN9:M3b[factory box k=1.5, Gamma selected]@alpha=0.05",per_method_report.csv:grid_min_rate_upper (entries only),SDSRC14_MAIN9:M2[N=1024]@alpha=0.05,M2_joint_chance_saa[N=1024],M2 joint CC-SAA (N=1024),1024.0,SD-SRC14,SDSRC14_MAIN9,16.97563119720136,0.0197,0.0221424669795033,,,,,,,
C,root,SD-SRC14,SRC14,0.01,,,,,,,,0.0,True,1.0,35.0,True,0.003,0.004066874992626,"SDSRC14_MAIN9:M3b[factory box k=1.5, Gamma selected]@alpha=0.01",per_method_report.csv:grid_min_rate_upper (entries only),"SDSRC14_MAIN9:M3b[factory box k=1.5, Gamma selected]@alpha=0.01",M3b_budget_robust,M3b budget robust,,SD-SRC14,SDSRC14_MAIN9,30.097009180541544,0.003,0.004066874992626,,,,,,,
C,root,SD-SRC14,SRC14,0.01,,,,,,,,1.0,True,2.0,35.0,True,0.0033,0.004410052749836,"SDSRC14_MAIN9:M3b[factory box k=1.5, Gamma selected]@alpha=0.01",per_method_report.csv:grid_min_rate_upper (entries only),SDSRC14_MAIN9:M2[N=1024]@alpha=0.01,M2_joint_chance_saa[N=1024],M2 joint CC-SAA (N=1024),1024.0,SD-SRC14,SDSRC14_MAIN9,20.282058700559723,0.0049,0.0062130084053166,,,,,,,
C,root,SD-SRC14,SRC14,0.01,,,,,,,,2.0,True,2.0,35.0,True,0.0036,0.0047513287850576,"SDSRC14_MAIN9:M3b[factory box k=1.5, Gamma selected]@alpha=0.01",per_method_report.csv:grid_min_rate_upper (entries only),SDSRC14_MAIN9:M2[N=1024]@alpha=0.01,M2_joint_chance_saa[N=1024],M2 joint CC-SAA (N=1024),1024.0,SD-SRC14,SDSRC14_MAIN9,20.591899942881618,0.005,0.0063244997707938,,,,,,,
C,root,SD-12MO,MO12,0.1,,,,,,,,0.0,True,16.0,35.0,True,0.0015,0.0023087778041997,SDSRC12_MAIN9:M2[N=1024]@alpha=0.1,per_method_report.csv:grid_min_rate_upper (entries only),SDS2_MAIN9:M2[N=512]@alpha=0.1,M2_joint_chance_saa[N=512],M2 joint CC-SAA (N=512),512.0,SD-S2,SDS2_MAIN9,9.292177587717031,0.0599,0.0639491511444901,,,,,,,
C,root,SD-12MO,MO12,0.1,,,,,,,,1.0,True,14.0,35.0,True,0.0002,0.0006294441486871,SDSRC12_MAIN9:M2[N=1024]@alpha=0.1,per_method_report.csv:grid_min_rate_upper (entries only),SDS2_MAIN9:M2[N=1024]@alpha=0.1,M2_joint_chance_saa[N=1024],M2 joint CC-SAA (N=1024),1024.0,SD-S2,SDS2_MAIN9,9.230217736995217,0.0524,0.0562129763465484,,,,,,,
C,root,SD-12MO,MO12,0.1,,,,,,,,2.0,True,17.0,35.0,True,0.0004,0.000915116058471,SDSRC12_MAIN9:M2[N=128]@alpha=0.1,per_method_report.csv:grid_min_rate_upper (entries only),SDS2_MAIN9:M2[N=1024]@alpha=0.1,M2_joint_chance_saa[N=1024],M2 joint CC-SAA (N=1024),1024.0,SD-S2,SDS2_MAIN9,9.240376301349485,0.07,0.074340281789662,,,,,,,
C,root,SD-12MO,MO12,0.05,,,,,,,,0.0,True,11.0,35.0,True,0.0011,0.0018200952643435,SDSRC12_MAIN9:M2[N=1024]@alpha=0.05,per_method_report.csv:grid_min_rate_upper (entries only),SDS2_MAIN9:M2[N=1024]@alpha=0.05,M2_joint_chance_saa[N=1024],M2 joint CC-SAA (N=1024),1024.0,SD-S2,SDS2_MAIN9,10.434213782246605,0.0323,0.0353609159911726,,,,,,,
C,root,SD-12MO,MO12,0.05,,,,,,,,1.0,True,11.0,35.0,True,0.0001,0.0004742976591654,SDSRC14_MAIN9:M2[N=128]@alpha=0.05,per_method_report.csv:grid_min_rate_upper (entries only),SDS2_MAIN9:M2[N=1024]@alpha=0.05,M2_joint_chance_saa[N=1024],M2 joint CC-SAA (N=1024),1024.0,SD-S2,SDS2_MAIN9,10.711563833955928,0.0229,0.025516072766601,,,,,,,
C,root,SD-12MO,MO12,0.05,,,,,,,,2.0,True,14.0,35.0,True,0.0005,0.0010510137186384,SDSRC12_MAIN9:M2[N=1024]@alpha=0.05,per_method_report.csv:grid_min_rate_upper (entries only),SDS2_MAIN9:M2[N=1024]@alpha=0.05,M2_joint_chance_saa[N=1024],M2 joint CC-SAA (N=1024),1024.0,SD-S2,SDS2_MAIN9,10.449163150355535,0.0276,0.0304488730784454,,,,,,,
C,root,SD-12MO,MO12,0.01,,,,,,,,0.0,True,1.0,35.0,True,0.0014,0.0021877855042221,SDSRC12_MAIN9:M2[N=128]@alpha=0.01,per_method_report.csv:grid_min_rate_upper (entries only),SDS2_MAIN9:M2[N=512]@alpha=0.01,M2_joint_chance_saa[N=512],M2 joint CC-SAA (N=512),512.0,SD-S2,SDS2_MAIN9,13.050255234135633,0.0069,0.0084241881561335,,,,,,,
C,root,SD-12MO,MO12,0.01,,,,,,,,1.0,True,0.0,35.0,False,0.0001,0.0004742976591654,SDSRC14_MAIN9:M2[N=128]@alpha=0.01,per_method_report.csv:grid_min_rate_upper (entries only),,,,,,,,,,,,,,,,
C,root,SD-12MO,MO12,0.01,,,,,,,,2.0,True,1.0,35.0,True,0.0011,0.0018200952643435,SDSRC14_MAIN9:M2[N=128]@alpha=0.01,per_method_report.csv:grid_min_rate_upper (entries only),SD12MO_MAIN9:M2[N=1024]@alpha=0.01,M2_joint_chance_saa[N=1024],M2 joint CC-SAA (N=1024),1024.0,SD-12MO,SD12MO_MAIN9,15.93510578752786,0.0055,0.0068803009764198,,,,,,,
C,root,SD-S2,NARROW,0.1,,,,,,,,0.0,True,16.0,35.0,True,0.0,0.0002995283597766,"SDS2_MAIN9:M3b[factory box k=1.5, Gamma selected]@alpha=0.1",per_method_report.csv:grid_min_rate_upper (entries only),SDS2_MAIN9:M2[N=512]@alpha=0.1,M2_joint_chance_saa[N=512],M2 joint CC-SAA (N=512),512.0,SD-S2,SDS2_MAIN9,9.292177587717031,0.0571,0.0610631779285158,,,,,,,
C,root,SD-S2,NARROW,0.1,,,,,,,,1.0,True,14.0,35.0,True,0.0,0.0002995283597766,SDSRC12_MAIN9:M2[N=1024]@alpha=0.1,per_method_report.csv:grid_min_rate_upper (entries only),SDS2_MAIN9:M2[N=1024]@alpha=0.1,M2_joint_chance_saa[N=1024],M2 joint CC-SAA (N=1024),1024.0,SD-S2,SDS2_MAIN9,9.230217736995217,0.0512,0.0549733532235281,,,,,,,
C,root,SD-S2,NARROW,0.1,,,,,,,,2.0,True,17.0,35.0,True,0.0,0.0002995283597766,SDS2_MAIN9:M3a[factory box]@alpha=0.1,per_method_report.csv:grid_min_rate_upper (entries only),SDS2_MAIN9:M2[N=1024]@alpha=0.1,M2_joint_chance_saa[N=1024],M2 joint CC-SAA (N=1024),1024.0,SD-S2,SDS2_MAIN9,9.240376301349485,0.0685,0.0727987731358498,,,,,,,
C,root,SD-S2,NARROW,0.05,,,,,,,,0.0,True,12.0,35.0,True,0.0,0.0002995283597766,"SDS2_MAIN9:M3b[factory box k=1.5, Gamma selected]@alpha=0.05",per_method_report.csv:grid_min_rate_upper (entries only),SDS2_MAIN9:M2[N=1024]@alpha=0.05,M2_joint_chance_saa[N=1024],M2 joint CC-SAA (N=1024),1024.0,SD-S2,SDS2_MAIN9,10.434213782246605,0.0318,0.0348392034084708,,,,,,,
C,root,SD-S2,NARROW,0.05,,,,,,,,1.0,True,11.0,35.0,True,0.0,0.0002995283597766,SDSRC12_MAIN9:M2[N=1024]@alpha=0.05,per_method_report.csv:grid_min_rate_upper (entries only),SDS2_MAIN9:M2[N=1024]@alpha=0.05,M2_joint_chance_saa[N=1024],M2 joint CC-SAA (N=1024),1024.0,SD-S2,SDS2_MAIN9,10.711563833955928,0.0221,0.024673954784187,,,,,,,
C,root,SD-S2,NARROW,0.05,,,,,,,,2.0,True,14.0,35.0,True,0.0,0.0002995283597766,SDS2_MAIN9:M3a[factory box]@alpha=0.05,per_method_report.csv:grid_min_rate_upper (entries only),SDS2_MAIN9:M2[N=1024]@alpha=0.05,M2_joint_chance_saa[N=1024],M2 joint CC-SAA (N=1024),1024.0,SD-S2,SDS2_MAIN9,10.449163150355535,0.027,0.0298204191068459,,,,,,,
C,root,SD-S2,NARROW,0.01,,,,,,,,0.0,True,3.0,35.0,True,0.0,0.0002995283597766,"SDS2_MAIN9:M3b[factory box k=1.5, Gamma selected]@alpha=0.01",per_method_report.csv:grid_min_rate_upper (entries only),SDS2_MAIN9:M2[N=512]@alpha=0.01,M2_joint_chance_saa[N=512],M2 joint CC-SAA (N=512),512.0,SD-S2,SDS2_MAIN9,13.050255234135633,0.0054,0.0067693512642759,,,,,,,
C,root,SD-S2,NARROW,0.01,,,,,,,,1.0,True,4.0,35.0,True,0.0,0.0002995283597766,SDSRC14_MAIN9:M2[N=1024]@alpha=0.01,per_method_report.csv:grid_min_rate_upper (entries only),"SDS2_MAIN9:M3b[factory box k=1.5, Gamma selected]@alpha=0.01",M3b_budget_robust,M3b budget robust,,SD-S2,SDS2_MAIN9,16.796219115929567,0.0033,0.004410052749836,,,,,,,
C,root,SD-S2,NARROW,0.01,,,,,,,,2.0,True,6.0,35.0,True,0.0,0.0002995283597766,SDS2_MAIN9:M3a[factory box]@alpha=0.01,per_method_report.csv:grid_min_rate_upper (entries only),SDS2_MAIN9:M2[N=1024]@alpha=0.01,M2_joint_chance_saa[N=1024],M2 joint CC-SAA (N=1024),1024.0,SD-S2,SDS2_MAIN9,13.772533515904751,0.0069,0.0084241881561335,,,,,,,
R0,m0_baseline,SD-12MO,MO12,,,,,,,,,0.0,,,,,,,,,,,,,,,,,,SD12MO_MAIN9,SD12MO_MAIN9:M0,0.9529,0.9529,0.9563366400731736,,
R0,m0_baseline,SD-H0,TAB,,,,,,,,,0.0,,,,,,,,,,,,,,,,,,SDH0_MAIN9,SDH0_MAIN9:M0,0.9567,0.9567,0.9599989318649929,,
R0,m0_baseline,SD-S2,NARROW,,,,,,,,,0.0,,,,,,,,,,,,,,,,,,SDS2_MAIN9,SDS2_MAIN9:M0,0.968,0.968,0.9708435548728273,,
R0,m0_baseline,SD-SRC12,SRC12,,,,,,,,,0.0,,,,,,,,,,,,,,,,,,SDSRC12_MAIN9,SDSRC12_MAIN9:M0,0.9576,0.9576,0.9608653157593594,,
R0,m0_baseline,SD-SRC14,SRC14,,,,,,,,,0.0,,,,,,,,,,,,,,,,,,SDSRC14_MAIN9,SDSRC14_MAIN9:M0,0.9729,0.9729,0.9755183224571036,,
R0,m0_baseline,SD-12MO,MO12,,,,,,,,,1.0,,,,,,,,,,,,,,,,,,SD12MO_MAIN9,SD12MO_MAIN9:M0,0.9537,0.9537,0.9571081935935096,,
R0,m0_baseline,SD-H0,TAB,,,,,,,,,1.0,,,,,,,,,,,,,,,,,,SDH0_MAIN9,SDH0_MAIN9:M0,0.9581,0.9581,0.961346464886179,,
R0,m0_baseline,SD-S2,NARROW,,,,,,,,,1.0,,,,,,,,,,,,,,,,,,SDS2_MAIN9,SDS2_MAIN9:M0,0.9694,0.9694,0.9721812486819964,,
R0,m0_baseline,SD-SRC12,SRC12,,,,,,,,,1.0,,,,,,,,,,,,,,,,,,SDSRC12_MAIN9,SDSRC12_MAIN9:M0,0.9617,0.9617,0.964806821655434,,
R0,m0_baseline,SD-SRC14,SRC14,,,,,,,,,1.0,,,,,,,,,,,,,,,,,,SDSRC14_MAIN9,SDSRC14_MAIN9:M0,0.9768,0.9768,0.9792227188980074,,
R0,m0_baseline,SD-12MO,MO12,,,,,,,,,2.0,,,,,,,,,,,,,,,,,,SD12MO_MAIN9,SD12MO_MAIN9:M0,0.9524,0.9524,0.9558542780498354,,
R0,m0_baseline,SD-H0,TAB,,,,,,,,,2.0,,,,,,,,,,,,,,,,,,SDH0_MAIN9,SDH0_MAIN9:M0,0.9564,0.9564,0.9597100487962972,,
R0,m0_baseline,SD-S2,NARROW,,,,,,,,,2.0,,,,,,,,,,,,,,,,,,SDS2_MAIN9,SDS2_MAIN9:M0,0.9687,0.9687,0.9715125928129352,,
R0,m0_baseline,SD-SRC12,SRC12,,,,,,,,,2.0,,,,,,,,,,,,,,,,,,SDSRC12_MAIN9,SDSRC12_MAIN9:M0,0.9603,0.9603,0.9634619710577212,,
R0,m0_baseline,SD-SRC14,SRC14,,,,,,,,,2.0,,,,,,,,,,,,,,,,,,SDSRC14_MAIN9,SDSRC14_MAIN9:M0,0.9734,0.9734,0.975994133543531,,
A,m0_baseline,SD-12MO,MO12,,,,,,,,,0.0,,,,,,,,,,,,,,,,,,SD12MO_MAIN9,SD12MO_MAIN9:M0,0.8032,0.8032,0.8097237760937208,,
A,m0_baseline,SD-H0,TAB,,,,,,,,,0.0,,,,,,,,,,,,,,,,,,SDH0_MAIN9,SDH0_MAIN9:M0,0.8755,0.8755,0.8808991863824648,,
A,m0_baseline,SD-S2,NARROW,,,,,,,,,0.0,,,,,,,,,,,,,,,,,,SDS2_MAIN9,SDS2_MAIN9:M0,0.8032,0.8032,0.8097237760937208,,
A,m0_baseline,SD-SRC12,SRC12,,,,,,,,,0.0,,,,,,,,,,,,,,,,,,SDSRC12_MAIN9,SDSRC12_MAIN9:M0,0.8755,0.8755,0.8808991863824648,,
A,m0_baseline,SD-SRC14,SRC14,,,,,,,,,0.0,,,,,,,,,,,,,,,,,,SDSRC14_MAIN9,SDSRC14_MAIN9:M0,0.8755,0.8755,0.8808991863824648,,
A,m0_baseline,SD-12MO,MO12,,,,,,,,,1.0,,,,,,,,,,,,,,,,,,SD12MO_MAIN9,SD12MO_MAIN9:M0,0.8037,0.8037,0.8102173889211403,,
A,m0_baseline,SD-H0,TAB,,,,,,,,,1.0,,,,,,,,,,,,,,,,,,SDH0_MAIN9,SDH0_MAIN9:M0,0.8698,0.8698,0.8753052223906154,,
A,m0_baseline,SD-S2,NARROW,,,,,,,,,1.0,,,,,,,,,,,,,,,,,,SDS2_MAIN9,SDS2_MAIN9:M0,0.8037,0.8037,0.8102173889211403,,
A,m0_baseline,SD-SRC12,SRC12,,,,,,,,,1.0,,,,,,,,,,,,,,,,,,SDSRC12_MAIN9,SDSRC12_MAIN9:M0,0.8698,0.8698,0.8753052223906154,,
A,m0_baseline,SD-SRC14,SRC14,,,,,,,,,1.0,,,,,,,,,,,,,,,,,,SDSRC14_MAIN9,SDSRC14_MAIN9:M0,0.8698,0.8698,0.8753052223906154,,
A,m0_baseline,SD-12MO,MO12,,,,,,,,,2.0,,,,,,,,,,,,,,,,,,SD12MO_MAIN9,SD12MO_MAIN9:M0,0.8084,0.8084,0.814856541019946,,
A,m0_baseline,SD-H0,TAB,,,,,,,,,2.0,,,,,,,,,,,,,,,,,,SDH0_MAIN9,SDH0_MAIN9:M0,0.876,0.876,0.8813897109269009,,
A,m0_baseline,SD-S2,NARROW,,,,,,,,,2.0,,,,,,,,,,,,,,,,,,SDS2_MAIN9,SDS2_MAIN9:M0,0.8084,0.8084,0.814856541019946,,
A,m0_baseline,SD-SRC12,SRC12,,,,,,,,,2.0,,,,,,,,,,,,,,,,,,SDSRC12_MAIN9,SDSRC12_MAIN9:M0,0.876,0.876,0.8813897109269009,,
A,m0_baseline,SD-SRC14,SRC14,,,,,,,,,2.0,,,,,,,,,,,,,,,,,,SDSRC14_MAIN9,SDSRC14_MAIN9:M0,0.876,0.876,0.8813897109269009,,
B,m0_baseline,SD-12MO,MO12,,,,,,,,,0.0,,,,,,,,,,,,,,,,,,SD12MO_MAIN9,SD12MO_MAIN9:M0,0.9535,0.9535,0.9569153315495248,,
B,m0_baseline,SD-H0,TAB,,,,,,,,,0.0,,,,,,,,,,,,,,,,,,SDH0_MAIN9,SDH0_MAIN9:M0,0.9588,0.9589,0.9621160365275556,,
B,m0_baseline,SD-S2,NARROW,,,,,,,,,0.0,,,,,,,,,,,,,,,,,,SDS2_MAIN9,SDS2_MAIN9:M0,0.9683,0.9683,0.9711303314128884,,
B,m0_baseline,SD-SRC12,SRC12,,,,,,,,,0.0,,,,,,,,,,,,,,,,,,SDSRC12_MAIN9,SDSRC12_MAIN9:M0,0.9597,0.9599,0.9630775265494828,,
B,m0_baseline,SD-SRC14,SRC14,,,,,,,,,0.0,,,,,,,,,,,,,,,,,,SDSRC14_MAIN9,SDSRC14_MAIN9:M0,0.9763,0.9765,0.978938364890196,,
B,m0_baseline,SD-12MO,MO12,,,,,,,,,1.0,,,,,,,,,,,,,,,,,,SD12MO_MAIN9,SD12MO_MAIN9:M0,0.9502,0.9502,0.9537306399947824,,
B,m0_baseline,SD-H0,TAB,,,,,,,,,1.0,,,,,,,,,,,,,,,,,,SDH0_MAIN9,SDH0_MAIN9:M0,0.9541,0.9541,0.9574938643580246,,
B,m0_baseline,SD-S2,NARROW,,,,,,,,,1.0,,,,,,,,,,,,,,,,,,SDS2_MAIN9,SDS2_MAIN9:M0,0.9663,0.9663,0.9692172306184176,,
B,m0_baseline,SD-SRC12,SRC12,,,,,,,,,1.0,,,,,,,,,,,,,,,,,,SDSRC12_MAIN9,SDSRC12_MAIN9:M0,0.9578,0.9578,0.9610577906189272,,
B,m0_baseline,SD-SRC14,SRC14,,,,,,,,,1.0,,,,,,,,,,,,,,,,,,SDSRC14_MAIN9,SDSRC14_MAIN9:M0,0.9742,0.9742,0.9767549145311272,,
B,m0_baseline,SD-12MO,MO12,,,,,,,,,2.0,,,,,,,,,,,,,,,,,,SD12MO_MAIN9,SD12MO_MAIN9:M0,0.9543,0.9543,0.957686672857363,,
B,m0_baseline,SD-H0,TAB,,,,,,,,,2.0,,,,,,,,,,,,,,,,,,SDH0_MAIN9,SDH0_MAIN9:M0,0.9563,0.9563,0.959613744754096,,
B,m0_baseline,SD-S2,NARROW,,,,,,,,,2.0,,,,,,,,,,,,,,,,,,SDS2_MAIN9,SDS2_MAIN9:M0,0.9668,0.9668,0.9696957782503732,,
B,m0_baseline,SD-SRC12,SRC12,,,,,,,,,2.0,,,,,,,,,,,,,,,,,,SDSRC12_MAIN9,SDSRC12_MAIN9:M0,0.9587,0.9587,0.9619236748112338,,
B,m0_baseline,SD-SRC14,SRC14,,,,,,,,,2.0,,,,,,,,,,,,,,,,,,SDSRC14_MAIN9,SDSRC14_MAIN9:M0,0.9723,0.9724,0.9750422709423038,,
C,m0_baseline,SD-12MO,MO12,,,,,,,,,0.0,,,,,,,,,,,,,,,,,,SD12MO_MAIN9,SD12MO_MAIN9:M0,0.8076,0.8076,0.8140670022100215,,
C,m0_baseline,SD-H0,TAB,,,,,,,,,0.0,,,,,,,,,,,,,,,,,,SDH0_MAIN9,SDH0_MAIN9:M0,0.8741,0.8741,0.8795255661302405,,
C,m0_baseline,SD-S2,NARROW,,,,,,,,,0.0,,,,,,,,,,,,,,,,,,SDS2_MAIN9,SDS2_MAIN9:M0,0.8076,0.8076,0.8140670022100215,,
C,m0_baseline,SD-SRC12,SRC12,,,,,,,,,0.0,,,,,,,,,,,,,,,,,,SDSRC12_MAIN9,SDSRC12_MAIN9:M0,0.8741,0.8741,0.8795255661302405,,
C,m0_baseline,SD-SRC14,SRC14,,,,,,,,,0.0,,,,,,,,,,,,,,,,,,SDSRC14_MAIN9,SDSRC14_MAIN9:M0,0.8741,0.8741,0.8795255661302405,,
C,m0_baseline,SD-12MO,MO12,,,,,,,,,1.0,,,,,,,,,,,,,,,,,,SD12MO_MAIN9,SD12MO_MAIN9:M0,0.8032,0.8032,0.8097237760937208,,
C,m0_baseline,SD-H0,TAB,,,,,,,,,1.0,,,,,,,,,,,,,,,,,,SDH0_MAIN9,SDH0_MAIN9:M0,0.8719,0.8719,0.8773665751076721,,
C,m0_baseline,SD-S2,NARROW,,,,,,,,,1.0,,,,,,,,,,,,,,,,,,SDS2_MAIN9,SDS2_MAIN9:M0,0.8032,0.8032,0.8097237760937208,,
C,m0_baseline,SD-SRC12,SRC12,,,,,,,,,1.0,,,,,,,,,,,,,,,,,,SDSRC12_MAIN9,SDSRC12_MAIN9:M0,0.8719,0.8719,0.8773665751076721,,
C,m0_baseline,SD-SRC14,SRC14,,,,,,,,,1.0,,,,,,,,,,,,,,,,,,SDSRC14_MAIN9,SDSRC14_MAIN9:M0,0.8719,0.8719,0.8773665751076721,,
C,m0_baseline,SD-12MO,MO12,,,,,,,,,2.0,,,,,,,,,,,,,,,,,,SD12MO_MAIN9,SD12MO_MAIN9:M0,0.8101,0.8101,0.8165341673828921,,
C,m0_baseline,SD-H0,TAB,,,,,,,,,2.0,,,,,,,,,,,,,,,,,,SDH0_MAIN9,SDH0_MAIN9:M0,0.8769,0.8769,0.8822725826341431,,
C,m0_baseline,SD-S2,NARROW,,,,,,,,,2.0,,,,,,,,,,,,,,,,,,SDS2_MAIN9,SDS2_MAIN9:M0,0.8101,0.8101,0.8165341673828921,,
C,m0_baseline,SD-SRC12,SRC12,,,,,,,,,2.0,,,,,,,,,,,,,,,,,,SDSRC12_MAIN9,SDSRC12_MAIN9:M0,0.8769,0.8769,0.8822725826341431,,
C,m0_baseline,SD-SRC14,SRC14,,,,,,,,,2.0,,,,,,,,,,,,,,,,,,SDSRC14_MAIN9,SDSRC14_MAIN9:M0,0.8769,0.8769,0.8822725826341431,,
R0,m0_range,,,,,,,,,,,,,,,,,,,,,,,,,,,,,,,,,,0.9524,0.9768
A,m0_range,,,,,,,,,,,,,,,,,,,,,,,,,,,,,,,,,,0.8032,0.876
B,m0_range,,,,,,,,,,,,,,,,,,,,,,,,,,,,,,,,,,0.9502,0.9765
C,m0_range,,,,,,,,,,,,,,,,,,,,,,,,,,,,,,,,,,0.8032,0.8769
