arm,row_type,root_k,evaluation_world,panel_label,target_alpha,method_family,family_label,cost_premium_pct,label,cell_id,objective_arm,training_setting,rate_lower,rate_upper,cp_upper,n_members,n_entries_attempted,set_empty,set_in_run
A,cheapest_member_of_family,2,SD-S2,NARROW,0.1,M2_joint_chance_saa[N=1024],M2 joint CC-SAA (N=1024),9.074063223987983,SDS2_MAIN9:M2[N=1024]@alpha=0.1,SDS2_MAIN9,MAIN9,SD-S2,0.0679,0.0679,0.0721820101698226,,,,
A,cheapest_member_of_family,2,SD-12MO,MO12,0.1,M2_joint_chance_saa[N=1024],M2 joint CC-SAA (N=1024),9.074063223987983,SDS2_MAIN9:M2[N=1024]@alpha=0.1,SDS2_MAIN9,MAIN9,SD-S2,0.0677,0.0677,0.0719764019436287,,,,
A,cheapest_member_of_family,1,SD-S2,NARROW,0.1,M2_joint_chance_saa[N=512],M2 joint CC-SAA (N=512),9.092092029129727,SDS2_MAIN9:M2[N=512]@alpha=0.1,SDS2_MAIN9,MAIN9,SD-S2,0.056,0.056,0.0599287075584776,,,,
A,cheapest_member_of_family,1,SD-12MO,MO12,0.1,M2_joint_chance_saa[N=512],M2 joint CC-SAA (N=512),9.092092029129727,SDS2_MAIN9:M2[N=512]@alpha=0.1,SDS2_MAIN9,MAIN9,SD-S2,0.0583,0.0583,0.0623003289426181,,,,
A,cheapest_member_of_family,1,SD-S2,NARROW,0.1,M2_joint_chance_saa[N=1024],M2 joint CC-SAA (N=1024),9.151922122697243,SDS2_MAIN9:M2[N=1024]@alpha=0.1,SDS2_MAIN9,MAIN9,SD-S2,0.0547,0.0547,0.0585874421849706,,,,
A,cheapest_member_of_family,1,SD-12MO,MO12,0.1,M2_joint_chance_saa[N=1024],M2 joint CC-SAA (N=1024),9.151922122697243,SDS2_MAIN9:M2[N=1024]@alpha=0.1,SDS2_MAIN9,MAIN9,SD-S2,0.0555,0.0555,0.0594129048235113,,,,
A,cheapest_member_of_family,0,SD-S2,NARROW,0.1,M2_joint_chance_saa[N=512],M2 joint CC-SAA (N=512),9.261019056708797,SDS2_MAIN9:M2[N=512]@alpha=0.1,SDS2_MAIN9,MAIN9,SD-S2,0.0462,0.0462,0.049802094421719,,,,
A,cheapest_member_of_family,0,SD-12MO,MO12,0.1,M2_joint_chance_saa[N=512],M2 joint CC-SAA (N=512),9.261019056708797,SDS2_MAIN9:M2[N=512]@alpha=0.1,SDS2_MAIN9,MAIN9,SD-S2,0.0468,0.0468,0.0504231992665294,,,,
A,cheapest_member_of_family,0,SD-S2,NARROW,0.1,M2_joint_chance_saa[N=1024],M2 joint CC-SAA (N=1024),9.339180216307131,SDS2_MAIN9:M2[N=1024]@alpha=0.1,SDS2_MAIN9,MAIN9,SD-S2,0.0627,0.0627,0.0668327148333091,,,,
A,cheapest_member_of_family,0,SD-12MO,MO12,0.1,M2_joint_chance_saa[N=1024],M2 joint CC-SAA (N=1024),9.339180216307131,SDS2_MAIN9:M2[N=1024]@alpha=0.1,SDS2_MAIN9,MAIN9,SD-S2,0.0641,0.0641,0.0682736404436612,,,,
A,cheapest_member_of_family,2,SD-S2,NARROW,0.1,M2_joint_chance_saa[N=512],M2 joint CC-SAA (N=512),9.570117444493299,SDS2_MAIN9:M2[N=512]@alpha=0.1,SDS2_MAIN9,MAIN9,SD-S2,0.0536,0.0536,0.0574520653735535,,,,
A,cheapest_member_of_family,2,SD-12MO,MO12,0.1,M2_joint_chance_saa[N=512],M2 joint CC-SAA (N=512),9.570117444493299,SDS2_MAIN9:M2[N=512]@alpha=0.1,SDS2_MAIN9,MAIN9,SD-S2,0.0543,0.0543,0.058174627389267,,,,
A,cheapest_member_of_family,1,SD-S2,NARROW,0.1,M2_joint_chance_saa[N=128],M2 joint CC-SAA (N=128),9.636066697780809,SD12MO_MAIN9:M2[N=128]@alpha=0.1,SD12MO_MAIN9,MAIN9,SD-12MO,0.0518,0.0518,0.0555932326364598,,,,
A,cheapest_member_of_family,1,SD-12MO,MO12,0.1,M2_joint_chance_saa[N=128],M2 joint CC-SAA (N=128),9.636066697780809,SD12MO_MAIN9:M2[N=128]@alpha=0.1,SD12MO_MAIN9,MAIN9,SD-12MO,0.0524,0.0524,0.0562129763465484,,,,
A,cheapest_member_of_family,2,SD-S2,NARROW,0.1,M2_joint_chance_saa[N=128],M2 joint CC-SAA (N=128),10.01846447109922,SDS2_MAIN9:M2[N=128]@alpha=0.1,SDS2_MAIN9,MAIN9,SD-S2,0.0623,0.0623,0.0664209188408926,,,,
A,cheapest_member_of_family,2,SD-12MO,MO12,0.1,M2_joint_chance_saa[N=128],M2 joint CC-SAA (N=128),10.01846447109922,SDS2_MAIN9:M2[N=128]@alpha=0.1,SDS2_MAIN9,MAIN9,SD-S2,0.0626,0.0626,0.0667297701729962,,,,
A,cheapest_member_of_family,2,SD-S2,NARROW,0.05,M2_joint_chance_saa[N=1024],M2 joint CC-SAA (N=1024),10.41785581160708,SDS2_MAIN9:M2[N=1024]@alpha=0.05,SDS2_MAIN9,MAIN9,SD-S2,0.0325,0.0325,0.03556954888209,,,,
A,cheapest_member_of_family,2,SD-12MO,MO12,0.05,M2_joint_chance_saa[N=1024],M2 joint CC-SAA (N=1024),10.41785581160708,SDS2_MAIN9:M2[N=1024]@alpha=0.05,SDS2_MAIN9,MAIN9,SD-S2,0.0333,0.0333,0.0364037890450201,,,,
A,cheapest_member_of_family,1,SD-S2,NARROW,0.05,M2_joint_chance_saa[N=512],M2 joint CC-SAA (N=512),10.666240900555767,SDS2_MAIN9:M2[N=512]@alpha=0.05,SDS2_MAIN9,MAIN9,SD-S2,0.0264,0.0264,0.0291916188803301,,,,
A,cheapest_member_of_family,1,SD-12MO,MO12,0.05,M2_joint_chance_saa[N=512],M2 joint CC-SAA (N=512),10.666240900555767,SDS2_MAIN9:M2[N=512]@alpha=0.05,SDS2_MAIN9,MAIN9,SD-S2,0.0275,0.0275,0.0303441543258202,,,,
A,cheapest_member_of_family,1,SD-S2,NARROW,0.05,M2_joint_chance_saa[N=1024],M2 joint CC-SAA (N=1024),10.669991887843722,SD12MO_MAIN9:M2[N=1024]@alpha=0.05,SD12MO_MAIN9,MAIN9,SD-12MO,0.0224,0.0224,0.0249898433199539,,,,
A,cheapest_member_of_family,1,SD-12MO,MO12,0.05,M2_joint_chance_saa[N=1024],M2 joint CC-SAA (N=1024),10.669991887843722,SD12MO_MAIN9:M2[N=1024]@alpha=0.05,SD12MO_MAIN9,MAIN9,SD-12MO,0.0235,0.0235,0.0261471454551582,,,,
A,cheapest_member_of_family,2,SD-S2,NARROW,0.05,M2_joint_chance_saa[N=512],M2 joint CC-SAA (N=512),10.697349130466671,SDS2_MAIN9:M2[N=512]@alpha=0.05,SDS2_MAIN9,MAIN9,SD-S2,0.0294,0.0294,0.0323322635542655,,,,
A,cheapest_member_of_family,2,SD-12MO,MO12,0.05,M2_joint_chance_saa[N=512],M2 joint CC-SAA (N=512),10.697349130466671,SDS2_MAIN9:M2[N=512]@alpha=0.05,SDS2_MAIN9,MAIN9,SD-S2,0.0304,0.0304,0.0333773851965528,,,,
A,cheapest_member_of_family,0,SD-S2,NARROW,0.05,M2_joint_chance_saa[N=1024],M2 joint CC-SAA (N=1024),10.978430808906015,SDS2_MAIN9:M2[N=1024]@alpha=0.05,SDS2_MAIN9,MAIN9,SD-S2,0.0152,0.0152,0.0173707203431889,,,,
A,cheapest_member_of_family,0,SD-12MO,MO12,0.05,M2_joint_chance_saa[N=1024],M2 joint CC-SAA (N=1024),10.978430808906015,SDS2_MAIN9:M2[N=1024]@alpha=0.05,SDS2_MAIN9,MAIN9,SD-S2,0.0151,0.0151,0.0172642305148864,,,,
A,cheapest_member_of_family,0,SD-S2,NARROW,0.05,M2_joint_chance_saa[N=512],M2 joint CC-SAA (N=512),11.298422606854718,SD12MO_MAIN9:M2[N=512]@alpha=0.05,SD12MO_MAIN9,MAIN9,SD-12MO,0.0259,0.0259,0.0286673459081799,,,,
A,cheapest_member_of_family,0,SD-12MO,MO12,0.05,M2_joint_chance_saa[N=512],M2 joint CC-SAA (N=512),11.298422606854718,SD12MO_MAIN9:M2[N=512]@alpha=0.05,SD12MO_MAIN9,MAIN9,SD-12MO,0.0266,0.0266,0.0294012581257669,,,,
A,cheapest_member_of_family,0,SD-S2,NARROW,0.1,M3b_budget_robust,M3b budget robust,11.808205712322572,"SDS2_MAIN9:M3b[factory box k=1.5, Gamma selected]@alpha=0.1",SDS2_MAIN9,MAIN9,SD-S2,0.0692,0.0692,0.0735182141145136,,,,
A,cheapest_member_of_family,0,SD-12MO,MO12,0.1,M3b_budget_robust,M3b budget robust,11.808205712322572,"SDS2_MAIN9:M3b[factory box k=1.5, Gamma selected]@alpha=0.1",SDS2_MAIN9,MAIN9,SD-S2,0.0739,0.0739,0.0783456411368222,,,,
A,cheapest_member_of_family,1,SD-S2,NARROW,0.1,M3b_budget_robust,M3b budget robust,11.808205712322572,"SDS2_MAIN9:M3b[factory box k=1.5, Gamma selected]@alpha=0.1",SDS2_MAIN9,MAIN9,SD-S2,0.0643,0.0643,0.0684794418670275,,,,
A,cheapest_member_of_family,1,SD-12MO,MO12,0.1,M3b_budget_robust,M3b budget robust,11.808205712322572,"SDS2_MAIN9:M3b[factory box k=1.5, Gamma selected]@alpha=0.1",SDS2_MAIN9,MAIN9,SD-S2,0.0681,0.0681,0.072387608082612,,,,
A,cheapest_member_of_family,2,SD-S2,NARROW,0.1,M3b_budget_robust,M3b budget robust,11.808205712322572,"SDS2_MAIN9:M3b[factory box k=1.5, Gamma selected]@alpha=0.1",SDS2_MAIN9,MAIN9,SD-S2,0.0697,0.0697,0.0740320250845603,,,,
A,cheapest_member_of_family,2,SD-12MO,MO12,0.1,M3b_budget_robust,M3b budget robust,11.808205712322572,"SDS2_MAIN9:M3b[factory box k=1.5, Gamma selected]@alpha=0.1",SDS2_MAIN9,MAIN9,SD-S2,0.0726,0.0726,0.0770109219010857,,,,
A,cheapest_member_of_family,1,SD-S2,NARROW,0.01,M2_joint_chance_saa[N=1024],M2 joint CC-SAA (N=1024),12.734099439253278,SDS2_MAIN9:M2[N=1024]@alpha=0.01,SDS2_MAIN9,MAIN9,SD-S2,0.005,0.005,0.0063244997707938,,,,
A,cheapest_member_of_family,1,SD-12MO,MO12,0.01,M2_joint_chance_saa[N=1024],M2 joint CC-SAA (N=1024),12.734099439253278,SDS2_MAIN9:M2[N=1024]@alpha=0.01,SDS2_MAIN9,MAIN9,SD-S2,0.0058,0.0058,0.0072125627397637,,,,
A,cheapest_member_of_family,2,SD-S2,NARROW,0.01,M2_joint_chance_saa[N=1024],M2 joint CC-SAA (N=1024),13.293039966672659,SDS2_MAIN9:M2[N=1024]@alpha=0.01,SDS2_MAIN9,MAIN9,SD-S2,0.0035,0.0035,0.0046377663474407,,,,
A,cheapest_member_of_family,2,SD-12MO,MO12,0.01,M2_joint_chance_saa[N=1024],M2 joint CC-SAA (N=1024),13.293039966672659,SDS2_MAIN9:M2[N=1024]@alpha=0.01,SDS2_MAIN9,MAIN9,SD-S2,0.0046,0.0046,0.0058778111850414,,,,
A,cheapest_member_of_family,0,SD-S2,NARROW,0.05,M3b_budget_robust,M3b budget robust,14.294853004083109,"SDS2_MAIN9:M3b[factory box k=1.5, Gamma selected]@alpha=0.05",SDS2_MAIN9,MAIN9,SD-S2,0.0235,0.0235,0.0261471454551582,,,,
A,cheapest_member_of_family,0,SD-12MO,MO12,0.05,M3b_budget_robust,M3b budget robust,14.294853004083109,"SDS2_MAIN9:M3b[factory box k=1.5, Gamma selected]@alpha=0.05",SDS2_MAIN9,MAIN9,SD-S2,0.0329,0.0329,0.0359867267302567,,,,
A,cheapest_member_of_family,1,SD-S2,NARROW,0.05,M3b_budget_robust,M3b budget robust,14.294853004083109,"SDS2_MAIN9:M3b[factory box k=1.5, Gamma selected]@alpha=0.05",SDS2_MAIN9,MAIN9,SD-S2,0.0211,0.0211,0.023620142665475,,,,
A,cheapest_member_of_family,1,SD-12MO,MO12,0.05,M3b_budget_robust,M3b budget robust,14.294853004083109,"SDS2_MAIN9:M3b[factory box k=1.5, Gamma selected]@alpha=0.05",SDS2_MAIN9,MAIN9,SD-S2,0.0289,0.0289,0.0318093866021142,,,,
A,cheapest_member_of_family,2,SD-S2,NARROW,0.05,M3b_budget_robust,M3b budget robust,14.294853004083109,"SDS2_MAIN9:M3b[factory box k=1.5, Gamma selected]@alpha=0.05",SDS2_MAIN9,MAIN9,SD-S2,0.0218,0.0218,0.0243579503496784,,,,
A,cheapest_member_of_family,2,SD-12MO,MO12,0.05,M3b_budget_robust,M3b budget robust,14.294853004083109,"SDS2_MAIN9:M3b[factory box k=1.5, Gamma selected]@alpha=0.05",SDS2_MAIN9,MAIN9,SD-S2,0.0305,0.0305,0.0334818521848977,,,,
A,cheapest_member_of_family,0,SD-S2,NARROW,0.01,M2_joint_chance_saa[N=1024],M2 joint CC-SAA (N=1024),14.60423887696145,SD12MO_MAIN9:M2[N=1024]@alpha=0.01,SD12MO_MAIN9,MAIN9,SD-12MO,0.0019,0.0019,0.0027866860539629,,,,
A,cheapest_member_of_family,0,SD-12MO,MO12,0.01,M2_joint_chance_saa[N=1024],M2 joint CC-SAA (N=1024),14.60423887696145,SD12MO_MAIN9:M2[N=1024]@alpha=0.01,SD12MO_MAIN9,MAIN9,SD-12MO,0.0027,0.0027,0.0037215103523882,,,,
A,cheapest_member_of_family,1,SD-SRC14,SRC14,0.1,M2_joint_chance_saa[N=512],M2 joint CC-SAA (N=512),15.201498503486,SDSRC14_MAIN9:M2[N=512]@alpha=0.1,SDSRC14_MAIN9,MAIN9,SD-SRC14,0.0673,0.0677,0.0719764019436287,,,,
A,cheapest_member_of_family,0,SD-SRC14,SRC14,0.1,M2_joint_chance_saa[N=1024],M2 joint CC-SAA (N=1024),15.232185213344994,SDSRC14_MAIN9:M2[N=1024]@alpha=0.1,SDSRC14_MAIN9,MAIN9,SD-SRC14,0.0632,0.0635,0.0676561689310762,,,,
A,cheapest_member_of_family,0,SD-SRC12,SRC12,0.1,M2_joint_chance_saa[N=1024],M2 joint CC-SAA (N=1024),15.232185213344994,SDSRC14_MAIN9:M2[N=1024]@alpha=0.1,SDSRC14_MAIN9,MAIN9,SD-SRC14,0.0886,0.0888,0.0936179828344124,,,,
A,cheapest_member_of_family,1,SD-SRC14,SRC14,0.1,M2_joint_chance_saa[N=128],M2 joint CC-SAA (N=128),15.40436057774317,SDSRC14_MAIN9:M2[N=128]@alpha=0.1,SDSRC14_MAIN9,MAIN9,SD-SRC14,0.0607,0.0611,0.0651852500967857,,,,
A,cheapest_member_of_family,0,SD-SRC14,SRC14,0.1,M2_joint_chance_saa[N=512],M2 joint CC-SAA (N=512),15.412700550061608,SDSRC14_MAIN9:M2[N=512]@alpha=0.1,SDSRC14_MAIN9,MAIN9,SD-SRC14,0.0496,0.0499,0.0536298047749229,,,,
A,cheapest_member_of_family,0,SD-SRC12,SRC12,0.1,M2_joint_chance_saa[N=512],M2 joint CC-SAA (N=512),15.412700550061608,SDSRC14_MAIN9:M2[N=512]@alpha=0.1,SDSRC14_MAIN9,MAIN9,SD-SRC14,0.0782,0.0784,0.0829628876116102,,,,
A,cheapest_member_of_family,2,SD-SRC14,SRC14,0.1,M2_joint_chance_saa[N=1024],M2 joint CC-SAA (N=1024),15.416983400497465,SDSRC14_MAIN9:M2[N=1024]@alpha=0.1,SDSRC14_MAIN9,MAIN9,SD-SRC14,0.0444,0.0447,0.0482486272369661,,,,
A,cheapest_member_of_family,2,SD-SRC12,SRC12,0.1,M2_joint_chance_saa[N=1024],M2 joint CC-SAA (N=1024),15.416983400497465,SDSRC14_MAIN9:M2[N=1024]@alpha=0.1,SDSRC14_MAIN9,MAIN9,SD-SRC14,0.0577,0.058,0.0619910847859024,,,,
A,cheapest_member_of_family,1,SD-S2,NARROW,0.01,M3b_budget_robust,M3b budget robust,15.763919530601678,"SDS2_MAIN9:M3b[factory box k=1.5, Gamma selected]@alpha=0.01",SDS2_MAIN9,MAIN9,SD-S2,0.008,0.008,0.0096271158120454,,,,
A,cheapest_member_of_family,2,SD-SRC14,SRC14,0.1,M2_joint_chance_saa[N=512],M2 joint CC-SAA (N=512),15.800517122987223,SDSRC14_MAIN9:M2[N=512]@alpha=0.1,SDSRC14_MAIN9,MAIN9,SD-SRC14,0.0436,0.0439,0.0474196868448171,,,,
A,cheapest_member_of_family,2,SD-SRC12,SRC12,0.1,M2_joint_chance_saa[N=512],M2 joint CC-SAA (N=512),15.800517122987223,SDSRC14_MAIN9:M2[N=512]@alpha=0.1,SDSRC14_MAIN9,MAIN9,SD-SRC14,0.0768,0.0771,0.081629471616315,,,,
A,cheapest_member_of_family,2,SD-SRC14,SRC14,0.1,M2_joint_chance_saa[N=128],M2 joint CC-SAA (N=128),15.879603596933102,SDSRC14_MAIN9:M2[N=128]@alpha=0.1,SDSRC14_MAIN9,MAIN9,SD-SRC14,0.059,0.0593,0.0633309365733371,,,,
A,cheapest_member_of_family,2,SD-SRC12,SRC12,0.1,M2_joint_chance_saa[N=128],M2 joint CC-SAA (N=128),15.879603596933102,SDSRC14_MAIN9:M2[N=128]@alpha=0.1,SDSRC14_MAIN9,MAIN9,SD-SRC14,0.0673,0.0676,0.0718735939497823,,,,
A,cheapest_member_of_family,1,SD-SRC14,SRC14,0.1,M2_joint_chance_saa[N=1024],M2 joint CC-SAA (N=1024),15.997972145741922,SDSRC14_MAIN9:M2[N=1024]@alpha=0.1,SDSRC14_MAIN9,MAIN9,SD-SRC14,0.0322,0.0326,0.0356738542870647,,,,
A,cheapest_member_of_family,1,SD-SRC12,SRC12,0.1,M2_joint_chance_saa[N=1024],M2 joint CC-SAA (N=1024),15.997972145741922,SDSRC14_MAIN9:M2[N=1024]@alpha=0.1,SDSRC14_MAIN9,MAIN9,SD-SRC14,0.0639,0.0643,0.0684794418670275,,,,
A,cheapest_member_of_family,0,SD-S2,NARROW,0.01,M3b_budget_robust,M3b budget robust,16.79621911592961,"SDS2_MAIN9:M3b[factory box k=1.5, Gamma selected]@alpha=0.01",SDS2_MAIN9,MAIN9,SD-S2,0.0035,0.0035,0.0046377663474407,,,,
A,cheapest_member_of_family,0,SD-S2,NARROW,0.01,M3a_box_robust,M3a box robust,16.796219115929635,SDS2_MAIN9:M3a[factory box]@alpha=0.01,SDS2_MAIN9,MAIN9,SD-S2,0.0035,0.0035,0.0046377663474407,,,,
A,cheapest_member_of_family,1,SD-S2,NARROW,0.01,M3a_box_robust,M3a box robust,16.796219115929635,SDS2_MAIN9:M3a[factory box]@alpha=0.01,SDS2_MAIN9,MAIN9,SD-S2,0.0034,0.0034,0.0045240104636353,,,,
A,cheapest_member_of_family,2,SD-S2,NARROW,0.01,M3a_box_robust,M3a box robust,16.796219115929635,SDS2_MAIN9:M3a[factory box]@alpha=0.01,SDS2_MAIN9,MAIN9,SD-S2,0.0038,0.0038,0.00497790407721,,,,
A,cheapest_member_of_family,0,SD-S2,NARROW,0.05,M3a_box_robust,M3a box robust,16.796219115929635,SDS2_MAIN9:M3a[factory box]@alpha=0.05,SDS2_MAIN9,MAIN9,SD-S2,0.0035,0.0035,0.0046377663474407,,,,
A,cheapest_member_of_family,0,SD-12MO,MO12,0.05,M3a_box_robust,M3a box robust,16.796219115929635,SDS2_MAIN9:M3a[factory box]@alpha=0.05,SDS2_MAIN9,MAIN9,SD-S2,0.0168,0.0168,0.0190716641205612,,,,
A,cheapest_member_of_family,1,SD-S2,NARROW,0.05,M3a_box_robust,M3a box robust,16.796219115929635,SDS2_MAIN9:M3a[factory box]@alpha=0.05,SDS2_MAIN9,MAIN9,SD-S2,0.0034,0.0034,0.0045240104636353,,,,
A,cheapest_member_of_family,1,SD-12MO,MO12,0.05,M3a_box_robust,M3a box robust,16.796219115929635,SDS2_MAIN9:M3a[factory box]@alpha=0.05,SDS2_MAIN9,MAIN9,SD-S2,0.0173,0.0173,0.0196021642297337,,,,
A,cheapest_member_of_family,2,SD-S2,NARROW,0.05,M3a_box_robust,M3a box robust,16.796219115929635,SDS2_MAIN9:M3a[factory box]@alpha=0.05,SDS2_MAIN9,MAIN9,SD-S2,0.0038,0.0038,0.00497790407721,,,,
A,cheapest_member_of_family,2,SD-12MO,MO12,0.05,M3a_box_robust,M3a box robust,16.796219115929635,SDS2_MAIN9:M3a[factory box]@alpha=0.05,SDS2_MAIN9,MAIN9,SD-S2,0.0175,0.0175,0.0198142341430906,,,,
A,cheapest_member_of_family,0,SD-S2,NARROW,0.1,M3a_box_robust,M3a box robust,16.796219115929635,SDS2_MAIN9:M3a[factory box]@alpha=0.1,SDS2_MAIN9,MAIN9,SD-S2,0.0035,0.0035,0.0046377663474407,,,,
A,cheapest_member_of_family,0,SD-12MO,MO12,0.1,M3a_box_robust,M3a box robust,16.796219115929635,SDS2_MAIN9:M3a[factory box]@alpha=0.1,SDS2_MAIN9,MAIN9,SD-S2,0.0168,0.0168,0.0190716641205612,,,,
A,cheapest_member_of_family,1,SD-S2,NARROW,0.1,M3a_box_robust,M3a box robust,16.796219115929635,SDS2_MAIN9:M3a[factory box]@alpha=0.1,SDS2_MAIN9,MAIN9,SD-S2,0.0034,0.0034,0.0045240104636353,,,,
A,cheapest_member_of_family,1,SD-12MO,MO12,0.1,M3a_box_robust,M3a box robust,16.796219115929635,SDS2_MAIN9:M3a[factory box]@alpha=0.1,SDS2_MAIN9,MAIN9,SD-S2,0.0173,0.0173,0.0196021642297337,,,,
A,cheapest_member_of_family,2,SD-S2,NARROW,0.1,M3a_box_robust,M3a box robust,16.796219115929635,SDS2_MAIN9:M3a[factory box]@alpha=0.1,SDS2_MAIN9,MAIN9,SD-S2,0.0038,0.0038,0.00497790407721,,,,
A,cheapest_member_of_family,2,SD-12MO,MO12,0.1,M3a_box_robust,M3a box robust,16.796219115929635,SDS2_MAIN9:M3a[factory box]@alpha=0.1,SDS2_MAIN9,MAIN9,SD-S2,0.0175,0.0175,0.0198142341430906,,,,
A,cheapest_member_of_family,1,SD-SRC12,SRC12,0.1,M2_joint_chance_saa[N=512],M2 joint CC-SAA (N=512),17.01677421979566,SDSRC12_MAIN9:M2[N=512]@alpha=0.1,SDSRC12_MAIN9,MAIN9,SD-SRC12,0.0632,0.0636,0.0677590878900541,,,,
A,cheapest_member_of_family,0,SD-SRC14,SRC14,0.05,M2_joint_chance_saa[N=1024],M2 joint CC-SAA (N=1024),17.067786989480304,SDSRC14_MAIN9:M2[N=1024]@alpha=0.05,SDSRC14_MAIN9,MAIN9,SD-SRC14,0.0184,0.0187,0.0210851721248237,,,,
A,cheapest_member_of_family,0,SD-SRC12,SRC12,0.05,M2_joint_chance_saa[N=1024],M2 joint CC-SAA (N=1024),17.067786989480304,SDSRC14_MAIN9:M2[N=1024]@alpha=0.05,SDSRC14_MAIN9,MAIN9,SD-SRC14,0.0416,0.0418,0.0452422446875244,,,,
A,cheapest_member_of_family,2,SD-SRC14,SRC14,0.05,M2_joint_chance_saa[N=1024],M2 joint CC-SAA (N=1024),17.193369268251878,SDSRC14_MAIN9:M2[N=1024]@alpha=0.05,SDSRC14_MAIN9,MAIN9,SD-SRC14,0.0234,0.0237,0.0263574080447543,,,,
A,cheapest_member_of_family,1,SD-SRC14,SRC14,0.05,M2_joint_chance_saa[N=1024],M2 joint CC-SAA (N=1024),17.23358002312081,SDSRC14_MAIN9:M2[N=1024]@alpha=0.05,SDSRC14_MAIN9,MAIN9,SD-SRC14,0.0171,0.0175,0.0198142341430906,,,,
A,cheapest_member_of_family,1,SD-SRC14,SRC14,0.05,M2_joint_chance_saa[N=512],M2 joint CC-SAA (N=512),17.255440387249045,SDSRC14_MAIN9:M2[N=512]@alpha=0.05,SDSRC14_MAIN9,MAIN9,SD-SRC14,0.0337,0.0342,0.0373417671010111,,,,
A,cheapest_member_of_family,0,SD-SRC14,SRC14,0.05,M2_joint_chance_saa[N=512],M2 joint CC-SAA (N=512),17.4791842888556,SDSRC14_MAIN9:M2[N=512]@alpha=0.05,SDSRC14_MAIN9,MAIN9,SD-SRC14,0.0271,0.0274,0.0302394262095463,,,,
A,cheapest_member_of_family,2,SD-SRC14,SRC14,0.05,M2_joint_chance_saa[N=512],M2 joint CC-SAA (N=512),17.492183953247498,SDSRC14_MAIN9:M2[N=512]@alpha=0.05,SDSRC14_MAIN9,MAIN9,SD-SRC14,0.0209,0.0212,0.0237255843508151,,,,
A,cheapest_member_of_family,1,SD-SRC12,SRC12,0.1,M2_joint_chance_saa[N=128],M2 joint CC-SAA (N=128),18.10788151998206,SDSRC12_MAIN9:M2[N=128]@alpha=0.1,SDSRC12_MAIN9,MAIN9,SD-SRC12,0.0652,0.0656,0.069816882053956,,,,
A,cheapest_member_of_family,0,SD-SRC14,SRC14,0.1,M3b_budget_robust,M3b budget robust,18.741970344198666,"SDSRC14_MAIN9:M3b[factory box k=1, Gamma selected]@alpha=0.1",SDSRC14_MAIN9,MAIN9,SD-SRC14,0.0793,0.0796,0.0841934158058964,,,,
A,cheapest_member_of_family,1,SD-SRC14,SRC14,0.1,M3b_budget_robust,M3b budget robust,18.741970344198666,"SDSRC14_MAIN9:M3b[factory box k=1, Gamma selected]@alpha=0.1",SDSRC14_MAIN9,MAIN9,SD-SRC14,0.0752,0.0756,0.0800904598274809,,,,
A,cheapest_member_of_family,2,SD-SRC14,SRC14,0.1,M3b_budget_robust,M3b budget robust,18.741970344198666,"SDSRC14_MAIN9:M3b[factory box k=1, Gamma selected]@alpha=0.1",SDSRC14_MAIN9,MAIN9,SD-SRC14,0.0815,0.0818,0.0864486140457564,,,,
A,cheapest_member_of_family,1,SD-SRC14,SRC14,0.05,M3b_budget_robust,M3b budget robust,20.207316295542157,"SDSRC14_MAIN9:M3b[factory box k=1, Gamma selected]@alpha=0.05",SDSRC14_MAIN9,MAIN9,SD-SRC14,0.0417,0.0422,0.0456571647100979,,,,
A,cheapest_member_of_family,0,SD-SRC14,SRC14,0.1,M3a_box_robust,M3a box robust,20.663506050053005,SDSRC14_MAIN9:M3a[factory box]@alpha=0.1,SDSRC14_MAIN9,MAIN9,SD-SRC14,0.0568,0.0571,0.0610631779285158,,,,
A,cheapest_member_of_family,1,SD-SRC14,SRC14,0.1,M3a_box_robust,M3a box robust,20.663506050053005,SDSRC14_MAIN9:M3a[factory box]@alpha=0.1,SDSRC14_MAIN9,MAIN9,SD-SRC14,0.0496,0.05,0.0537331781906603,,,,
A,cheapest_member_of_family,2,SD-SRC14,SRC14,0.1,M3a_box_robust,M3a box robust,20.663506050053005,SDSRC14_MAIN9:M3a[factory box]@alpha=0.1,SDSRC14_MAIN9,MAIN9,SD-SRC14,0.0531,0.0534,0.0572455868997979,,,,
A,cheapest_member_of_family,0,SD-SRC14,SRC14,0.05,M3b_budget_robust,M3b budget robust,22.913020631496096,"SDSRC14_MAIN9:M3b[factory box k=1.5, Gamma selected]@alpha=0.05",SDSRC14_MAIN9,MAIN9,SD-SRC14,0.0157,0.016,0.018221854154779,,,,
A,cheapest_member_of_family,2,SD-SRC14,SRC14,0.05,M3b_budget_robust,M3b budget robust,22.913020631496096,"SDSRC14_MAIN9:M3b[factory box k=1.5, Gamma selected]@alpha=0.05",SDSRC14_MAIN9,MAIN9,SD-SRC14,0.015,0.0153,0.0174771878841579,,,,
A,cheapest_member_any_family,2,SD-S2,NARROW,0.1,M2_joint_chance_saa[N=1024],M2 joint CC-SAA (N=1024),9.074063223987983,SDS2_MAIN9:M2[N=1024]@alpha=0.1,SDS2_MAIN9,MAIN9,SD-S2,0.0679,0.0679,0.0721820101698226,,,,
A,cheapest_member_any_family,2,SD-12MO,MO12,0.1,M2_joint_chance_saa[N=1024],M2 joint CC-SAA (N=1024),9.074063223987983,SDS2_MAIN9:M2[N=1024]@alpha=0.1,SDS2_MAIN9,MAIN9,SD-S2,0.0677,0.0677,0.0719764019436287,,,,
A,cheapest_member_any_family,1,SD-S2,NARROW,0.1,M2_joint_chance_saa[N=512],M2 joint CC-SAA (N=512),9.092092029129727,SDS2_MAIN9:M2[N=512]@alpha=0.1,SDS2_MAIN9,MAIN9,SD-S2,0.056,0.056,0.0599287075584776,,,,
A,cheapest_member_any_family,1,SD-12MO,MO12,0.1,M2_joint_chance_saa[N=512],M2 joint CC-SAA (N=512),9.092092029129727,SDS2_MAIN9:M2[N=512]@alpha=0.1,SDS2_MAIN9,MAIN9,SD-S2,0.0583,0.0583,0.0623003289426181,,,,
A,cheapest_member_any_family,0,SD-S2,NARROW,0.1,M2_joint_chance_saa[N=512],M2 joint CC-SAA (N=512),9.261019056708797,SDS2_MAIN9:M2[N=512]@alpha=0.1,SDS2_MAIN9,MAIN9,SD-S2,0.0462,0.0462,0.049802094421719,,,,
A,cheapest_member_any_family,0,SD-12MO,MO12,0.1,M2_joint_chance_saa[N=512],M2 joint CC-SAA (N=512),9.261019056708797,SDS2_MAIN9:M2[N=512]@alpha=0.1,SDS2_MAIN9,MAIN9,SD-S2,0.0468,0.0468,0.0504231992665294,,,,
A,cheapest_member_any_family,2,SD-S2,NARROW,0.05,M2_joint_chance_saa[N=1024],M2 joint CC-SAA (N=1024),10.41785581160708,SDS2_MAIN9:M2[N=1024]@alpha=0.05,SDS2_MAIN9,MAIN9,SD-S2,0.0325,0.0325,0.03556954888209,,,,
A,cheapest_member_any_family,2,SD-12MO,MO12,0.05,M2_joint_chance_saa[N=1024],M2 joint CC-SAA (N=1024),10.41785581160708,SDS2_MAIN9:M2[N=1024]@alpha=0.05,SDS2_MAIN9,MAIN9,SD-S2,0.0333,0.0333,0.0364037890450201,,,,
A,cheapest_member_any_family,1,SD-S2,NARROW,0.05,M2_joint_chance_saa[N=512],M2 joint CC-SAA (N=512),10.666240900555767,SDS2_MAIN9:M2[N=512]@alpha=0.05,SDS2_MAIN9,MAIN9,SD-S2,0.0264,0.0264,0.0291916188803301,,,,
A,cheapest_member_any_family,1,SD-12MO,MO12,0.05,M2_joint_chance_saa[N=512],M2 joint CC-SAA (N=512),10.666240900555767,SDS2_MAIN9:M2[N=512]@alpha=0.05,SDS2_MAIN9,MAIN9,SD-S2,0.0275,0.0275,0.0303441543258202,,,,
A,cheapest_member_any_family,0,SD-S2,NARROW,0.05,M2_joint_chance_saa[N=1024],M2 joint CC-SAA (N=1024),10.978430808906015,SDS2_MAIN9:M2[N=1024]@alpha=0.05,SDS2_MAIN9,MAIN9,SD-S2,0.0152,0.0152,0.0173707203431889,,,,
A,cheapest_member_any_family,0,SD-12MO,MO12,0.05,M2_joint_chance_saa[N=1024],M2 joint CC-SAA (N=1024),10.978430808906015,SDS2_MAIN9:M2[N=1024]@alpha=0.05,SDS2_MAIN9,MAIN9,SD-S2,0.0151,0.0151,0.0172642305148864,,,,
A,cheapest_member_any_family,1,SD-S2,NARROW,0.01,M2_joint_chance_saa[N=1024],M2 joint CC-SAA (N=1024),12.734099439253278,SDS2_MAIN9:M2[N=1024]@alpha=0.01,SDS2_MAIN9,MAIN9,SD-S2,0.005,0.005,0.0063244997707938,,,,
A,cheapest_member_any_family,1,SD-12MO,MO12,0.01,M2_joint_chance_saa[N=1024],M2 joint CC-SAA (N=1024),12.734099439253278,SDS2_MAIN9:M2[N=1024]@alpha=0.01,SDS2_MAIN9,MAIN9,SD-S2,0.0058,0.0058,0.0072125627397637,,,,
A,cheapest_member_any_family,2,SD-S2,NARROW,0.01,M2_joint_chance_saa[N=1024],M2 joint CC-SAA (N=1024),13.293039966672659,SDS2_MAIN9:M2[N=1024]@alpha=0.01,SDS2_MAIN9,MAIN9,SD-S2,0.0035,0.0035,0.0046377663474407,,,,
A,cheapest_member_any_family,2,SD-12MO,MO12,0.01,M2_joint_chance_saa[N=1024],M2 joint CC-SAA (N=1024),13.293039966672659,SDS2_MAIN9:M2[N=1024]@alpha=0.01,SDS2_MAIN9,MAIN9,SD-S2,0.0046,0.0046,0.0058778111850414,,,,
A,cheapest_member_any_family,0,SD-S2,NARROW,0.01,M2_joint_chance_saa[N=1024],M2 joint CC-SAA (N=1024),14.60423887696145,SD12MO_MAIN9:M2[N=1024]@alpha=0.01,SD12MO_MAIN9,MAIN9,SD-12MO,0.0019,0.0019,0.0027866860539629,,,,
A,cheapest_member_any_family,0,SD-12MO,MO12,0.01,M2_joint_chance_saa[N=1024],M2 joint CC-SAA (N=1024),14.60423887696145,SD12MO_MAIN9:M2[N=1024]@alpha=0.01,SD12MO_MAIN9,MAIN9,SD-12MO,0.0027,0.0027,0.0037215103523882,,,,
A,cheapest_member_any_family,1,SD-SRC14,SRC14,0.1,M2_joint_chance_saa[N=512],M2 joint CC-SAA (N=512),15.201498503486,SDSRC14_MAIN9:M2[N=512]@alpha=0.1,SDSRC14_MAIN9,MAIN9,SD-SRC14,0.0673,0.0677,0.0719764019436287,,,,
A,cheapest_member_any_family,0,SD-SRC14,SRC14,0.1,M2_joint_chance_saa[N=1024],M2 joint CC-SAA (N=1024),15.232185213344994,SDSRC14_MAIN9:M2[N=1024]@alpha=0.1,SDSRC14_MAIN9,MAIN9,SD-SRC14,0.0632,0.0635,0.0676561689310762,,,,
A,cheapest_member_any_family,0,SD-SRC12,SRC12,0.1,M2_joint_chance_saa[N=1024],M2 joint CC-SAA (N=1024),15.232185213344994,SDSRC14_MAIN9:M2[N=1024]@alpha=0.1,SDSRC14_MAIN9,MAIN9,SD-SRC14,0.0886,0.0888,0.0936179828344124,,,,
A,cheapest_member_any_family,2,SD-SRC14,SRC14,0.1,M2_joint_chance_saa[N=1024],M2 joint CC-SAA (N=1024),15.416983400497465,SDSRC14_MAIN9:M2[N=1024]@alpha=0.1,SDSRC14_MAIN9,MAIN9,SD-SRC14,0.0444,0.0447,0.0482486272369661,,,,
A,cheapest_member_any_family,2,SD-SRC12,SRC12,0.1,M2_joint_chance_saa[N=1024],M2 joint CC-SAA (N=1024),15.416983400497465,SDSRC14_MAIN9:M2[N=1024]@alpha=0.1,SDSRC14_MAIN9,MAIN9,SD-SRC14,0.0577,0.058,0.0619910847859024,,,,
A,cheapest_member_any_family,1,SD-SRC12,SRC12,0.1,M2_joint_chance_saa[N=1024],M2 joint CC-SAA (N=1024),15.997972145741922,SDSRC14_MAIN9:M2[N=1024]@alpha=0.1,SDSRC14_MAIN9,MAIN9,SD-SRC14,0.0639,0.0643,0.0684794418670275,,,,
A,cheapest_member_any_family,0,SD-SRC14,SRC14,0.05,M2_joint_chance_saa[N=1024],M2 joint CC-SAA (N=1024),17.067786989480304,SDSRC14_MAIN9:M2[N=1024]@alpha=0.05,SDSRC14_MAIN9,MAIN9,SD-SRC14,0.0184,0.0187,0.0210851721248237,,,,
A,cheapest_member_any_family,0,SD-SRC12,SRC12,0.05,M2_joint_chance_saa[N=1024],M2 joint CC-SAA (N=1024),17.067786989480304,SDSRC14_MAIN9:M2[N=1024]@alpha=0.05,SDSRC14_MAIN9,MAIN9,SD-SRC14,0.0416,0.0418,0.0452422446875244,,,,
A,cheapest_member_any_family,2,SD-SRC14,SRC14,0.05,M2_joint_chance_saa[N=1024],M2 joint CC-SAA (N=1024),17.193369268251878,SDSRC14_MAIN9:M2[N=1024]@alpha=0.05,SDSRC14_MAIN9,MAIN9,SD-SRC14,0.0234,0.0237,0.0263574080447543,,,,
A,cheapest_member_any_family,1,SD-SRC14,SRC14,0.05,M2_joint_chance_saa[N=1024],M2 joint CC-SAA (N=1024),17.23358002312081,SDSRC14_MAIN9:M2[N=1024]@alpha=0.05,SDSRC14_MAIN9,MAIN9,SD-SRC14,0.0171,0.0175,0.0198142341430906,,,,
C,cheapest_member_of_family,1,SD-S2,NARROW,0.1,M2_joint_chance_saa[N=1024],M2 joint CC-SAA (N=1024),9.230217736995217,SDS2_MAIN9:M2[N=1024]@alpha=0.1,SDS2_MAIN9,MAIN9,SD-S2,0.0512,0.0512,0.0549733532235281,,,,
C,cheapest_member_of_family,1,SD-12MO,MO12,0.1,M2_joint_chance_saa[N=1024],M2 joint CC-SAA (N=1024),9.230217736995217,SDS2_MAIN9:M2[N=1024]@alpha=0.1,SDS2_MAIN9,MAIN9,SD-S2,0.0524,0.0524,0.0562129763465484,,,,
C,cheapest_member_of_family,2,SD-S2,NARROW,0.1,M2_joint_chance_saa[N=1024],M2 joint CC-SAA (N=1024),9.240376301349485,SDS2_MAIN9:M2[N=1024]@alpha=0.1,SDS2_MAIN9,MAIN9,SD-S2,0.0685,0.0685,0.0727987731358498,,,,
C,cheapest_member_of_family,2,SD-12MO,MO12,0.1,M2_joint_chance_saa[N=1024],M2 joint CC-SAA (N=1024),9.240376301349485,SDS2_MAIN9:M2[N=1024]@alpha=0.1,SDS2_MAIN9,MAIN9,SD-S2,0.07,0.07,0.074340281789662,,,,
C,cheapest_member_of_family,0,SD-S2,NARROW,0.1,M2_joint_chance_saa[N=512],M2 joint CC-SAA (N=512),9.292177587717031,SDS2_MAIN9:M2[N=512]@alpha=0.1,SDS2_MAIN9,MAIN9,SD-S2,0.0571,0.0571,0.0610631779285158,,,,
C,cheapest_member_of_family,0,SD-12MO,MO12,0.1,M2_joint_chance_saa[N=512],M2 joint CC-SAA (N=512),9.292177587717031,SDS2_MAIN9:M2[N=512]@alpha=0.1,SDS2_MAIN9,MAIN9,SD-S2,0.0599,0.0599,0.0639491511444901,,,,
C,cheapest_member_of_family,2,SD-S2,NARROW,0.1,M2_joint_chance_saa[N=128],M2 joint CC-SAA (N=128),9.37144007835986,SDS2_MAIN9:M2[N=128]@alpha=0.1,SDS2_MAIN9,MAIN9,SD-S2,0.046,0.046,0.0495950241415453,,,,
C,cheapest_member_of_family,2,SD-12MO,MO12,0.1,M2_joint_chance_saa[N=128],M2 joint CC-SAA (N=128),9.37144007835986,SDS2_MAIN9:M2[N=128]@alpha=0.1,SDS2_MAIN9,MAIN9,SD-S2,0.0461,0.0461,0.0496985615057693,,,,
C,cheapest_member_of_family,2,SD-S2,NARROW,0.1,M2_joint_chance_saa[N=512],M2 joint CC-SAA (N=512),9.519060660446875,SDS2_MAIN9:M2[N=512]@alpha=0.1,SDS2_MAIN9,MAIN9,SD-S2,0.0651,0.0651,0.0693025367797533,,,,
C,cheapest_member_of_family,2,SD-12MO,MO12,0.1,M2_joint_chance_saa[N=512],M2 joint CC-SAA (N=512),9.519060660446875,SDS2_MAIN9:M2[N=512]@alpha=0.1,SDS2_MAIN9,MAIN9,SD-S2,0.0664,0.0664,0.0706396941294781,,,,
C,cheapest_member_of_family,0,SD-S2,NARROW,0.1,M2_joint_chance_saa[N=1024],M2 joint CC-SAA (N=1024),9.569567406711176,SDS2_MAIN9:M2[N=1024]@alpha=0.1,SDS2_MAIN9,MAIN9,SD-S2,0.0508,0.0508,0.0545600237787488,,,,
C,cheapest_member_of_family,0,SD-12MO,MO12,0.1,M2_joint_chance_saa[N=1024],M2 joint CC-SAA (N=1024),9.569567406711176,SDS2_MAIN9:M2[N=1024]@alpha=0.1,SDS2_MAIN9,MAIN9,SD-S2,0.0542,0.0542,0.0580714148972243,,,,
C,cheapest_member_of_family,1,SD-S2,NARROW,0.1,M2_joint_chance_saa[N=512],M2 joint CC-SAA (N=512),9.980788521626472,SDS2_MAIN9:M2[N=512]@alpha=0.1,SDS2_MAIN9,MAIN9,SD-S2,0.045,0.045,0.0485594027736414,,,,
C,cheapest_member_of_family,1,SD-12MO,MO12,0.1,M2_joint_chance_saa[N=512],M2 joint CC-SAA (N=512),9.980788521626472,SDS2_MAIN9:M2[N=512]@alpha=0.1,SDS2_MAIN9,MAIN9,SD-S2,0.0463,0.0463,0.0499056229031084,,,,
C,cheapest_member_of_family,0,SD-S2,NARROW,0.1,M2_joint_chance_saa[N=128],M2 joint CC-SAA (N=128),10.021077841842295,SDS2_MAIN9:M2[N=128]@alpha=0.1,SDS2_MAIN9,MAIN9,SD-S2,0.0438,0.0438,0.0473160479932533,,,,
C,cheapest_member_of_family,0,SD-12MO,MO12,0.1,M2_joint_chance_saa[N=128],M2 joint CC-SAA (N=128),10.021077841842295,SDS2_MAIN9:M2[N=128]@alpha=0.1,SDS2_MAIN9,MAIN9,SD-S2,0.0439,0.0439,0.0474196868448171,,,,
C,cheapest_member_of_family,0,SD-S2,NARROW,0.05,M2_joint_chance_saa[N=1024],M2 joint CC-SAA (N=1024),10.434213782246605,SDS2_MAIN9:M2[N=1024]@alpha=0.05,SDS2_MAIN9,MAIN9,SD-S2,0.0318,0.0318,0.0348392034084708,,,,
C,cheapest_member_of_family,0,SD-12MO,MO12,0.05,M2_joint_chance_saa[N=1024],M2 joint CC-SAA (N=1024),10.434213782246605,SDS2_MAIN9:M2[N=1024]@alpha=0.05,SDS2_MAIN9,MAIN9,SD-S2,0.0323,0.0323,0.0353609159911726,,,,
C,cheapest_member_of_family,2,SD-S2,NARROW,0.05,M2_joint_chance_saa[N=1024],M2 joint CC-SAA (N=1024),10.449163150355535,SDS2_MAIN9:M2[N=1024]@alpha=0.05,SDS2_MAIN9,MAIN9,SD-S2,0.027,0.027,0.0298204191068459,,,,
C,cheapest_member_of_family,2,SD-12MO,MO12,0.05,M2_joint_chance_saa[N=1024],M2 joint CC-SAA (N=1024),10.449163150355535,SDS2_MAIN9:M2[N=1024]@alpha=0.05,SDS2_MAIN9,MAIN9,SD-S2,0.0276,0.0276,0.0304488730784454,,,,
C,cheapest_member_of_family,2,SD-S2,NARROW,0.05,M2_joint_chance_saa[N=512],M2 joint CC-SAA (N=512),10.677797166834345,SD12MO_MAIN9:M2[N=512]@alpha=0.05,SD12MO_MAIN9,MAIN9,SD-12MO,0.0323,0.0323,0.0353609159911726,,,,
C,cheapest_member_of_family,2,SD-12MO,MO12,0.05,M2_joint_chance_saa[N=512],M2 joint CC-SAA (N=512),10.677797166834345,SD12MO_MAIN9:M2[N=512]@alpha=0.05,SD12MO_MAIN9,MAIN9,SD-12MO,0.033,0.033,0.0360910030610356,,,,
C,cheapest_member_of_family,1,SD-S2,NARROW,0.05,M2_joint_chance_saa[N=1024],M2 joint CC-SAA (N=1024),10.711563833955928,SDS2_MAIN9:M2[N=1024]@alpha=0.05,SDS2_MAIN9,MAIN9,SD-S2,0.0221,0.0221,0.024673954784187,,,,
C,cheapest_member_of_family,1,SD-12MO,MO12,0.05,M2_joint_chance_saa[N=1024],M2 joint CC-SAA (N=1024),10.711563833955928,SDS2_MAIN9:M2[N=1024]@alpha=0.05,SDS2_MAIN9,MAIN9,SD-S2,0.0229,0.0229,0.025516072766601,,,,
C,cheapest_member_of_family,0,SD-S2,NARROW,0.05,M2_joint_chance_saa[N=512],M2 joint CC-SAA (N=512),10.946573631135603,SDS2_MAIN9:M2[N=512]@alpha=0.05,SDS2_MAIN9,MAIN9,SD-S2,0.0261,0.0261,0.0288770853505405,,,,
C,cheapest_member_of_family,0,SD-12MO,MO12,0.05,M2_joint_chance_saa[N=512],M2 joint CC-SAA (N=512),10.946573631135603,SDS2_MAIN9:M2[N=512]@alpha=0.05,SDS2_MAIN9,MAIN9,SD-S2,0.0271,0.0271,0.0299251851794154,,,,
C,cheapest_member_of_family,2,SD-S2,NARROW,0.05,M2_joint_chance_saa[N=128],M2 joint CC-SAA (N=128),11.013046552837636,SDS2_MAIN9:M2[N=128]@alpha=0.05,SDS2_MAIN9,MAIN9,SD-S2,0.0239,0.0239,0.0265676241225281,,,,
C,cheapest_member_of_family,2,SD-12MO,MO12,0.05,M2_joint_chance_saa[N=128],M2 joint CC-SAA (N=128),11.013046552837636,SDS2_MAIN9:M2[N=128]@alpha=0.05,SDS2_MAIN9,MAIN9,SD-S2,0.0251,0.0251,0.0278279747781239,,,,
C,cheapest_member_of_family,1,SD-S2,NARROW,0.05,M2_joint_chance_saa[N=512],M2 joint CC-SAA (N=512),11.055507474171788,SDS2_MAIN9:M2[N=512]@alpha=0.05,SDS2_MAIN9,MAIN9,SD-S2,0.0277,0.0277,0.0305535825166904,,,,
C,cheapest_member_of_family,1,SD-12MO,MO12,0.05,M2_joint_chance_saa[N=512],M2 joint CC-SAA (N=512),11.055507474171788,SDS2_MAIN9:M2[N=512]@alpha=0.05,SDS2_MAIN9,MAIN9,SD-S2,0.0288,0.0288,0.0317047852486008,,,,
C,cheapest_member_of_family,0,SD-S2,NARROW,0.05,M2_joint_chance_saa[N=128],M2 joint CC-SAA (N=128),11.381594169789388,SDS2_MAIN9:M2[N=128]@alpha=0.05,SDS2_MAIN9,MAIN9,SD-S2,0.037,0.037,0.0402564737538254,,,,
C,cheapest_member_of_family,0,SD-12MO,MO12,0.05,M2_joint_chance_saa[N=128],M2 joint CC-SAA (N=128),11.381594169789388,SDS2_MAIN9:M2[N=128]@alpha=0.05,SDS2_MAIN9,MAIN9,SD-S2,0.0385,0.0385,0.041815922260737,,,,
C,cheapest_member_of_family,0,SD-S2,NARROW,0.1,M3b_budget_robust,M3b budget robust,11.808205712322572,"SDS2_MAIN9:M3b[factory box k=1.5, Gamma selected]@alpha=0.1",SDS2_MAIN9,MAIN9,SD-S2,0.072,0.072,0.0763947642699051,,,,
C,cheapest_member_of_family,0,SD-12MO,MO12,0.1,M3b_budget_robust,M3b budget robust,11.808205712322572,"SDS2_MAIN9:M3b[factory box k=1.5, Gamma selected]@alpha=0.1",SDS2_MAIN9,MAIN9,SD-S2,0.0743,0.0743,0.0787562455673937,,,,
C,cheapest_member_of_family,1,SD-S2,NARROW,0.1,M3b_budget_robust,M3b budget robust,11.808205712322572,"SDS2_MAIN9:M3b[factory box k=1.5, Gamma selected]@alpha=0.1",SDS2_MAIN9,MAIN9,SD-S2,0.0705,0.0705,0.0748539935962026,,,,
C,cheapest_member_of_family,1,SD-12MO,MO12,0.1,M3b_budget_robust,M3b budget robust,11.808205712322572,"SDS2_MAIN9:M3b[factory box k=1.5, Gamma selected]@alpha=0.1",SDS2_MAIN9,MAIN9,SD-S2,0.0716,0.0716,0.0759839450325172,,,,
C,cheapest_member_of_family,2,SD-S2,NARROW,0.1,M3b_budget_robust,M3b budget robust,11.808205712322572,"SDS2_MAIN9:M3b[factory box k=1.5, Gamma selected]@alpha=0.1",SDS2_MAIN9,MAIN9,SD-S2,0.0681,0.0681,0.072387608082612,,,,
C,cheapest_member_of_family,2,SD-12MO,MO12,0.1,M3b_budget_robust,M3b budget robust,11.808205712322572,"SDS2_MAIN9:M3b[factory box k=1.5, Gamma selected]@alpha=0.1",SDS2_MAIN9,MAIN9,SD-S2,0.0726,0.0726,0.0770109219010857,,,,
C,cheapest_member_of_family,0,SD-S2,NARROW,0.01,M2_joint_chance_saa[N=512],M2 joint CC-SAA (N=512),13.050255234135633,SDS2_MAIN9:M2[N=512]@alpha=0.01,SDS2_MAIN9,MAIN9,SD-S2,0.0054,0.0054,0.0067693512642759,,,,
C,cheapest_member_of_family,0,SD-12MO,MO12,0.01,M2_joint_chance_saa[N=512],M2 joint CC-SAA (N=512),13.050255234135633,SDS2_MAIN9:M2[N=512]@alpha=0.01,SDS2_MAIN9,MAIN9,SD-S2,0.0069,0.0069,0.0084241881561335,,,,
C,cheapest_member_of_family,2,SD-S2,NARROW,0.01,M2_joint_chance_saa[N=1024],M2 joint CC-SAA (N=1024),13.772533515904751,SDS2_MAIN9:M2[N=1024]@alpha=0.01,SDS2_MAIN9,MAIN9,SD-S2,0.0069,0.0069,0.0084241881561335,,,,
C,cheapest_member_of_family,0,SD-S2,NARROW,0.05,M3b_budget_robust,M3b budget robust,14.294853004083063,"SDS2_MAIN9:M3b[factory box k=1.5, Gamma selected]@alpha=0.05",SDS2_MAIN9,MAIN9,SD-S2,0.0225,0.0225,0.0250951141361572,,,,
C,cheapest_member_of_family,0,SD-12MO,MO12,0.05,M3b_budget_robust,M3b budget robust,14.294853004083063,"SDS2_MAIN9:M3b[factory box k=1.5, Gamma selected]@alpha=0.05",SDS2_MAIN9,MAIN9,SD-S2,0.0302,0.0302,0.0331684268943179,,,,
C,cheapest_member_of_family,1,SD-S2,NARROW,0.05,M3b_budget_robust,M3b budget robust,14.294853004083063,"SDS2_MAIN9:M3b[factory box k=1.5, Gamma selected]@alpha=0.05",SDS2_MAIN9,MAIN9,SD-S2,0.0239,0.0239,0.0265676241225281,,,,
C,cheapest_member_of_family,1,SD-12MO,MO12,0.05,M3b_budget_robust,M3b budget robust,14.294853004083063,"SDS2_MAIN9:M3b[factory box k=1.5, Gamma selected]@alpha=0.05",SDS2_MAIN9,MAIN9,SD-S2,0.0311,0.0311,0.0341084862383217,,,,
C,cheapest_member_of_family,2,SD-S2,NARROW,0.05,M3b_budget_robust,M3b budget robust,14.294853004083063,"SDS2_MAIN9:M3b[factory box k=1.5, Gamma selected]@alpha=0.05",SDS2_MAIN9,MAIN9,SD-S2,0.0237,0.0237,0.0263574080447543,,,,
C,cheapest_member_of_family,2,SD-12MO,MO12,0.05,M3b_budget_robust,M3b budget robust,14.294853004083063,"SDS2_MAIN9:M3b[factory box k=1.5, Gamma selected]@alpha=0.05",SDS2_MAIN9,MAIN9,SD-S2,0.0322,0.0322,0.0352565884393226,,,,
C,cheapest_member_of_family,0,SD-SRC14,SRC14,0.1,M2_joint_chance_saa[N=1024],M2 joint CC-SAA (N=1024),15.433266087878405,SDSRC14_MAIN9:M2[N=1024]@alpha=0.1,SDSRC14_MAIN9,MAIN9,SD-SRC14,0.0555,0.0557,0.0596192361149189,,,,
C,cheapest_member_of_family,0,SD-SRC12,SRC12,0.1,M2_joint_chance_saa[N=1024],M2 joint CC-SAA (N=1024),15.433266087878405,SDSRC14_MAIN9:M2[N=1024]@alpha=0.1,SDSRC14_MAIN9,MAIN9,SD-SRC14,0.0778,0.078,0.0825526442040413,,,,
C,cheapest_member_of_family,2,SD-SRC14,SRC14,0.1,M2_joint_chance_saa[N=512],M2 joint CC-SAA (N=512),15.449598916312635,SDSRC14_MAIN9:M2[N=512]@alpha=0.1,SDSRC14_MAIN9,MAIN9,SD-SRC14,0.0543,0.0547,0.0585874421849706,,,,
C,cheapest_member_of_family,2,SD-SRC12,SRC12,0.1,M2_joint_chance_saa[N=512],M2 joint CC-SAA (N=512),15.449598916312635,SDSRC14_MAIN9:M2[N=512]@alpha=0.1,SDSRC14_MAIN9,MAIN9,SD-SRC14,0.0819,0.0823,0.0869610231464151,,,,
C,cheapest_member_of_family,1,SD-SRC14,SRC14,0.1,M2_joint_chance_saa[N=1024],M2 joint CC-SAA (N=1024),15.594826058238965,SDSRC14_MAIN9:M2[N=1024]@alpha=0.1,SDSRC14_MAIN9,MAIN9,SD-SRC14,0.0433,0.0437,0.0472124043564132,,,,
C,cheapest_member_of_family,1,SD-SRC12,SRC12,0.1,M2_joint_chance_saa[N=1024],M2 joint CC-SAA (N=1024),15.594826058238965,SDSRC14_MAIN9:M2[N=1024]@alpha=0.1,SDSRC14_MAIN9,MAIN9,SD-SRC14,0.067,0.0674,0.0716679701739757,,,,
C,cheapest_member_of_family,0,SD-SRC14,SRC14,0.1,M2_joint_chance_saa[N=128],M2 joint CC-SAA (N=128),15.666703998057695,SDSRC14_MAIN9:M2[N=128]@alpha=0.1,SDSRC14_MAIN9,MAIN9,SD-SRC14,0.061,0.0612,0.0652882387606348,,,,
C,cheapest_member_of_family,0,SD-SRC12,SRC12,0.1,M2_joint_chance_saa[N=128],M2 joint CC-SAA (N=128),15.666703998057695,SDSRC14_MAIN9:M2[N=128]@alpha=0.1,SDSRC14_MAIN9,MAIN9,SD-SRC14,0.0853,0.0855,0.0902392872244352,,,,
C,cheapest_member_of_family,0,SD-SRC14,SRC14,0.1,M2_joint_chance_saa[N=512],M2 joint CC-SAA (N=512),15.685191591584502,SDSRC14_MAIN9:M2[N=512]@alpha=0.1,SDSRC14_MAIN9,MAIN9,SD-SRC14,0.0515,0.0517,0.0554899288849558,,,,
C,cheapest_member_of_family,0,SD-SRC12,SRC12,0.1,M2_joint_chance_saa[N=512],M2 joint CC-SAA (N=512),15.685191591584502,SDSRC14_MAIN9:M2[N=512]@alpha=0.1,SDSRC14_MAIN9,MAIN9,SD-SRC14,0.0673,0.0675,0.0717707833616788,,,,
C,cheapest_member_of_family,1,SD-SRC14,SRC14,0.1,M2_joint_chance_saa[N=512],M2 joint CC-SAA (N=512),15.765412479110164,SDSRC14_MAIN9:M2[N=512]@alpha=0.1,SDSRC14_MAIN9,MAIN9,SD-SRC14,0.0328,0.0332,0.0362995341871648,,,,
C,cheapest_member_of_family,1,SD-SRC12,SRC12,0.1,M2_joint_chance_saa[N=512],M2 joint CC-SAA (N=512),15.765412479110164,SDSRC14_MAIN9:M2[N=512]@alpha=0.1,SDSRC14_MAIN9,MAIN9,SD-SRC14,0.0612,0.0616,0.0657001636800235,,,,
C,cheapest_member_of_family,2,SD-SRC14,SRC14,0.1,M2_joint_chance_saa[N=1024],M2 joint CC-SAA (N=1024),15.88660071950252,SDSRC14_MAIN9:M2[N=1024]@alpha=0.1,SDSRC14_MAIN9,MAIN9,SD-SRC14,0.0381,0.0385,0.041815922260737,,,,
C,cheapest_member_of_family,2,SD-SRC12,SRC12,0.1,M2_joint_chance_saa[N=1024],M2 joint CC-SAA (N=1024),15.88660071950252,SDSRC14_MAIN9:M2[N=1024]@alpha=0.1,SDSRC14_MAIN9,MAIN9,SD-SRC14,0.0737,0.0741,0.0785509479214917,,,,
C,cheapest_member_of_family,2,SD-12MO,MO12,0.01,M2_joint_chance_saa[N=1024],M2 joint CC-SAA (N=1024),15.93510578752786,SD12MO_MAIN9:M2[N=1024]@alpha=0.01,SD12MO_MAIN9,MAIN9,SD-12MO,0.0055,0.0055,0.0068803009764198,,,,
C,cheapest_member_of_family,2,SD-SRC14,SRC14,0.1,M2_joint_chance_saa[N=128],M2 joint CC-SAA (N=128),16.157574922294017,SDSRC14_MAIN9:M2[N=128]@alpha=0.1,SDSRC14_MAIN9,MAIN9,SD-SRC14,0.0599,0.0603,0.0643612326659666,,,,
C,cheapest_member_of_family,2,SD-SRC12,SRC12,0.1,M2_joint_chance_saa[N=128],M2 joint CC-SAA (N=128),16.157574922294017,SDSRC14_MAIN9:M2[N=128]@alpha=0.1,SDSRC14_MAIN9,MAIN9,SD-SRC14,0.0801,0.0805,0.0851161159262082,,,,
C,cheapest_member_of_family,1,SD-S2,NARROW,0.01,M3b_budget_robust,M3b budget robust,16.796219115929567,"SDS2_MAIN9:M3b[factory box k=1.5, Gamma selected]@alpha=0.01",SDS2_MAIN9,MAIN9,SD-S2,0.0033,0.0033,0.004410052749836,,,,
C,cheapest_member_of_family,2,SD-S2,NARROW,0.01,M3b_budget_robust,M3b budget robust,16.796219115929567,"SDS2_MAIN9:M3b[factory box k=1.5, Gamma selected]@alpha=0.01",SDS2_MAIN9,MAIN9,SD-S2,0.0035,0.0035,0.0046377663474407,,,,
C,cheapest_member_of_family,0,SD-S2,NARROW,0.01,M3a_box_robust,M3a box robust,16.796219115929635,SDS2_MAIN9:M3a[factory box]@alpha=0.01,SDS2_MAIN9,MAIN9,SD-S2,0.0045,0.0045,0.0057658249723362,,,,
C,cheapest_member_of_family,1,SD-S2,NARROW,0.01,M3a_box_robust,M3a box robust,16.796219115929635,SDS2_MAIN9:M3a[factory box]@alpha=0.01,SDS2_MAIN9,MAIN9,SD-S2,0.0033,0.0033,0.004410052749836,,,,
C,cheapest_member_of_family,2,SD-S2,NARROW,0.01,M3a_box_robust,M3a box robust,16.796219115929635,SDS2_MAIN9:M3a[factory box]@alpha=0.01,SDS2_MAIN9,MAIN9,SD-S2,0.0035,0.0035,0.0046377663474407,,,,
C,cheapest_member_of_family,0,SD-S2,NARROW,0.05,M3a_box_robust,M3a box robust,16.796219115929635,SDS2_MAIN9:M3a[factory box]@alpha=0.05,SDS2_MAIN9,MAIN9,SD-S2,0.0045,0.0045,0.0057658249723362,,,,
C,cheapest_member_of_family,0,SD-12MO,MO12,0.05,M3a_box_robust,M3a box robust,16.796219115929635,SDS2_MAIN9:M3a[factory box]@alpha=0.05,SDS2_MAIN9,MAIN9,SD-S2,0.0162,0.0162,0.0184344269874975,,,,
C,cheapest_member_of_family,1,SD-S2,NARROW,0.05,M3a_box_robust,M3a box robust,16.796219115929635,SDS2_MAIN9:M3a[factory box]@alpha=0.05,SDS2_MAIN9,MAIN9,SD-S2,0.0033,0.0033,0.004410052749836,,,,
C,cheapest_member_of_family,1,SD-12MO,MO12,0.05,M3a_box_robust,M3a box robust,16.796219115929635,SDS2_MAIN9:M3a[factory box]@alpha=0.05,SDS2_MAIN9,MAIN9,SD-S2,0.0153,0.0153,0.0174771878841579,,,,
C,cheapest_member_of_family,2,SD-S2,NARROW,0.05,M3a_box_robust,M3a box robust,16.796219115929635,SDS2_MAIN9:M3a[factory box]@alpha=0.05,SDS2_MAIN9,MAIN9,SD-S2,0.0035,0.0035,0.0046377663474407,,,,
C,cheapest_member_of_family,2,SD-12MO,MO12,0.05,M3a_box_robust,M3a box robust,16.796219115929635,SDS2_MAIN9:M3a[factory box]@alpha=0.05,SDS2_MAIN9,MAIN9,SD-S2,0.0159,0.0159,0.0181155368281105,,,,
C,cheapest_member_of_family,0,SD-S2,NARROW,0.1,M3a_box_robust,M3a box robust,16.796219115929635,SDS2_MAIN9:M3a[factory box]@alpha=0.1,SDS2_MAIN9,MAIN9,SD-S2,0.0045,0.0045,0.0057658249723362,,,,
C,cheapest_member_of_family,0,SD-12MO,MO12,0.1,M3a_box_robust,M3a box robust,16.796219115929635,SDS2_MAIN9:M3a[factory box]@alpha=0.1,SDS2_MAIN9,MAIN9,SD-S2,0.0162,0.0162,0.0184344269874975,,,,
C,cheapest_member_of_family,1,SD-S2,NARROW,0.1,M3a_box_robust,M3a box robust,16.796219115929635,SDS2_MAIN9:M3a[factory box]@alpha=0.1,SDS2_MAIN9,MAIN9,SD-S2,0.0033,0.0033,0.004410052749836,,,,
C,cheapest_member_of_family,1,SD-12MO,MO12,0.1,M3a_box_robust,M3a box robust,16.796219115929635,SDS2_MAIN9:M3a[factory box]@alpha=0.1,SDS2_MAIN9,MAIN9,SD-S2,0.0153,0.0153,0.0174771878841579,,,,
C,cheapest_member_of_family,2,SD-S2,NARROW,0.1,M3a_box_robust,M3a box robust,16.796219115929635,SDS2_MAIN9:M3a[factory box]@alpha=0.1,SDS2_MAIN9,MAIN9,SD-S2,0.0035,0.0035,0.0046377663474407,,,,
C,cheapest_member_of_family,2,SD-12MO,MO12,0.1,M3a_box_robust,M3a box robust,16.796219115929635,SDS2_MAIN9:M3a[factory box]@alpha=0.1,SDS2_MAIN9,MAIN9,SD-S2,0.0159,0.0159,0.0181155368281105,,,,
C,cheapest_member_of_family,2,SD-SRC14,SRC14,0.05,M2_joint_chance_saa[N=1024],M2 joint CC-SAA (N=1024),16.97563119720136,SDSRC14_MAIN9:M2[N=1024]@alpha=0.05,SDSRC14_MAIN9,MAIN9,SD-SRC14,0.0193,0.0197,0.0221424669795033,,,,
C,cheapest_member_of_family,0,SD-SRC14,SRC14,0.05,M2_joint_chance_saa[N=512],M2 joint CC-SAA (N=512),17.009109229881545,SDSRC14_MAIN9:M2[N=512]@alpha=0.05,SDSRC14_MAIN9,MAIN9,SD-SRC14,0.0316,0.0318,0.0348392034084708,,,,
C,cheapest_member_of_family,1,SD-SRC14,SRC14,0.05,M2_joint_chance_saa[N=512],M2 joint CC-SAA (N=512),17.028151754153043,SDSRC14_MAIN9:M2[N=512]@alpha=0.05,SDSRC14_MAIN9,MAIN9,SD-SRC14,0.0219,0.0223,0.0248845598779032,,,,
C,cheapest_member_of_family,1,SD-SRC12,SRC12,0.05,M2_joint_chance_saa[N=512],M2 joint CC-SAA (N=512),17.028151754153043,SDSRC14_MAIN9:M2[N=512]@alpha=0.05,SDSRC14_MAIN9,MAIN9,SD-SRC14,0.0389,0.0393,0.0426470937218927,,,,
C,cheapest_member_of_family,1,SD-SRC14,SRC14,0.05,M2_joint_chance_saa[N=1024],M2 joint CC-SAA (N=1024),17.07723572917017,SDSRC14_MAIN9:M2[N=1024]@alpha=0.05,SDSRC14_MAIN9,MAIN9,SD-SRC14,0.0198,0.0202,0.0226705356829709,,,,
C,cheapest_member_of_family,0,SD-SRC14,SRC14,0.05,M2_joint_chance_saa[N=1024],M2 joint CC-SAA (N=1024),17.21939540180928,SDSRC14_MAIN9:M2[N=1024]@alpha=0.05,SDSRC14_MAIN9,MAIN9,SD-SRC14,0.0267,0.0269,0.0297156434174726,,,,
C,cheapest_member_of_family,2,SD-SRC14,SRC14,0.05,M2_joint_chance_saa[N=512],M2 joint CC-SAA (N=512),18.091440226955147,SDSRC14_MAIN9:M2[N=512]@alpha=0.05,SDSRC14_MAIN9,MAIN9,SD-SRC14,0.0301,0.0305,0.0334818521848977,,,,
C,cheapest_member_of_family,1,SD-S2,NARROW,0.1,M2_joint_chance_saa[N=128],M2 joint CC-SAA (N=128),18.2876354521337,SDSRC12_MAIN9:M2[N=128]@alpha=0.1,SDSRC12_MAIN9,MAIN9,SD-SRC12,0.0,0.0,0.0002995283597766,,,,
C,cheapest_member_of_family,1,SD-SRC14,SRC14,0.1,M2_joint_chance_saa[N=128],M2 joint CC-SAA (N=128),18.2876354521337,SDSRC12_MAIN9:M2[N=128]@alpha=0.1,SDSRC12_MAIN9,MAIN9,SD-SRC12,0.0281,0.0284,0.0312862918291138,,,,
C,cheapest_member_of_family,1,SD-12MO,MO12,0.1,M2_joint_chance_saa[N=128],M2 joint CC-SAA (N=128),18.2876354521337,SDSRC12_MAIN9:M2[N=128]@alpha=0.1,SDSRC12_MAIN9,MAIN9,SD-SRC12,0.0015,0.0015,0.0023087778041997,,,,
C,cheapest_member_of_family,1,SD-SRC12,SRC12,0.1,M2_joint_chance_saa[N=128],M2 joint CC-SAA (N=128),18.2876354521337,SDSRC12_MAIN9:M2[N=128]@alpha=0.1,SDSRC12_MAIN9,MAIN9,SD-SRC12,0.043,0.0433,0.046797781641884,,,,
C,cheapest_member_of_family,0,SD-SRC14,SRC14,0.1,M3b_budget_robust,M3b budget robust,18.741970344198688,"SDSRC14_MAIN9:M3b[factory box k=1, Gamma selected]@alpha=0.1",SDSRC14_MAIN9,MAIN9,SD-SRC14,0.08,0.0802,0.084808567696668,,,,
C,cheapest_member_of_family,1,SD-SRC14,SRC14,0.1,M3b_budget_robust,M3b budget robust,18.741970344198688,"SDSRC14_MAIN9:M3b[factory box k=1, Gamma selected]@alpha=0.1",SDSRC14_MAIN9,MAIN9,SD-SRC14,0.0762,0.0765,0.0810139260474207,,,,
C,cheapest_member_of_family,2,SD-SRC14,SRC14,0.1,M3b_budget_robust,M3b budget robust,18.741970344198688,"SDSRC14_MAIN9:M3b[factory box k=1, Gamma selected]@alpha=0.1",SDSRC14_MAIN9,MAIN9,SD-SRC14,0.0833,0.0837,0.0883955067921875,,,,
C,cheapest_member_of_family,0,SD-SRC14,SRC14,0.05,M3b_budget_robust,M3b budget robust,20.207316295542157,"SDSRC14_MAIN9:M3b[factory box k=1, Gamma selected]@alpha=0.05",SDSRC14_MAIN9,MAIN9,SD-SRC14,0.0447,0.0449,0.0484558155517556,,,,
C,cheapest_member_of_family,1,SD-S2,NARROW,0.01,M2_joint_chance_saa[N=1024],M2 joint CC-SAA (N=1024),20.282058700559723,SDSRC14_MAIN9:M2[N=1024]@alpha=0.01,SDSRC14_MAIN9,MAIN9,SD-SRC14,0.0,0.0,0.0002995283597766,,,,
C,cheapest_member_of_family,1,SD-SRC14,SRC14,0.01,M2_joint_chance_saa[N=1024],M2 joint CC-SAA (N=1024),20.282058700559723,SDSRC14_MAIN9:M2[N=1024]@alpha=0.01,SDSRC14_MAIN9,MAIN9,SD-SRC14,0.0045,0.0049,0.0062130084053166,,,,
C,cheapest_member_of_family,2,SD-SRC14,SRC14,0.01,M2_joint_chance_saa[N=1024],M2 joint CC-SAA (N=1024),20.591899942881618,SDSRC14_MAIN9:M2[N=1024]@alpha=0.01,SDSRC14_MAIN9,MAIN9,SD-SRC14,0.0046,0.005,0.0063244997707938,,,,
C,cheapest_member_of_family,0,SD-SRC14,SRC14,0.1,M3a_box_robust,M3a box robust,20.663506050053005,SDSRC14_MAIN9:M3a[factory box]@alpha=0.1,SDSRC14_MAIN9,MAIN9,SD-SRC14,0.0538,0.054,0.057864979297218,,,,
C,cheapest_member_of_family,1,SD-SRC14,SRC14,0.1,M3a_box_robust,M3a box robust,20.663506050053005,SDSRC14_MAIN9:M3a[factory box]@alpha=0.1,SDSRC14_MAIN9,MAIN9,SD-SRC14,0.0503,0.0505,0.0542499860457127,,,,
C,cheapest_member_of_family,2,SD-SRC14,SRC14,0.1,M3a_box_robust,M3a box robust,20.663506050053005,SDSRC14_MAIN9:M3a[factory box]@alpha=0.1,SDSRC14_MAIN9,MAIN9,SD-SRC14,0.0562,0.0566,0.0605475595117171,,,,
C,cheapest_member_of_family,1,SD-SRC12,SRC12,0.05,M2_joint_chance_saa[N=1024],M2 joint CC-SAA (N=1024),21.683223091800286,SDSRC12_MAIN9:M2[N=1024]@alpha=0.05,SDSRC12_MAIN9,MAIN9,SD-SRC12,0.0236,0.024,0.026672714897028,,,,
C,cheapest_member_of_family,2,SD-SRC12,SRC12,0.05,M2_joint_chance_saa[N=1024],M2 joint CC-SAA (N=1024),22.770578736396253,SDSRC12_MAIN9:M2[N=1024]@alpha=0.05,SDSRC12_MAIN9,MAIN9,SD-SRC12,0.0149,0.0153,0.0174771878841579,,,,
C,cheapest_member_of_family,1,SD-SRC14,SRC14,0.05,M3b_budget_robust,M3b budget robust,22.913020631496074,"SDSRC14_MAIN9:M3b[factory box k=1.5, Gamma selected]@alpha=0.05",SDSRC14_MAIN9,MAIN9,SD-SRC14,0.0133,0.0136,0.015664051769502,,,,
C,cheapest_member_of_family,2,SD-SRC14,SRC14,0.05,M3b_budget_robust,M3b budget robust,22.913020631496074,"SDSRC14_MAIN9:M3b[factory box k=1.5, Gamma selected]@alpha=0.05",SDSRC14_MAIN9,MAIN9,SD-SRC14,0.0153,0.0157,0.0179028393980629,,,,
C,cheapest_member_of_family,0,SD-SRC12,SRC12,0.05,M2_joint_chance_saa[N=1024],M2 joint CC-SAA (N=1024),23.291695678558067,SDSRC12_MAIN9:M2[N=1024]@alpha=0.05,SDSRC12_MAIN9,MAIN9,SD-SRC12,0.0252,0.0254,0.0281428174891358,,,,
C,cheapest_member_of_family,2,SD-SRC12,SRC12,0.05,M2_joint_chance_saa[N=512],M2 joint CC-SAA (N=512),24.036176783742548,SDSRC12_MAIN9:M2[N=512]@alpha=0.05,SDSRC12_MAIN9,MAIN9,SD-SRC12,0.0231,0.0235,0.0261471454551582,,,,
C,cheapest_member_of_family,0,SD-S2,NARROW,0.01,M3b_budget_robust,M3b budget robust,30.097009180541544,"SDSRC14_MAIN9:M3b[factory box k=1.5, Gamma selected]@alpha=0.01",SDSRC14_MAIN9,MAIN9,SD-SRC14,0.0,0.0,0.0002995283597766,,,,
C,cheapest_member_of_family,0,SD-SRC14,SRC14,0.01,M3b_budget_robust,M3b budget robust,30.097009180541544,"SDSRC14_MAIN9:M3b[factory box k=1.5, Gamma selected]@alpha=0.01",SDSRC14_MAIN9,MAIN9,SD-SRC14,0.0028,0.003,0.004066874992626,,,,
C,cheapest_member_of_family,1,SD-SRC14,SRC14,0.01,M3b_budget_robust,M3b budget robust,30.097009180541544,"SDSRC14_MAIN9:M3b[factory box k=1.5, Gamma selected]@alpha=0.01",SDSRC14_MAIN9,MAIN9,SD-SRC14,0.0029,0.0033,0.004410052749836,,,,
C,cheapest_member_of_family,2,SD-SRC14,SRC14,0.01,M3b_budget_robust,M3b budget robust,30.097009180541544,"SDSRC14_MAIN9:M3b[factory box k=1.5, Gamma selected]@alpha=0.01",SDSRC14_MAIN9,MAIN9,SD-SRC14,0.0032,0.0036,0.0047513287850576,,,,
C,cheapest_member_any_family,1,SD-S2,NARROW,0.1,M2_joint_chance_saa[N=1024],M2 joint CC-SAA (N=1024),9.230217736995217,SDS2_MAIN9:M2[N=1024]@alpha=0.1,SDS2_MAIN9,MAIN9,SD-S2,0.0512,0.0512,0.0549733532235281,,,,
C,cheapest_member_any_family,1,SD-12MO,MO12,0.1,M2_joint_chance_saa[N=1024],M2 joint CC-SAA (N=1024),9.230217736995217,SDS2_MAIN9:M2[N=1024]@alpha=0.1,SDS2_MAIN9,MAIN9,SD-S2,0.0524,0.0524,0.0562129763465484,,,,
C,cheapest_member_any_family,2,SD-S2,NARROW,0.1,M2_joint_chance_saa[N=1024],M2 joint CC-SAA (N=1024),9.240376301349485,SDS2_MAIN9:M2[N=1024]@alpha=0.1,SDS2_MAIN9,MAIN9,SD-S2,0.0685,0.0685,0.0727987731358498,,,,
C,cheapest_member_any_family,2,SD-12MO,MO12,0.1,M2_joint_chance_saa[N=1024],M2 joint CC-SAA (N=1024),9.240376301349485,SDS2_MAIN9:M2[N=1024]@alpha=0.1,SDS2_MAIN9,MAIN9,SD-S2,0.07,0.07,0.074340281789662,,,,
C,cheapest_member_any_family,0,SD-S2,NARROW,0.1,M2_joint_chance_saa[N=512],M2 joint CC-SAA (N=512),9.292177587717031,SDS2_MAIN9:M2[N=512]@alpha=0.1,SDS2_MAIN9,MAIN9,SD-S2,0.0571,0.0571,0.0610631779285158,,,,
C,cheapest_member_any_family,0,SD-12MO,MO12,0.1,M2_joint_chance_saa[N=512],M2 joint CC-SAA (N=512),9.292177587717031,SDS2_MAIN9:M2[N=512]@alpha=0.1,SDS2_MAIN9,MAIN9,SD-S2,0.0599,0.0599,0.0639491511444901,,,,
C,cheapest_member_any_family,0,SD-S2,NARROW,0.05,M2_joint_chance_saa[N=1024],M2 joint CC-SAA (N=1024),10.434213782246605,SDS2_MAIN9:M2[N=1024]@alpha=0.05,SDS2_MAIN9,MAIN9,SD-S2,0.0318,0.0318,0.0348392034084708,,,,
C,cheapest_member_any_family,0,SD-12MO,MO12,0.05,M2_joint_chance_saa[N=1024],M2 joint CC-SAA (N=1024),10.434213782246605,SDS2_MAIN9:M2[N=1024]@alpha=0.05,SDS2_MAIN9,MAIN9,SD-S2,0.0323,0.0323,0.0353609159911726,,,,
C,cheapest_member_any_family,2,SD-S2,NARROW,0.05,M2_joint_chance_saa[N=1024],M2 joint CC-SAA (N=1024),10.449163150355535,SDS2_MAIN9:M2[N=1024]@alpha=0.05,SDS2_MAIN9,MAIN9,SD-S2,0.027,0.027,0.0298204191068459,,,,
C,cheapest_member_any_family,2,SD-12MO,MO12,0.05,M2_joint_chance_saa[N=1024],M2 joint CC-SAA (N=1024),10.449163150355535,SDS2_MAIN9:M2[N=1024]@alpha=0.05,SDS2_MAIN9,MAIN9,SD-S2,0.0276,0.0276,0.0304488730784454,,,,
C,cheapest_member_any_family,1,SD-S2,NARROW,0.05,M2_joint_chance_saa[N=1024],M2 joint CC-SAA (N=1024),10.711563833955928,SDS2_MAIN9:M2[N=1024]@alpha=0.05,SDS2_MAIN9,MAIN9,SD-S2,0.0221,0.0221,0.024673954784187,,,,
C,cheapest_member_any_family,1,SD-12MO,MO12,0.05,M2_joint_chance_saa[N=1024],M2 joint CC-SAA (N=1024),10.711563833955928,SDS2_MAIN9:M2[N=1024]@alpha=0.05,SDS2_MAIN9,MAIN9,SD-S2,0.0229,0.0229,0.025516072766601,,,,
C,cheapest_member_any_family,0,SD-S2,NARROW,0.01,M2_joint_chance_saa[N=512],M2 joint CC-SAA (N=512),13.050255234135633,SDS2_MAIN9:M2[N=512]@alpha=0.01,SDS2_MAIN9,MAIN9,SD-S2,0.0054,0.0054,0.0067693512642759,,,,
C,cheapest_member_any_family,0,SD-12MO,MO12,0.01,M2_joint_chance_saa[N=512],M2 joint CC-SAA (N=512),13.050255234135633,SDS2_MAIN9:M2[N=512]@alpha=0.01,SDS2_MAIN9,MAIN9,SD-S2,0.0069,0.0069,0.0084241881561335,,,,
C,cheapest_member_any_family,2,SD-S2,NARROW,0.01,M2_joint_chance_saa[N=1024],M2 joint CC-SAA (N=1024),13.772533515904751,SDS2_MAIN9:M2[N=1024]@alpha=0.01,SDS2_MAIN9,MAIN9,SD-S2,0.0069,0.0069,0.0084241881561335,,,,
C,cheapest_member_any_family,0,SD-SRC14,SRC14,0.1,M2_joint_chance_saa[N=1024],M2 joint CC-SAA (N=1024),15.433266087878405,SDSRC14_MAIN9:M2[N=1024]@alpha=0.1,SDSRC14_MAIN9,MAIN9,SD-SRC14,0.0555,0.0557,0.0596192361149189,,,,
C,cheapest_member_any_family,0,SD-SRC12,SRC12,0.1,M2_joint_chance_saa[N=1024],M2 joint CC-SAA (N=1024),15.433266087878405,SDSRC14_MAIN9:M2[N=1024]@alpha=0.1,SDSRC14_MAIN9,MAIN9,SD-SRC14,0.0778,0.078,0.0825526442040413,,,,
C,cheapest_member_any_family,2,SD-SRC14,SRC14,0.1,M2_joint_chance_saa[N=512],M2 joint CC-SAA (N=512),15.449598916312635,SDSRC14_MAIN9:M2[N=512]@alpha=0.1,SDSRC14_MAIN9,MAIN9,SD-SRC14,0.0543,0.0547,0.0585874421849706,,,,
C,cheapest_member_any_family,2,SD-SRC12,SRC12,0.1,M2_joint_chance_saa[N=512],M2 joint CC-SAA (N=512),15.449598916312635,SDSRC14_MAIN9:M2[N=512]@alpha=0.1,SDSRC14_MAIN9,MAIN9,SD-SRC14,0.0819,0.0823,0.0869610231464151,,,,
C,cheapest_member_any_family,1,SD-SRC14,SRC14,0.1,M2_joint_chance_saa[N=1024],M2 joint CC-SAA (N=1024),15.594826058238965,SDSRC14_MAIN9:M2[N=1024]@alpha=0.1,SDSRC14_MAIN9,MAIN9,SD-SRC14,0.0433,0.0437,0.0472124043564132,,,,
C,cheapest_member_any_family,1,SD-SRC12,SRC12,0.1,M2_joint_chance_saa[N=1024],M2 joint CC-SAA (N=1024),15.594826058238965,SDSRC14_MAIN9:M2[N=1024]@alpha=0.1,SDSRC14_MAIN9,MAIN9,SD-SRC14,0.067,0.0674,0.0716679701739757,,,,
C,cheapest_member_any_family,2,SD-12MO,MO12,0.01,M2_joint_chance_saa[N=1024],M2 joint CC-SAA (N=1024),15.93510578752786,SD12MO_MAIN9:M2[N=1024]@alpha=0.01,SD12MO_MAIN9,MAIN9,SD-12MO,0.0055,0.0055,0.0068803009764198,,,,
C,cheapest_member_any_family,1,SD-S2,NARROW,0.01,M3b_budget_robust,M3b budget robust,16.796219115929567,"SDS2_MAIN9:M3b[factory box k=1.5, Gamma selected]@alpha=0.01",SDS2_MAIN9,MAIN9,SD-S2,0.0033,0.0033,0.004410052749836,,,,
C,cheapest_member_any_family,2,SD-SRC14,SRC14,0.05,M2_joint_chance_saa[N=1024],M2 joint CC-SAA (N=1024),16.97563119720136,SDSRC14_MAIN9:M2[N=1024]@alpha=0.05,SDSRC14_MAIN9,MAIN9,SD-SRC14,0.0193,0.0197,0.0221424669795033,,,,
C,cheapest_member_any_family,0,SD-SRC14,SRC14,0.05,M2_joint_chance_saa[N=512],M2 joint CC-SAA (N=512),17.009109229881545,SDSRC14_MAIN9:M2[N=512]@alpha=0.05,SDSRC14_MAIN9,MAIN9,SD-SRC14,0.0316,0.0318,0.0348392034084708,,,,
C,cheapest_member_any_family,1,SD-SRC14,SRC14,0.05,M2_joint_chance_saa[N=512],M2 joint CC-SAA (N=512),17.028151754153043,SDSRC14_MAIN9:M2[N=512]@alpha=0.05,SDSRC14_MAIN9,MAIN9,SD-SRC14,0.0219,0.0223,0.0248845598779032,,,,
C,cheapest_member_any_family,1,SD-SRC12,SRC12,0.05,M2_joint_chance_saa[N=512],M2 joint CC-SAA (N=512),17.028151754153043,SDSRC14_MAIN9:M2[N=512]@alpha=0.05,SDSRC14_MAIN9,MAIN9,SD-SRC14,0.0389,0.0393,0.0426470937218927,,,,
C,cheapest_member_any_family,1,SD-SRC14,SRC14,0.01,M2_joint_chance_saa[N=1024],M2 joint CC-SAA (N=1024),20.282058700559723,SDSRC14_MAIN9:M2[N=1024]@alpha=0.01,SDSRC14_MAIN9,MAIN9,SD-SRC14,0.0045,0.0049,0.0062130084053166,,,,
C,cheapest_member_any_family,2,SD-SRC14,SRC14,0.01,M2_joint_chance_saa[N=1024],M2 joint CC-SAA (N=1024),20.591899942881618,SDSRC14_MAIN9:M2[N=1024]@alpha=0.01,SDSRC14_MAIN9,MAIN9,SD-SRC14,0.0046,0.005,0.0063244997707938,,,,
C,cheapest_member_any_family,2,SD-SRC12,SRC12,0.05,M2_joint_chance_saa[N=1024],M2 joint CC-SAA (N=1024),22.770578736396253,SDSRC12_MAIN9:M2[N=1024]@alpha=0.05,SDSRC12_MAIN9,MAIN9,SD-SRC12,0.0149,0.0153,0.0174771878841579,,,,
C,cheapest_member_any_family,0,SD-SRC12,SRC12,0.05,M2_joint_chance_saa[N=1024],M2 joint CC-SAA (N=1024),23.291695678558067,SDSRC12_MAIN9:M2[N=1024]@alpha=0.05,SDSRC12_MAIN9,MAIN9,SD-SRC12,0.0252,0.0254,0.0281428174891358,,,,
C,cheapest_member_any_family,0,SD-SRC14,SRC14,0.01,M3b_budget_robust,M3b budget robust,30.097009180541544,"SDSRC14_MAIN9:M3b[factory box k=1.5, Gamma selected]@alpha=0.01",SDSRC14_MAIN9,MAIN9,SD-SRC14,0.0028,0.003,0.004066874992626,,,,
R0,comparable_set,0,SD-H0,TAB,0.1,,,,,,,,,,,0.0,63.0,True,True
R0,comparable_set,0,SD-H0,TAB,0.05,,,,,,,,,,,0.0,63.0,True,True
R0,comparable_set,0,SD-H0,TAB,0.01,,,,,,,,,,,0.0,63.0,True,True
R0,comparable_set,0,SD-SRC12,SRC12,0.1,,,,,,,,,,,0.0,63.0,True,True
R0,comparable_set,0,SD-SRC12,SRC12,0.05,,,,,,,,,,,0.0,63.0,True,True
R0,comparable_set,0,SD-SRC12,SRC12,0.01,,,,,,,,,,,0.0,63.0,True,True
R0,comparable_set,0,SD-SRC14,SRC14,0.1,,,,,,,,,,,0.0,63.0,True,True
R0,comparable_set,0,SD-SRC14,SRC14,0.05,,,,,,,,,,,0.0,63.0,True,True
R0,comparable_set,0,SD-SRC14,SRC14,0.01,,,,,,,,,,,0.0,63.0,True,True
R0,comparable_set,0,SD-12MO,MO12,0.1,,,,,,,,,,,0.0,63.0,True,True
R0,comparable_set,0,SD-12MO,MO12,0.05,,,,,,,,,,,0.0,63.0,True,True
R0,comparable_set,0,SD-12MO,MO12,0.01,,,,,,,,,,,0.0,63.0,True,True
R0,comparable_set,0,SD-S2,NARROW,0.1,,,,,,,,,,,0.0,63.0,True,True
R0,comparable_set,0,SD-S2,NARROW,0.05,,,,,,,,,,,0.0,63.0,True,True
R0,comparable_set,0,SD-S2,NARROW,0.01,,,,,,,,,,,0.0,63.0,True,True
R0,comparable_set,1,SD-H0,TAB,0.1,,,,,,,,,,,0.0,35.0,True,True
R0,comparable_set,1,SD-H0,TAB,0.05,,,,,,,,,,,0.0,35.0,True,True
R0,comparable_set,1,SD-H0,TAB,0.01,,,,,,,,,,,0.0,35.0,True,True
R0,comparable_set,1,SD-SRC12,SRC12,0.1,,,,,,,,,,,0.0,35.0,True,True
R0,comparable_set,1,SD-SRC12,SRC12,0.05,,,,,,,,,,,0.0,35.0,True,True
R0,comparable_set,1,SD-SRC12,SRC12,0.01,,,,,,,,,,,0.0,35.0,True,True
R0,comparable_set,1,SD-SRC14,SRC14,0.1,,,,,,,,,,,0.0,35.0,True,True
R0,comparable_set,1,SD-SRC14,SRC14,0.05,,,,,,,,,,,0.0,35.0,True,True
R0,comparable_set,1,SD-SRC14,SRC14,0.01,,,,,,,,,,,0.0,35.0,True,True
R0,comparable_set,1,SD-12MO,MO12,0.1,,,,,,,,,,,0.0,35.0,True,True
R0,comparable_set,1,SD-12MO,MO12,0.05,,,,,,,,,,,0.0,35.0,True,True
R0,comparable_set,1,SD-12MO,MO12,0.01,,,,,,,,,,,0.0,35.0,True,True
R0,comparable_set,1,SD-S2,NARROW,0.1,,,,,,,,,,,0.0,35.0,True,True
R0,comparable_set,1,SD-S2,NARROW,0.05,,,,,,,,,,,0.0,35.0,True,True
R0,comparable_set,1,SD-S2,NARROW,0.01,,,,,,,,,,,0.0,35.0,True,True
R0,comparable_set,2,SD-H0,TAB,0.1,,,,,,,,,,,0.0,35.0,True,True
R0,comparable_set,2,SD-H0,TAB,0.05,,,,,,,,,,,0.0,35.0,True,True
R0,comparable_set,2,SD-H0,TAB,0.01,,,,,,,,,,,0.0,35.0,True,True
R0,comparable_set,2,SD-SRC12,SRC12,0.1,,,,,,,,,,,0.0,35.0,True,True
R0,comparable_set,2,SD-SRC12,SRC12,0.05,,,,,,,,,,,0.0,35.0,True,True
R0,comparable_set,2,SD-SRC12,SRC12,0.01,,,,,,,,,,,0.0,35.0,True,True
R0,comparable_set,2,SD-SRC14,SRC14,0.1,,,,,,,,,,,0.0,35.0,True,True
R0,comparable_set,2,SD-SRC14,SRC14,0.05,,,,,,,,,,,0.0,35.0,True,True
R0,comparable_set,2,SD-SRC14,SRC14,0.01,,,,,,,,,,,0.0,35.0,True,True
R0,comparable_set,2,SD-12MO,MO12,0.1,,,,,,,,,,,0.0,35.0,True,True
R0,comparable_set,2,SD-12MO,MO12,0.05,,,,,,,,,,,0.0,35.0,True,True
R0,comparable_set,2,SD-12MO,MO12,0.01,,,,,,,,,,,0.0,35.0,True,True
R0,comparable_set,2,SD-S2,NARROW,0.1,,,,,,,,,,,0.0,35.0,True,True
R0,comparable_set,2,SD-S2,NARROW,0.05,,,,,,,,,,,0.0,35.0,True,True
R0,comparable_set,2,SD-S2,NARROW,0.01,,,,,,,,,,,0.0,35.0,True,True
A,comparable_set,0,SD-H0,TAB,0.1,,,,,,,,,,,0.0,35.0,True,True
A,comparable_set,0,SD-H0,TAB,0.05,,,,,,,,,,,0.0,35.0,True,True
A,comparable_set,0,SD-H0,TAB,0.01,,,,,,,,,,,0.0,35.0,True,True
A,comparable_set,0,SD-SRC12,SRC12,0.1,,,,,,,,,,,4.0,35.0,False,True
A,comparable_set,0,SD-SRC12,SRC12,0.05,,,,,,,,,,,1.0,35.0,False,True
A,comparable_set,0,SD-SRC12,SRC12,0.01,,,,,,,,,,,0.0,35.0,True,True
A,comparable_set,0,SD-SRC14,SRC14,0.1,,,,,,,,,,,6.0,35.0,False,True
A,comparable_set,0,SD-SRC14,SRC14,0.05,,,,,,,,,,,3.0,35.0,False,True
A,comparable_set,0,SD-SRC14,SRC14,0.01,,,,,,,,,,,0.0,35.0,True,True
A,comparable_set,0,SD-12MO,MO12,0.1,,,,,,,,,,,13.0,35.0,False,True
A,comparable_set,0,SD-12MO,MO12,0.05,,,,,,,,,,,10.0,35.0,False,True
A,comparable_set,0,SD-12MO,MO12,0.01,,,,,,,,,,,1.0,35.0,False,True
A,comparable_set,0,SD-S2,NARROW,0.1,,,,,,,,,,,13.0,35.0,False,True
A,comparable_set,0,SD-S2,NARROW,0.05,,,,,,,,,,,10.0,35.0,False,True
A,comparable_set,0,SD-S2,NARROW,0.01,,,,,,,,,,,3.0,35.0,False,True
A,comparable_set,1,SD-H0,TAB,0.1,,,,,,,,,,,0.0,35.0,True,True
A,comparable_set,1,SD-H0,TAB,0.05,,,,,,,,,,,0.0,35.0,True,True
A,comparable_set,1,SD-H0,TAB,0.01,,,,,,,,,,,0.0,35.0,True,True
A,comparable_set,1,SD-SRC12,SRC12,0.1,,,,,,,,,,,4.0,35.0,False,True
A,comparable_set,1,SD-SRC12,SRC12,0.05,,,,,,,,,,,0.0,35.0,True,True
A,comparable_set,1,SD-SRC12,SRC12,0.01,,,,,,,,,,,0.0,35.0,True,True
A,comparable_set,1,SD-SRC14,SRC14,0.1,,,,,,,,,,,8.0,35.0,False,True
A,comparable_set,1,SD-SRC14,SRC14,0.05,,,,,,,,,,,3.0,35.0,False,True
A,comparable_set,1,SD-SRC14,SRC14,0.01,,,,,,,,,,,0.0,35.0,True,True
A,comparable_set,1,SD-12MO,MO12,0.1,,,,,,,,,,,17.0,35.0,False,True
A,comparable_set,1,SD-12MO,MO12,0.05,,,,,,,,,,,9.0,35.0,False,True
A,comparable_set,1,SD-12MO,MO12,0.01,,,,,,,,,,,2.0,35.0,False,True
A,comparable_set,1,SD-S2,NARROW,0.1,,,,,,,,,,,17.0,35.0,False,True
A,comparable_set,1,SD-S2,NARROW,0.05,,,,,,,,,,,10.0,35.0,False,True
A,comparable_set,1,SD-S2,NARROW,0.01,,,,,,,,,,,4.0,35.0,False,True
A,comparable_set,2,SD-H0,TAB,0.1,,,,,,,,,,,0.0,35.0,True,True
A,comparable_set,2,SD-H0,TAB,0.05,,,,,,,,,,,0.0,35.0,True,True
A,comparable_set,2,SD-H0,TAB,0.01,,,,,,,,,,,0.0,35.0,True,True
A,comparable_set,2,SD-SRC12,SRC12,0.1,,,,,,,,,,,6.0,35.0,False,True
A,comparable_set,2,SD-SRC12,SRC12,0.05,,,,,,,,,,,0.0,35.0,True,True
A,comparable_set,2,SD-SRC12,SRC12,0.01,,,,,,,,,,,0.0,35.0,True,True
A,comparable_set,2,SD-SRC14,SRC14,0.1,,,,,,,,,,,8.0,35.0,False,True
A,comparable_set,2,SD-SRC14,SRC14,0.05,,,,,,,,,,,3.0,35.0,False,True
A,comparable_set,2,SD-SRC14,SRC14,0.01,,,,,,,,,,,0.0,35.0,True,True
A,comparable_set,2,SD-12MO,MO12,0.1,,,,,,,,,,,17.0,35.0,False,True
A,comparable_set,2,SD-12MO,MO12,0.05,,,,,,,,,,,10.0,35.0,False,True
A,comparable_set,2,SD-12MO,MO12,0.01,,,,,,,,,,,2.0,35.0,False,True
A,comparable_set,2,SD-S2,NARROW,0.1,,,,,,,,,,,17.0,35.0,False,True
A,comparable_set,2,SD-S2,NARROW,0.05,,,,,,,,,,,10.0,35.0,False,True
A,comparable_set,2,SD-S2,NARROW,0.01,,,,,,,,,,,3.0,35.0,False,True
B,comparable_set,0,SD-H0,TAB,0.1,,,,,,,,,,,0.0,35.0,True,True
B,comparable_set,0,SD-H0,TAB,0.05,,,,,,,,,,,0.0,35.0,True,True
B,comparable_set,0,SD-H0,TAB,0.01,,,,,,,,,,,0.0,35.0,True,True
B,comparable_set,0,SD-SRC12,SRC12,0.1,,,,,,,,,,,0.0,35.0,True,True
B,comparable_set,0,SD-SRC12,SRC12,0.05,,,,,,,,,,,0.0,35.0,True,True
B,comparable_set,0,SD-SRC12,SRC12,0.01,,,,,,,,,,,0.0,35.0,True,True
B,comparable_set,0,SD-SRC14,SRC14,0.1,,,,,,,,,,,0.0,35.0,True,True
B,comparable_set,0,SD-SRC14,SRC14,0.05,,,,,,,,,,,0.0,35.0,True,True
B,comparable_set,0,SD-SRC14,SRC14,0.01,,,,,,,,,,,0.0,35.0,True,True
B,comparable_set,0,SD-12MO,MO12,0.1,,,,,,,,,,,0.0,35.0,True,True
B,comparable_set,0,SD-12MO,MO12,0.05,,,,,,,,,,,0.0,35.0,True,True
B,comparable_set,0,SD-12MO,MO12,0.01,,,,,,,,,,,0.0,35.0,True,True
B,comparable_set,0,SD-S2,NARROW,0.1,,,,,,,,,,,0.0,35.0,True,True
B,comparable_set,0,SD-S2,NARROW,0.05,,,,,,,,,,,0.0,35.0,True,True
B,comparable_set,0,SD-S2,NARROW,0.01,,,,,,,,,,,0.0,35.0,True,True
B,comparable_set,1,SD-H0,TAB,0.1,,,,,,,,,,,0.0,35.0,True,True
B,comparable_set,1,SD-H0,TAB,0.05,,,,,,,,,,,0.0,35.0,True,True
B,comparable_set,1,SD-H0,TAB,0.01,,,,,,,,,,,0.0,35.0,True,True
B,comparable_set,1,SD-SRC12,SRC12,0.1,,,,,,,,,,,0.0,35.0,True,True
B,comparable_set,1,SD-SRC12,SRC12,0.05,,,,,,,,,,,0.0,35.0,True,True
B,comparable_set,1,SD-SRC12,SRC12,0.01,,,,,,,,,,,0.0,35.0,True,True
B,comparable_set,1,SD-SRC14,SRC14,0.1,,,,,,,,,,,0.0,35.0,True,True
B,comparable_set,1,SD-SRC14,SRC14,0.05,,,,,,,,,,,0.0,35.0,True,True
B,comparable_set,1,SD-SRC14,SRC14,0.01,,,,,,,,,,,0.0,35.0,True,True
B,comparable_set,1,SD-12MO,MO12,0.1,,,,,,,,,,,0.0,35.0,True,True
B,comparable_set,1,SD-12MO,MO12,0.05,,,,,,,,,,,0.0,35.0,True,True
B,comparable_set,1,SD-12MO,MO12,0.01,,,,,,,,,,,0.0,35.0,True,True
B,comparable_set,1,SD-S2,NARROW,0.1,,,,,,,,,,,0.0,35.0,True,True
B,comparable_set,1,SD-S2,NARROW,0.05,,,,,,,,,,,0.0,35.0,True,True
B,comparable_set,1,SD-S2,NARROW,0.01,,,,,,,,,,,0.0,35.0,True,True
B,comparable_set,2,SD-H0,TAB,0.1,,,,,,,,,,,0.0,35.0,True,True
B,comparable_set,2,SD-H0,TAB,0.05,,,,,,,,,,,0.0,35.0,True,True
B,comparable_set,2,SD-H0,TAB,0.01,,,,,,,,,,,0.0,35.0,True,True
B,comparable_set,2,SD-SRC12,SRC12,0.1,,,,,,,,,,,0.0,35.0,True,True
B,comparable_set,2,SD-SRC12,SRC12,0.05,,,,,,,,,,,0.0,35.0,True,True
B,comparable_set,2,SD-SRC12,SRC12,0.01,,,,,,,,,,,0.0,35.0,True,True
B,comparable_set,2,SD-SRC14,SRC14,0.1,,,,,,,,,,,0.0,35.0,True,True
B,comparable_set,2,SD-SRC14,SRC14,0.05,,,,,,,,,,,0.0,35.0,True,True
B,comparable_set,2,SD-SRC14,SRC14,0.01,,,,,,,,,,,0.0,35.0,True,True
B,comparable_set,2,SD-12MO,MO12,0.1,,,,,,,,,,,0.0,35.0,True,True
B,comparable_set,2,SD-12MO,MO12,0.05,,,,,,,,,,,0.0,35.0,True,True
B,comparable_set,2,SD-12MO,MO12,0.01,,,,,,,,,,,0.0,35.0,True,True
B,comparable_set,2,SD-S2,NARROW,0.1,,,,,,,,,,,0.0,35.0,True,True
B,comparable_set,2,SD-S2,NARROW,0.05,,,,,,,,,,,0.0,35.0,True,True
B,comparable_set,2,SD-S2,NARROW,0.01,,,,,,,,,,,0.0,35.0,True,True
C,comparable_set,0,SD-H0,TAB,0.1,,,,,,,,,,,0.0,35.0,True,True
C,comparable_set,0,SD-H0,TAB,0.05,,,,,,,,,,,0.0,35.0,True,True
C,comparable_set,0,SD-H0,TAB,0.01,,,,,,,,,,,0.0,35.0,True,True
C,comparable_set,0,SD-SRC12,SRC12,0.1,,,,,,,,,,,5.0,35.0,False,True
C,comparable_set,0,SD-SRC12,SRC12,0.05,,,,,,,,,,,1.0,35.0,False,True
C,comparable_set,0,SD-SRC12,SRC12,0.01,,,,,,,,,,,0.0,35.0,True,True
C,comparable_set,0,SD-SRC14,SRC14,0.1,,,,,,,,,,,7.0,35.0,False,True
C,comparable_set,0,SD-SRC14,SRC14,0.05,,,,,,,,,,,4.0,35.0,False,True
C,comparable_set,0,SD-SRC14,SRC14,0.01,,,,,,,,,,,1.0,35.0,False,True
C,comparable_set,0,SD-12MO,MO12,0.1,,,,,,,,,,,16.0,35.0,False,True
C,comparable_set,0,SD-12MO,MO12,0.05,,,,,,,,,,,11.0,35.0,False,True
C,comparable_set,0,SD-12MO,MO12,0.01,,,,,,,,,,,1.0,35.0,False,True
C,comparable_set,0,SD-S2,NARROW,0.1,,,,,,,,,,,16.0,35.0,False,True
C,comparable_set,0,SD-S2,NARROW,0.05,,,,,,,,,,,12.0,35.0,False,True
C,comparable_set,0,SD-S2,NARROW,0.01,,,,,,,,,,,3.0,35.0,False,True
C,comparable_set,1,SD-H0,TAB,0.1,,,,,,,,,,,0.0,35.0,True,True
C,comparable_set,1,SD-H0,TAB,0.05,,,,,,,,,,,0.0,35.0,True,True
C,comparable_set,1,SD-H0,TAB,0.01,,,,,,,,,,,0.0,35.0,True,True
C,comparable_set,1,SD-SRC12,SRC12,0.1,,,,,,,,,,,5.0,35.0,False,True
C,comparable_set,1,SD-SRC12,SRC12,0.05,,,,,,,,,,,2.0,35.0,False,True
C,comparable_set,1,SD-SRC12,SRC12,0.01,,,,,,,,,,,0.0,35.0,True,True
C,comparable_set,1,SD-SRC14,SRC14,0.1,,,,,,,,,,,7.0,35.0,False,True
C,comparable_set,1,SD-SRC14,SRC14,0.05,,,,,,,,,,,4.0,35.0,False,True
C,comparable_set,1,SD-SRC14,SRC14,0.01,,,,,,,,,,,2.0,35.0,False,True
C,comparable_set,1,SD-12MO,MO12,0.1,,,,,,,,,,,14.0,35.0,False,True
C,comparable_set,1,SD-12MO,MO12,0.05,,,,,,,,,,,11.0,35.0,False,True
C,comparable_set,1,SD-12MO,MO12,0.01,,,,,,,,,,,0.0,35.0,True,True
C,comparable_set,1,SD-S2,NARROW,0.1,,,,,,,,,,,14.0,35.0,False,True
C,comparable_set,1,SD-S2,NARROW,0.05,,,,,,,,,,,11.0,35.0,False,True
C,comparable_set,1,SD-S2,NARROW,0.01,,,,,,,,,,,4.0,35.0,False,True
C,comparable_set,2,SD-H0,TAB,0.1,,,,,,,,,,,0.0,35.0,True,True
C,comparable_set,2,SD-H0,TAB,0.05,,,,,,,,,,,0.0,35.0,True,True
C,comparable_set,2,SD-H0,TAB,0.01,,,,,,,,,,,0.0,35.0,True,True
C,comparable_set,2,SD-SRC12,SRC12,0.1,,,,,,,,,,,6.0,35.0,False,True
C,comparable_set,2,SD-SRC12,SRC12,0.05,,,,,,,,,,,2.0,35.0,False,True
C,comparable_set,2,SD-SRC12,SRC12,0.01,,,,,,,,,,,0.0,35.0,True,True
C,comparable_set,2,SD-SRC14,SRC14,0.1,,,,,,,,,,,8.0,35.0,False,True
C,comparable_set,2,SD-SRC14,SRC14,0.05,,,,,,,,,,,5.0,35.0,False,True
C,comparable_set,2,SD-SRC14,SRC14,0.01,,,,,,,,,,,2.0,35.0,False,True
C,comparable_set,2,SD-12MO,MO12,0.1,,,,,,,,,,,17.0,35.0,False,True
C,comparable_set,2,SD-12MO,MO12,0.05,,,,,,,,,,,14.0,35.0,False,True
C,comparable_set,2,SD-12MO,MO12,0.01,,,,,,,,,,,1.0,35.0,False,True
C,comparable_set,2,SD-S2,NARROW,0.1,,,,,,,,,,,17.0,35.0,False,True
C,comparable_set,2,SD-S2,NARROW,0.05,,,,,,,,,,,14.0,35.0,False,True
C,comparable_set,2,SD-S2,NARROW,0.01,,,,,,,,,,,6.0,35.0,False,True
