arm,root,world,alpha,n_mem,train_sd,family,label,cheapest_prem_pct
R0,0,SD-12MO,0.01,0,,,,
R0,0,SD-12MO,0.05,0,,,,
R0,0,SD-12MO,0.1,0,,,,
R0,0,SD-H0,0.01,0,,,,
R0,0,SD-H0,0.05,0,,,,
R0,0,SD-H0,0.1,0,,,,
R0,0,SD-S2,0.01,0,,,,
R0,0,SD-S2,0.05,0,,,,
R0,0,SD-S2,0.1,0,,,,
R0,0,SD-SRC12,0.01,0,,,,
R0,0,SD-SRC12,0.05,0,,,,
R0,0,SD-SRC12,0.1,0,,,,
R0,0,SD-SRC14,0.01,0,,,,
R0,0,SD-SRC14,0.05,0,,,,
R0,0,SD-SRC14,0.1,0,,,,
R0,1,SD-12MO,0.01,0,,,,
R0,1,SD-12MO,0.05,0,,,,
R0,1,SD-12MO,0.1,0,,,,
R0,1,SD-H0,0.01,0,,,,
R0,1,SD-H0,0.05,0,,,,
R0,1,SD-H0,0.1,0,,,,
R0,1,SD-S2,0.01,0,,,,
R0,1,SD-S2,0.05,0,,,,
R0,1,SD-S2,0.1,0,,,,
R0,1,SD-SRC12,0.01,0,,,,
R0,1,SD-SRC12,0.05,0,,,,
R0,1,SD-SRC12,0.1,0,,,,
R0,1,SD-SRC14,0.01,0,,,,
R0,1,SD-SRC14,0.05,0,,,,
R0,1,SD-SRC14,0.1,0,,,,
R0,2,SD-12MO,0.01,0,,,,
R0,2,SD-12MO,0.05,0,,,,
R0,2,SD-12MO,0.1,0,,,,
R0,2,SD-H0,0.01,0,,,,
R0,2,SD-H0,0.05,0,,,,
R0,2,SD-H0,0.1,0,,,,
R0,2,SD-S2,0.01,0,,,,
R0,2,SD-S2,0.05,0,,,,
R0,2,SD-S2,0.1,0,,,,
R0,2,SD-SRC12,0.01,0,,,,
R0,2,SD-SRC12,0.05,0,,,,
R0,2,SD-SRC12,0.1,0,,,,
R0,2,SD-SRC14,0.01,0,,,,
R0,2,SD-SRC14,0.05,0,,,,
R0,2,SD-SRC14,0.1,0,,,,
A,0,SD-12MO,0.01,1,SD-12MO,M2_joint_chance_saa[N=1024],SD12MO_MAIN9:M2[N=1024]@alpha=0.01,14.6
A,0,SD-12MO,0.05,10,SD-S2,M2_joint_chance_saa[N=1024],SDS2_MAIN9:M2[N=1024]@alpha=0.05,10.98
A,0,SD-12MO,0.1,13,SD-S2,M2_joint_chance_saa[N=512],SDS2_MAIN9:M2[N=512]@alpha=0.1,9.26
A,0,SD-H0,0.01,0,,,,
A,0,SD-H0,0.05,0,,,,
A,0,SD-H0,0.1,0,,,,
A,0,SD-S2,0.01,3,SD-12MO,M2_joint_chance_saa[N=1024],SD12MO_MAIN9:M2[N=1024]@alpha=0.01,14.6
A,0,SD-S2,0.05,10,SD-S2,M2_joint_chance_saa[N=1024],SDS2_MAIN9:M2[N=1024]@alpha=0.05,10.98
A,0,SD-S2,0.1,13,SD-S2,M2_joint_chance_saa[N=512],SDS2_MAIN9:M2[N=512]@alpha=0.1,9.26
A,0,SD-SRC12,0.01,0,,,,
A,0,SD-SRC12,0.05,1,SD-SRC14,M2_joint_chance_saa[N=1024],SDSRC14_MAIN9:M2[N=1024]@alpha=0.0,17.07
A,0,SD-SRC12,0.1,4,SD-SRC14,M2_joint_chance_saa[N=1024],SDSRC14_MAIN9:M2[N=1024]@alpha=0.1,15.23
A,0,SD-SRC14,0.01,0,,,,
A,0,SD-SRC14,0.05,3,SD-SRC14,M2_joint_chance_saa[N=1024],SDSRC14_MAIN9:M2[N=1024]@alpha=0.0,17.07
A,0,SD-SRC14,0.1,6,SD-SRC14,M2_joint_chance_saa[N=1024],SDSRC14_MAIN9:M2[N=1024]@alpha=0.1,15.23
A,1,SD-12MO,0.01,2,SD-S2,M2_joint_chance_saa[N=1024],SDS2_MAIN9:M2[N=1024]@alpha=0.01,12.73
A,1,SD-12MO,0.05,9,SD-S2,M2_joint_chance_saa[N=512],SDS2_MAIN9:M2[N=512]@alpha=0.05,10.67
A,1,SD-12MO,0.1,17,SD-S2,M2_joint_chance_saa[N=512],SDS2_MAIN9:M2[N=512]@alpha=0.1,9.09
A,1,SD-H0,0.01,0,,,,
A,1,SD-H0,0.05,0,,,,
A,1,SD-H0,0.1,0,,,,
A,1,SD-S2,0.01,4,SD-S2,M2_joint_chance_saa[N=1024],SDS2_MAIN9:M2[N=1024]@alpha=0.01,12.73
A,1,SD-S2,0.05,10,SD-S2,M2_joint_chance_saa[N=512],SDS2_MAIN9:M2[N=512]@alpha=0.05,10.67
A,1,SD-S2,0.1,17,SD-S2,M2_joint_chance_saa[N=512],SDS2_MAIN9:M2[N=512]@alpha=0.1,9.09
A,1,SD-SRC12,0.01,0,,,,
A,1,SD-SRC12,0.05,0,,,,
A,1,SD-SRC12,0.1,4,SD-SRC14,M2_joint_chance_saa[N=1024],SDSRC14_MAIN9:M2[N=1024]@alpha=0.1,16.0
A,1,SD-SRC14,0.01,0,,,,
A,1,SD-SRC14,0.05,3,SD-SRC14,M2_joint_chance_saa[N=1024],SDSRC14_MAIN9:M2[N=1024]@alpha=0.0,17.23
A,1,SD-SRC14,0.1,8,SD-SRC14,M2_joint_chance_saa[N=512],SDSRC14_MAIN9:M2[N=512]@alpha=0.1,15.2
A,2,SD-12MO,0.01,2,SD-S2,M2_joint_chance_saa[N=1024],SDS2_MAIN9:M2[N=1024]@alpha=0.01,13.29
A,2,SD-12MO,0.05,10,SD-S2,M2_joint_chance_saa[N=1024],SDS2_MAIN9:M2[N=1024]@alpha=0.05,10.42
A,2,SD-12MO,0.1,17,SD-S2,M2_joint_chance_saa[N=1024],SDS2_MAIN9:M2[N=1024]@alpha=0.1,9.07
A,2,SD-H0,0.01,0,,,,
A,2,SD-H0,0.05,0,,,,
A,2,SD-H0,0.1,0,,,,
A,2,SD-S2,0.01,3,SD-S2,M2_joint_chance_saa[N=1024],SDS2_MAIN9:M2[N=1024]@alpha=0.01,13.29
A,2,SD-S2,0.05,10,SD-S2,M2_joint_chance_saa[N=1024],SDS2_MAIN9:M2[N=1024]@alpha=0.05,10.42
A,2,SD-S2,0.1,17,SD-S2,M2_joint_chance_saa[N=1024],SDS2_MAIN9:M2[N=1024]@alpha=0.1,9.07
A,2,SD-SRC12,0.01,0,,,,
A,2,SD-SRC12,0.05,0,,,,
A,2,SD-SRC12,0.1,6,SD-SRC14,M2_joint_chance_saa[N=1024],SDSRC14_MAIN9:M2[N=1024]@alpha=0.1,15.42
A,2,SD-SRC14,0.01,0,,,,
A,2,SD-SRC14,0.05,3,SD-SRC14,M2_joint_chance_saa[N=1024],SDSRC14_MAIN9:M2[N=1024]@alpha=0.0,17.19
A,2,SD-SRC14,0.1,8,SD-SRC14,M2_joint_chance_saa[N=1024],SDSRC14_MAIN9:M2[N=1024]@alpha=0.1,15.42
B,0,SD-12MO,0.01,0,,,,
B,0,SD-12MO,0.05,0,,,,
B,0,SD-12MO,0.1,0,,,,
B,0,SD-H0,0.01,0,,,,
B,0,SD-H0,0.05,0,,,,
B,0,SD-H0,0.1,0,,,,
B,0,SD-S2,0.01,0,,,,
B,0,SD-S2,0.05,0,,,,
B,0,SD-S2,0.1,0,,,,
B,0,SD-SRC12,0.01,0,,,,
B,0,SD-SRC12,0.05,0,,,,
B,0,SD-SRC12,0.1,0,,,,
B,0,SD-SRC14,0.01,0,,,,
B,0,SD-SRC14,0.05,0,,,,
B,0,SD-SRC14,0.1,0,,,,
B,1,SD-12MO,0.01,0,,,,
B,1,SD-12MO,0.05,0,,,,
B,1,SD-12MO,0.1,0,,,,
B,1,SD-H0,0.01,0,,,,
B,1,SD-H0,0.05,0,,,,
B,1,SD-H0,0.1,0,,,,
B,1,SD-S2,0.01,0,,,,
B,1,SD-S2,0.05,0,,,,
B,1,SD-S2,0.1,0,,,,
B,1,SD-SRC12,0.01,0,,,,
B,1,SD-SRC12,0.05,0,,,,
B,1,SD-SRC12,0.1,0,,,,
B,1,SD-SRC14,0.01,0,,,,
B,1,SD-SRC14,0.05,0,,,,
B,1,SD-SRC14,0.1,0,,,,
B,2,SD-12MO,0.01,0,,,,
B,2,SD-12MO,0.05,0,,,,
B,2,SD-12MO,0.1,0,,,,
B,2,SD-H0,0.01,0,,,,
B,2,SD-H0,0.05,0,,,,
B,2,SD-H0,0.1,0,,,,
B,2,SD-S2,0.01,0,,,,
B,2,SD-S2,0.05,0,,,,
B,2,SD-S2,0.1,0,,,,
B,2,SD-SRC12,0.01,0,,,,
B,2,SD-SRC12,0.05,0,,,,
B,2,SD-SRC12,0.1,0,,,,
B,2,SD-SRC14,0.01,0,,,,
B,2,SD-SRC14,0.05,0,,,,
B,2,SD-SRC14,0.1,0,,,,
C,0,SD-12MO,0.01,1,SD-S2,M2_joint_chance_saa[N=512],SDS2_MAIN9:M2[N=512]@alpha=0.01,13.05
C,0,SD-12MO,0.05,11,SD-S2,M2_joint_chance_saa[N=1024],SDS2_MAIN9:M2[N=1024]@alpha=0.05,10.43
C,0,SD-12MO,0.1,16,SD-S2,M2_joint_chance_saa[N=512],SDS2_MAIN9:M2[N=512]@alpha=0.1,9.29
C,0,SD-H0,0.01,0,,,,
C,0,SD-H0,0.05,0,,,,
C,0,SD-H0,0.1,0,,,,
C,0,SD-S2,0.01,3,SD-S2,M2_joint_chance_saa[N=512],SDS2_MAIN9:M2[N=512]@alpha=0.01,13.05
C,0,SD-S2,0.05,12,SD-S2,M2_joint_chance_saa[N=1024],SDS2_MAIN9:M2[N=1024]@alpha=0.05,10.43
C,0,SD-S2,0.1,16,SD-S2,M2_joint_chance_saa[N=512],SDS2_MAIN9:M2[N=512]@alpha=0.1,9.29
C,0,SD-SRC12,0.01,0,,,,
C,0,SD-SRC12,0.05,1,SD-SRC12,M2_joint_chance_saa[N=1024],SDSRC12_MAIN9:M2[N=1024]@alpha=0.0,23.29
C,0,SD-SRC12,0.1,5,SD-SRC14,M2_joint_chance_saa[N=1024],SDSRC14_MAIN9:M2[N=1024]@alpha=0.1,15.43
C,0,SD-SRC14,0.01,1,SD-SRC14,M3b_budget_robust,SDSRC14_MAIN9:M3b[factory box k=1.,30.1
C,0,SD-SRC14,0.05,4,SD-SRC14,M2_joint_chance_saa[N=512],SDSRC14_MAIN9:M2[N=512]@alpha=0.05,17.01
C,0,SD-SRC14,0.1,7,SD-SRC14,M2_joint_chance_saa[N=1024],SDSRC14_MAIN9:M2[N=1024]@alpha=0.1,15.43
C,1,SD-12MO,0.01,0,,,,
C,1,SD-12MO,0.05,11,SD-S2,M2_joint_chance_saa[N=1024],SDS2_MAIN9:M2[N=1024]@alpha=0.05,10.71
C,1,SD-12MO,0.1,14,SD-S2,M2_joint_chance_saa[N=1024],SDS2_MAIN9:M2[N=1024]@alpha=0.1,9.23
C,1,SD-H0,0.01,0,,,,
C,1,SD-H0,0.05,0,,,,
C,1,SD-H0,0.1,0,,,,
C,1,SD-S2,0.01,4,SD-S2,M3b_budget_robust,"SDS2_MAIN9:M3b[factory box k=1.5, ",16.8
C,1,SD-S2,0.05,11,SD-S2,M2_joint_chance_saa[N=1024],SDS2_MAIN9:M2[N=1024]@alpha=0.05,10.71
C,1,SD-S2,0.1,14,SD-S2,M2_joint_chance_saa[N=1024],SDS2_MAIN9:M2[N=1024]@alpha=0.1,9.23
C,1,SD-SRC12,0.01,0,,,,
C,1,SD-SRC12,0.05,2,SD-SRC14,M2_joint_chance_saa[N=512],SDSRC14_MAIN9:M2[N=512]@alpha=0.05,17.03
C,1,SD-SRC12,0.1,5,SD-SRC14,M2_joint_chance_saa[N=1024],SDSRC14_MAIN9:M2[N=1024]@alpha=0.1,15.59
C,1,SD-SRC14,0.01,2,SD-SRC14,M2_joint_chance_saa[N=1024],SDSRC14_MAIN9:M2[N=1024]@alpha=0.0,20.28
C,1,SD-SRC14,0.05,4,SD-SRC14,M2_joint_chance_saa[N=512],SDSRC14_MAIN9:M2[N=512]@alpha=0.05,17.03
C,1,SD-SRC14,0.1,7,SD-SRC14,M2_joint_chance_saa[N=1024],SDSRC14_MAIN9:M2[N=1024]@alpha=0.1,15.59
C,2,SD-12MO,0.01,1,SD-12MO,M2_joint_chance_saa[N=1024],SD12MO_MAIN9:M2[N=1024]@alpha=0.01,15.94
C,2,SD-12MO,0.05,14,SD-S2,M2_joint_chance_saa[N=1024],SDS2_MAIN9:M2[N=1024]@alpha=0.05,10.45
C,2,SD-12MO,0.1,17,SD-S2,M2_joint_chance_saa[N=1024],SDS2_MAIN9:M2[N=1024]@alpha=0.1,9.24
C,2,SD-H0,0.01,0,,,,
C,2,SD-H0,0.05,0,,,,
C,2,SD-H0,0.1,0,,,,
C,2,SD-S2,0.01,6,SD-S2,M2_joint_chance_saa[N=1024],SDS2_MAIN9:M2[N=1024]@alpha=0.01,13.77
C,2,SD-S2,0.05,14,SD-S2,M2_joint_chance_saa[N=1024],SDS2_MAIN9:M2[N=1024]@alpha=0.05,10.45
C,2,SD-S2,0.1,17,SD-S2,M2_joint_chance_saa[N=1024],SDS2_MAIN9:M2[N=1024]@alpha=0.1,9.24
C,2,SD-SRC12,0.01,0,,,,
C,2,SD-SRC12,0.05,2,SD-SRC12,M2_joint_chance_saa[N=1024],SDSRC12_MAIN9:M2[N=1024]@alpha=0.0,22.77
C,2,SD-SRC12,0.1,6,SD-SRC14,M2_joint_chance_saa[N=512],SDSRC14_MAIN9:M2[N=512]@alpha=0.1,15.45
C,2,SD-SRC14,0.01,2,SD-SRC14,M2_joint_chance_saa[N=1024],SDSRC14_MAIN9:M2[N=1024]@alpha=0.0,20.59
C,2,SD-SRC14,0.05,5,SD-SRC14,M2_joint_chance_saa[N=1024],SDSRC14_MAIN9:M2[N=1024]@alpha=0.0,16.98
C,2,SD-SRC14,0.1,8,SD-SRC14,M2_joint_chance_saa[N=512],SDSRC14_MAIN9:M2[N=512]@alpha=0.1,15.45
