root_k,cell_id,sd_arm,objective_arm,training_event,label,method_id,ration_kind,target_alpha,selection_status,selected_param,solver_status,mip_gap,solver_time_limit_s,solve_wall_time_s,candidate_statuses,infeasibility_scope,has_ration,evaluation_world,own_world,n_test,training_event_rate_upper_own_world,training_event_cp_upper_own_world,main_reference_n_violated,main_reference_n_unknown,main_reference_rate_lower,main_reference_rate_upper,main_reference_cp_upper,main_reference_mc_se,t51_primary_not_assessable_share,main_reference_unknown_only_because_out_of_domain,main_reference_linear_energy_rate_upper,main_reference_linear_energy_cp_upper,main_reference_t51_verdicts_used_out_of_domain_rate_lower,main_reference_t51_verdicts_used_out_of_domain_rate_upper,main_reference_t51_verdicts_used_out_of_domain_cp_upper,main_reference_plus_cp_hi_rate_upper,main_reference_plus_cp_hi_cp_upper,h0_eleven_rate_upper,h0_eleven_cp_upper,h0_eleven_reference_energy_rate_upper,h0_eleven_domain_conditioned_rate_upper,s2_six_rate_upper,s2_six_cp_upper,s2_six_domain_conditioned_rate_upper,excluded_five_rate_upper,excluded_five_cp_upper,main9_training_event_rate_upper,energy_linear_violation_rate,energy_reference_violation_rate_lower,energy_reference_violation_rate_upper,energy_false_pass,energy_false_fail,energy_reference_undefined,t51_primary_variant,t51_primary_undefined_share,t51_primary_nominal_status,main_reference_rate_upper_by_t51_variant,n_analysis_anomaly_states,n_support_violation_states,structural_ok,meets_main_reference_alpha_point,meets_main_reference_alpha_cp_upper,in_comparable_set,in_comparable_set_t51_verdicts_used_out_of_domain,main_reference_plan_domain_n_violated,main_reference_plan_domain_n_unknown,main_reference_plan_domain_rate_lower,main_reference_plan_domain_rate_upper,main_reference_plan_domain_cp_upper,main_reference_plan_domain_mc_se,main_reference_plus_cp_hi_plan_domain_n_violated,main_reference_plus_cp_hi_plan_domain_n_unknown,main_reference_plus_cp_hi_plan_domain_rate_lower,main_reference_plus_cp_hi_plan_domain_rate_upper,main_reference_plus_cp_hi_plan_domain_cp_upper,main_reference_plus_cp_hi_plan_domain_mc_se
1,SDH0_MAIN9,SD-H0,MAIN9,"main reference nine (linear energy row, Table 5-1 verdicts in every state)",SDH0_MAIN9:M0,M0_nominal,method,,,,optimal,,300.0,0.016024199780076742,,,True,SD-H0,True,10000,0.9608,0.96394240215288,9300,305,0.93,0.9605,0.9636541602219267,0.0019478128760227452,0.1529,305,0.9632,0.9662464646917658,0.9581,0.9581,0.961346464886179,0.9607,0.9638463271117904,0.961,0.9641345353243143,0.9583,0.9634,0.8175,0.823834454518858,0.8234,0.8548,0.8605679784898334,0.9608,0.5087,0.5058,0.5063,220,246,5,T51-DGC-0.50,0.0,in_domain_conditional,T51-DGC-0.50=0.9605;T51-DGC-0.33=0.9581;T51-DGC-0.67=0.9991;T51-CORNKERNEL-0.50=0.9581,1013,5,True,,,alpha=0.01:False;alpha=0.05:False;alpha=0.1:False,alpha=0.01:False;alpha=0.05:False;alpha=0.1:False,9581,0,0.9581,0.9581,0.961346464886179,0.0020036064982925177,9583,0,0.9583,0.9583,0.9615388888469666,0.0019990275135675336
1,SDH0_MAIN9,SD-H0,MAIN9,"main reference nine (linear energy row, Table 5-1 verdicts in every state)",SDH0_MAIN9:M0,M0_nominal,method,,,,optimal,,300.0,0.016024199780076742,,,True,SD-S2,False,10000,,,9694,0,0.9694,0.9694,0.9721812486819963,0.001722313560301955,0.0,0,0.971,0.9737081004397543,0.9694,0.9694,0.9721812486819963,0.9694,0.9721812486819963,0.971,0.9737081004397543,0.9694,0.971,0.8284,0.8345804051931276,0.8284,0.8652,0.870788228612203,0.971,0.509,0.5051,0.5051,238,277,0,T51-DGC-0.50,0.0,in_domain_conditional,T51-DGC-0.50=0.9694;T51-DGC-0.33=0.9694;T51-DGC-0.67=1;T51-CORNKERNEL-0.50=0.9694,1,0,True,,,alpha=0.01:False;alpha=0.05:False;alpha=0.1:False,alpha=0.01:False;alpha=0.05:False;alpha=0.1:False,9694,0,0.9694,0.9694,0.9721812486819963,0.001722313560301955,9694,0,0.9694,0.9694,0.9721812486819963,0.001722313560301955
1,SDH0_MAIN9,SD-H0,MAIN9,"main reference nine (linear energy row, Table 5-1 verdicts in every state)",SDH0_MAIN9:M0,M0_nominal,method,,,,optimal,,300.0,0.016024199780076742,,,True,SD-SRC14,False,10000,,,9768,0,0.9768,0.9768,0.9792227188980074,0.0015053823434596275,0.0005,0,0.9787,0.9810210152298245,0.9768,0.9768,0.9792227188980074,0.9773,0.9796963998002676,0.9792,0.9814934550676363,0.9773,0.9792,0.8264,0.8326093344311881,0.8264,0.8733,0.878740540934262,0.9787,0.5044,0.5037,0.5042,301,307,5,T51-DGC-0.50,0.0,in_domain_conditional,T51-DGC-0.50=0.9768;T51-DGC-0.33=0.9768;T51-DGC-0.67=1;T51-CORNKERNEL-0.50=0.9768,278,5,True,,,alpha=0.01:False;alpha=0.05:False;alpha=0.1:False,alpha=0.01:False;alpha=0.05:False;alpha=0.1:False,9768,0,0.9768,0.9768,0.9792227188980074,0.0015053823434596275,9773,0,0.9773,0.9773,0.9796963998002676,0.0014894532553927314
1,SDH0_MAIN9,SD-H0,MAIN9,"main reference nine (linear energy row, Table 5-1 verdicts in every state)",SDH0_MAIN9:M0,M0_nominal,method,,,,optimal,,300.0,0.016024199780076742,,,True,SD-12MO,False,10000,,,9496,41,0.9496,0.9537,0.9571081935935097,0.0021013402865790206,0.0173,41,0.956,0.9593248037912234,0.9537,0.9537,0.9571081935935097,0.9537,0.9571081935935097,0.956,0.9593248037912234,0.9537,0.956,0.8047,0.8112045653123465,0.8047,0.8515,0.857322843074205,0.956,0.5072,0.5048,0.5048,219,243,0,T51-DGC-0.50,0.0,in_domain_conditional,T51-DGC-0.50=0.9537;T51-DGC-0.33=0.9537;T51-DGC-0.67=1;T51-CORNKERNEL-0.50=0.9537,7,0,True,,,alpha=0.01:False;alpha=0.05:False;alpha=0.1:False,alpha=0.01:False;alpha=0.05:False;alpha=0.1:False,9537,0,0.9537,0.9537,0.9571081935935097,0.0021013402865790206,9537,0,0.9537,0.9537,0.9571081935935097,0.0021013402865790206
1,SDH0_MAIN9,SD-H0,MAIN9,"main reference nine (linear energy row, Table 5-1 verdicts in every state)",SDH0_MAIN9:M0,M0_nominal,method,,,,optimal,,300.0,0.016024199780076742,,,True,SD-SRC12,False,10000,,,9524,97,0.9524,0.9621,0.9651908576717755,0.0019095441864486937,0.1117,97,0.9661,0.9690257623255237,0.9617,0.9617,0.964806821655434,0.9629,0.9659586445419045,0.9663,0.9692172306184176,0.9625,0.9667,0.793,0.799650568098113,0.7941,0.8704,0.8758942293025163,0.9657,0.5052,0.506,0.5065,422,412,5,T51-DGC-0.50,0.0,in_domain_conditional,T51-DGC-0.50=0.9621;T51-DGC-0.33=0.9617;T51-DGC-0.67=0.9982;T51-CORNKERNEL-0.50=0.9617,697,5,True,,,alpha=0.01:False;alpha=0.05:False;alpha=0.1:False,alpha=0.01:False;alpha=0.05:False;alpha=0.1:False,9617,0,0.9617,0.9617,0.964806821655434,0.0019191954043296373,9625,0,0.9625,0.9625,0.9655747991200108,0.0018998355191963325
1,SDH0_MAIN9,SD-H0,MAIN9,"main reference nine (linear energy row, Table 5-1 verdicts in every state)","SDH0_MAIN9:M1[relative,apply_to_dm=True]@alpha=0.05",M1_safety_margin,method,0.05,not_met,,,,300.0,,optimal;proven_infeasible,"no value of the declared grid met the validation screen (candidate statuses: optimal, proven_infeasible); a grid without a solution is not a statement about the whole decision space",False,,,,,,,,,,,,,,,,,,,,,,,,,,,,,,,,,,,,,,,,,,,,,,,,,,,,,,,,,,,
1,SDH0_MAIN9,SD-H0,MAIN9,"main reference nine (linear energy row, Table 5-1 verdicts in every state)","SDH0_MAIN9:M1[relative,apply_to_dm=False]@alpha=0.05",M1_safety_margin,method,0.05,not_met,,,,300.0,,optimal;proven_infeasible,"no value of the declared grid met the validation screen (candidate statuses: optimal, proven_infeasible); a grid without a solution is not a statement about the whole decision space",False,,,,,,,,,,,,,,,,,,,,,,,,,,,,,,,,,,,,,,,,,,,,,,,,,,,,,,,,,,,
1,SDH0_MAIN9,SD-H0,MAIN9,"main reference nine (linear energy row, Table 5-1 verdicts in every state)",SDH0_MAIN9:M2[N=128]@alpha=0.05,M2_joint_chance_saa,method,0.05,not_met,,,,300.0,,proven_infeasible,"SAA over the N training scenarios proven infeasible for every alpha_train of the declared grid (training scenarios only; not a population, field or whole-space statement)",False,,,,,,,,,,,,,,,,,,,,,,,,,,,,,,,,,,,,,,,,,,,,,,,,,,,,,,,,,,,
1,SDH0_MAIN9,SD-H0,MAIN9,"main reference nine (linear energy row, Table 5-1 verdicts in every state)",SDH0_MAIN9:M2[N=512]@alpha=0.05,M2_joint_chance_saa,method,0.05,not_met,,,,300.0,,proven_infeasible,"SAA over the N training scenarios proven infeasible for every alpha_train of the declared grid (training scenarios only; not a population, field or whole-space statement)",False,,,,,,,,,,,,,,,,,,,,,,,,,,,,,,,,,,,,,,,,,,,,,,,,,,,,,,,,,,,
1,SDH0_MAIN9,SD-H0,MAIN9,"main reference nine (linear energy row, Table 5-1 verdicts in every state)",SDH0_MAIN9:M2[N=1024]@alpha=0.05,M2_joint_chance_saa,method,0.05,not_met,,,,300.0,,proven_infeasible,"SAA over the N training scenarios proven infeasible for every alpha_train of the declared grid (training scenarios only; not a population, field or whole-space statement)",False,,,,,,,,,,,,,,,,,,,,,,,,,,,,,,,,,,,,,,,,,,,,,,,,,,,,,,,,,,,
1,SDH0_MAIN9,SD-H0,MAIN9,"main reference nine (linear energy row, Table 5-1 verdicts in every state)",SDH0_MAIN9:M3a[factory box]@alpha=0.05,M3a_box_robust,method,0.05,not_met,,,,300.0,,proven_infeasible,no value of the declared grid met the validation screen (candidate statuses: proven_infeasible); a grid without a solution is not a statement about the whole decision space,False,,,,,,,,,,,,,,,,,,,,,,,,,,,,,,,,,,,,,,,,,,,,,,,,,,,,,,,,,,,
1,SDH0_MAIN9,SD-H0,MAIN9,"main reference nine (linear energy row, Table 5-1 verdicts in every state)",SDH0_MAIN9:M3b[factory box]@alpha=0.05,M3b_budget_robust,method,0.05,not_met,,,,300.0,,optimal;proven_infeasible,"no value of the declared grid met the validation screen (candidate statuses: optimal, proven_infeasible); a grid without a solution is not a statement about the whole decision space",False,,,,,,,,,,,,,,,,,,,,,,,,,,,,,,,,,,,,,,,,,,,,,,,,,,,,,,,,,,,
1,SDH0_MAIN9,SD-H0,MAIN9,"main reference nine (linear energy row, Table 5-1 verdicts in every state)","SDH0_MAIN9:M1[relative,apply_to_dm=True]@alpha=0.1",M1_safety_margin,method,0.1,not_met,,,,300.0,,optimal;proven_infeasible,"no value of the declared grid met the validation screen (candidate statuses: optimal, proven_infeasible); a grid without a solution is not a statement about the whole decision space",False,,,,,,,,,,,,,,,,,,,,,,,,,,,,,,,,,,,,,,,,,,,,,,,,,,,,,,,,,,,
1,SDH0_MAIN9,SD-H0,MAIN9,"main reference nine (linear energy row, Table 5-1 verdicts in every state)","SDH0_MAIN9:M1[relative,apply_to_dm=False]@alpha=0.1",M1_safety_margin,method,0.1,not_met,,,,300.0,,optimal;proven_infeasible,"no value of the declared grid met the validation screen (candidate statuses: optimal, proven_infeasible); a grid without a solution is not a statement about the whole decision space",False,,,,,,,,,,,,,,,,,,,,,,,,,,,,,,,,,,,,,,,,,,,,,,,,,,,,,,,,,,,
1,SDH0_MAIN9,SD-H0,MAIN9,"main reference nine (linear energy row, Table 5-1 verdicts in every state)",SDH0_MAIN9:M2[N=128]@alpha=0.1,M2_joint_chance_saa,method,0.1,not_met,,,,300.0,,proven_infeasible,"SAA over the N training scenarios proven infeasible for every alpha_train of the declared grid (training scenarios only; not a population, field or whole-space statement)",False,,,,,,,,,,,,,,,,,,,,,,,,,,,,,,,,,,,,,,,,,,,,,,,,,,,,,,,,,,,
1,SDH0_MAIN9,SD-H0,MAIN9,"main reference nine (linear energy row, Table 5-1 verdicts in every state)",SDH0_MAIN9:M2[N=512]@alpha=0.1,M2_joint_chance_saa,method,0.1,not_met,,,,300.0,,proven_infeasible,"SAA over the N training scenarios proven infeasible for every alpha_train of the declared grid (training scenarios only; not a population, field or whole-space statement)",False,,,,,,,,,,,,,,,,,,,,,,,,,,,,,,,,,,,,,,,,,,,,,,,,,,,,,,,,,,,
1,SDH0_MAIN9,SD-H0,MAIN9,"main reference nine (linear energy row, Table 5-1 verdicts in every state)",SDH0_MAIN9:M2[N=1024]@alpha=0.1,M2_joint_chance_saa,method,0.1,not_met,,,,300.0,,proven_infeasible,"SAA over the N training scenarios proven infeasible for every alpha_train of the declared grid (training scenarios only; not a population, field or whole-space statement)",False,,,,,,,,,,,,,,,,,,,,,,,,,,,,,,,,,,,,,,,,,,,,,,,,,,,,,,,,,,,
1,SDH0_MAIN9,SD-H0,MAIN9,"main reference nine (linear energy row, Table 5-1 verdicts in every state)",SDH0_MAIN9:M3a[factory box]@alpha=0.1,M3a_box_robust,method,0.1,not_met,,,,300.0,,proven_infeasible,no value of the declared grid met the validation screen (candidate statuses: proven_infeasible); a grid without a solution is not a statement about the whole decision space,False,,,,,,,,,,,,,,,,,,,,,,,,,,,,,,,,,,,,,,,,,,,,,,,,,,,,,,,,,,,
1,SDH0_MAIN9,SD-H0,MAIN9,"main reference nine (linear energy row, Table 5-1 verdicts in every state)",SDH0_MAIN9:M3b[factory box]@alpha=0.1,M3b_budget_robust,method,0.1,not_met,,,,300.0,,optimal;proven_infeasible,"no value of the declared grid met the validation screen (candidate statuses: optimal, proven_infeasible); a grid without a solution is not a statement about the whole decision space",False,,,,,,,,,,,,,,,,,,,,,,,,,,,,,,,,,,,,,,,,,,,,,,,,,,,,,,,,,,,
1,SDH0_MAIN9,SD-H0,MAIN9,"main reference nine (linear energy row, Table 5-1 verdicts in every state)","SDH0_MAIN9:M1[relative,apply_to_dm=True]@alpha=0.01",M1_safety_margin,method,0.01,not_met,,,,300.0,,optimal;proven_infeasible,"no value of the declared grid met the validation screen (candidate statuses: optimal, proven_infeasible); a grid without a solution is not a statement about the whole decision space",False,,,,,,,,,,,,,,,,,,,,,,,,,,,,,,,,,,,,,,,,,,,,,,,,,,,,,,,,,,,
1,SDH0_MAIN9,SD-H0,MAIN9,"main reference nine (linear energy row, Table 5-1 verdicts in every state)","SDH0_MAIN9:M1[relative,apply_to_dm=False]@alpha=0.01",M1_safety_margin,method,0.01,not_met,,,,300.0,,optimal;proven_infeasible,"no value of the declared grid met the validation screen (candidate statuses: optimal, proven_infeasible); a grid without a solution is not a statement about the whole decision space",False,,,,,,,,,,,,,,,,,,,,,,,,,,,,,,,,,,,,,,,,,,,,,,,,,,,,,,,,,,,
1,SDH0_MAIN9,SD-H0,MAIN9,"main reference nine (linear energy row, Table 5-1 verdicts in every state)",SDH0_MAIN9:M2[N=128]@alpha=0.01,M2_joint_chance_saa,method,0.01,not_met,,,,300.0,,proven_infeasible,"SAA over the N training scenarios proven infeasible for every alpha_train of the declared grid (training scenarios only; not a population, field or whole-space statement)",False,,,,,,,,,,,,,,,,,,,,,,,,,,,,,,,,,,,,,,,,,,,,,,,,,,,,,,,,,,,
1,SDH0_MAIN9,SD-H0,MAIN9,"main reference nine (linear energy row, Table 5-1 verdicts in every state)",SDH0_MAIN9:M2[N=512]@alpha=0.01,M2_joint_chance_saa,method,0.01,not_met,,,,300.0,,proven_infeasible,"SAA over the N training scenarios proven infeasible for every alpha_train of the declared grid (training scenarios only; not a population, field or whole-space statement)",False,,,,,,,,,,,,,,,,,,,,,,,,,,,,,,,,,,,,,,,,,,,,,,,,,,,,,,,,,,,
1,SDH0_MAIN9,SD-H0,MAIN9,"main reference nine (linear energy row, Table 5-1 verdicts in every state)",SDH0_MAIN9:M2[N=1024]@alpha=0.01,M2_joint_chance_saa,method,0.01,not_met,,,,300.0,,proven_infeasible,"SAA over the N training scenarios proven infeasible for every alpha_train of the declared grid (training scenarios only; not a population, field or whole-space statement)",False,,,,,,,,,,,,,,,,,,,,,,,,,,,,,,,,,,,,,,,,,,,,,,,,,,,,,,,,,,,
1,SDH0_MAIN9,SD-H0,MAIN9,"main reference nine (linear energy row, Table 5-1 verdicts in every state)",SDH0_MAIN9:M3a[factory box]@alpha=0.01,M3a_box_robust,method,0.01,not_met,,,,300.0,,proven_infeasible,no value of the declared grid met the validation screen (candidate statuses: proven_infeasible); a grid without a solution is not a statement about the whole decision space,False,,,,,,,,,,,,,,,,,,,,,,,,,,,,,,,,,,,,,,,,,,,,,,,,,,,,,,,,,,,
1,SDH0_MAIN9,SD-H0,MAIN9,"main reference nine (linear energy row, Table 5-1 verdicts in every state)",SDH0_MAIN9:M3b[factory box]@alpha=0.01,M3b_budget_robust,method,0.01,not_met,,,,300.0,,optimal;proven_infeasible,"no value of the declared grid met the validation screen (candidate statuses: optimal, proven_infeasible); a grid without a solution is not a statement about the whole decision space",False,,,,,,,,,,,,,,,,,,,,,,,,,,,,,,,,,,,,,,,,,,,,,,,,,,,,,,,,,,,
1,SDH0_MAIN9,SD-H0,MAIN9,"main reference nine (linear energy row, Table 5-1 verdicts in every state)","SDH0_MAIN9:DIAG-frontier:M2[N=128,alpha_train=m*/N=94/128]",M2_joint_chance_saa,diagnostic_frontier,,,,optimal,0.0,300.0,65.30768994614482,,,True,SD-H0,True,10000,0.7505,0.757613123457485,6197,2518,0.6197,0.8715,0.8769739736462606,0.0033464570817507873,0.4686,2515,0.9002,0.9050935542371318,0.7121,0.7124,0.719848939617376,0.9042,0.9090036028619068,0.7909,0.7975758618616987,0.7674,0.9205,0.3658,0.37380069160327983,0.607,0.6741,0.6818214199726635,0.7505,0.6004,0.5655,0.566,97,443,5,T51-DGC-0.50,0.0,in_domain_conditional,T51-DGC-0.50=0.8715;T51-DGC-0.33=0.7124;T51-DGC-0.67=0.9989;T51-CORNKERNEL-0.50=0.7124,1013,5,True,,,,,7121,3,0.7121,0.7124,0.719848939617376,0.004526436125695358,7673,1,0.7673,0.7674,0.7743411650618199,0.004224893371435544
1,SDH0_MAIN9,SD-H0,MAIN9,"main reference nine (linear energy row, Table 5-1 verdicts in every state)","SDH0_MAIN9:DIAG-frontier:M2[N=128,alpha_train=m*/N=94/128]",M2_joint_chance_saa,diagnostic_frontier,,,,optimal,0.0,300.0,65.30768994614482,,,True,SD-S2,False,10000,,,7379,1881,0.7379,0.926,0.9302635731150174,0.0026177089219391824,0.4886,1881,0.9634,0.9664383139971643,0.7379,0.7379,0.7451318354706139,0.9428,0.9465739327554332,0.8602,0.8658759770069809,0.7877,0.9697,0.0012,0.0019435334014636135,0.489,0.7876,0.7943150655452375,0.8333,0.833,0.7375,0.7375,1,956,0,T51-DGC-0.50,0.0,in_domain_conditional,T51-DGC-0.50=0.926;T51-DGC-0.33=0.7379;T51-DGC-0.67=1;T51-CORNKERNEL-0.50=0.7379,1,0,True,,,,,7379,0,0.7379,0.7379,0.7451318354706139,0.00439776750181271,7877,0,0.7877,0.7877,0.794413887227494,0.004089360707983584
1,SDH0_MAIN9,SD-H0,MAIN9,"main reference nine (linear energy row, Table 5-1 verdicts in every state)","SDH0_MAIN9:DIAG-frontier:M2[N=128,alpha_train=m*/N=94/128]",M2_joint_chance_saa,diagnostic_frontier,,,,optimal,0.0,300.0,65.30768994614482,,,True,SD-SRC14,False,10000,,,7446,1601,0.7446,0.9047,0.9094921803350956,0.0029362886438495796,0.4923,1597,0.9326,0.9366802666190686,0.7457,0.7461,0.753255473843423,0.9388,0.9426977136475372,0.8788,0.8841361133609295,0.8346,0.9557,0.0624,0.06652387218326214,0.5242,0.8199,0.8262012847063681,0.8164,0.7848,0.7018,0.7023,23,850,5,T51-DGC-0.50,0.0,in_domain_conditional,T51-DGC-0.50=0.9047;T51-DGC-0.33=0.7461;T51-DGC-0.67=1;T51-CORNKERNEL-0.50=0.7461,278,5,True,,,,,7457,4,0.7457,0.7461,0.753255473843423,0.004352410711318499,8345,1,0.8345,0.8346,0.8406887547412952,0.0037154116864756724
1,SDH0_MAIN9,SD-H0,MAIN9,"main reference nine (linear energy row, Table 5-1 verdicts in every state)","SDH0_MAIN9:DIAG-frontier:M2[N=128,alpha_train=m*/N=94/128]",M2_joint_chance_saa,diagnostic_frontier,,,,optimal,0.0,300.0,65.30768994614482,,,True,SD-12MO,False,10000,,,6279,2517,0.6279,0.8796,0.8849206305935201,0.0032542870186878102,0.4786,2517,0.9232,0.9275382448825318,0.649,0.649,0.6568678133046979,0.901,0.9058757637569823,0.7422,0.7493922039386055,0.6923,0.9324,0.0615,0.06559718689702045,0.4827,0.6726,0.6803308613255664,0.7158,0.6915,0.6276,0.6276,40,679,0,T51-DGC-0.50,0.0,in_domain_conditional,T51-DGC-0.50=0.8796;T51-DGC-0.33=0.649;T51-DGC-0.67=1;T51-CORNKERNEL-0.50=0.649,7,0,True,,,,,6490,0,0.649,0.649,0.6568678133046979,0.004772829349557765,6923,0,0.6923,0.6923,0.6998996073265793,0.004615416665914357
1,SDH0_MAIN9,SD-H0,MAIN9,"main reference nine (linear energy row, Table 5-1 verdicts in every state)","SDH0_MAIN9:DIAG-frontier:M2[N=128,alpha_train=m*/N=94/128]",M2_joint_chance_saa,diagnostic_frontier,,,,optimal,0.0,300.0,65.30768994614482,,,True,SD-SRC12,False,10000,,,6673,1677,0.6673,0.835,0.8410827374262129,0.0037118054905934932,0.482,1674,0.893,0.8980493897721915,0.7177,0.718,0.7254038175028611,0.8874,0.8925655665346798,0.844,0.8499438726855935,0.8016,0.9218,0.2785,0.28597036998815356,0.5275,0.7494,0.7565238024909192,0.7875,0.6824,0.6172,0.6177,185,834,5,T51-DGC-0.50,0.0,in_domain_conditional,T51-DGC-0.50=0.835;T51-DGC-0.33=0.718;T51-DGC-0.67=0.9984;T51-CORNKERNEL-0.50=0.718,697,5,True,,,,,7177,3,0.7177,0.718,0.7254038175028611,0.004499733325431631,8015,1,0.8015,0.8016,0.8081441053500762,0.003987949849233312
1,SDH0_MAIN9,SD-H0,MAIN9,"main reference nine (linear energy row, Table 5-1 verdicts in every state)","SDH0_MAIN9:DIAG-frontier:M2[N=512,alpha_train=m*/N=371/512]",M2_joint_chance_saa,diagnostic_frontier,,,,no_feasible_solution_found,,300.0,300.4411496031098,,solver status no_feasible_solution_found; not a statement about the whole decision space,False,,,,,,,,,,,,,,,,,,,,,,,,,,,,,,,,,,,,,,,,,,,,,,,,,,,,,,,,,,,
1,SDH0_MAIN9,SD-H0,MAIN9,"main reference nine (linear energy row, Table 5-1 verdicts in every state)","SDH0_MAIN9:DIAG-frontier:M2[N=1024,alpha_train=m*/N=770/1024]",M2_joint_chance_saa,diagnostic_frontier,,,,no_feasible_solution_found,,300.0,301.21079813316464,,solver status no_feasible_solution_found; not a statement about the whole decision space,False,,,,,,,,,,,,,,,,,,,,,,,,,,,,,,,,,,,,,,,,,,,,,,,,,,,,,,,,,,,
1,SDS2_MAIN9,SD-S2,MAIN9,"main reference nine (linear energy row, Table 5-1 verdicts in every state)",SDS2_MAIN9:M0,M0_nominal,method,,,,optimal,,300.0,0.007424714043736458,,,True,SD-H0,False,10000,,,9300,305,0.93,0.9605,0.9636541602219267,0.0019478128760227452,0.1529,305,0.9632,0.9662464646917658,0.9581,0.9581,0.961346464886179,0.9607,0.9638463271117904,0.961,0.9641345353243143,0.9583,0.9634,0.8175,0.823834454518858,0.8234,0.8548,0.8605679784898334,0.9608,0.5087,0.5058,0.5063,220,246,5,T51-DGC-0.50,0.0,in_domain_conditional,T51-DGC-0.50=0.9605;T51-DGC-0.33=0.9581;T51-DGC-0.67=0.9991;T51-CORNKERNEL-0.50=0.9581,1013,5,True,,,alpha=0.01:False;alpha=0.05:False;alpha=0.1:False,alpha=0.01:False;alpha=0.05:False;alpha=0.1:False,9581,0,0.9581,0.9581,0.961346464886179,0.0020036064982925177,9583,0,0.9583,0.9583,0.9615388888469666,0.0019990275135675336
1,SDS2_MAIN9,SD-S2,MAIN9,"main reference nine (linear energy row, Table 5-1 verdicts in every state)",SDS2_MAIN9:M0,M0_nominal,method,,,,optimal,,300.0,0.007424714043736458,,,True,SD-S2,True,10000,0.971,0.9737081004397543,9694,0,0.9694,0.9694,0.9721812486819963,0.001722313560301955,0.0,0,0.971,0.9737081004397543,0.9694,0.9694,0.9721812486819963,0.9694,0.9721812486819963,0.971,0.9737081004397543,0.9694,0.971,0.8284,0.8345804051931276,0.8284,0.8652,0.870788228612203,0.971,0.509,0.5051,0.5051,238,277,0,T51-DGC-0.50,0.0,in_domain_conditional,T51-DGC-0.50=0.9694;T51-DGC-0.33=0.9694;T51-DGC-0.67=1;T51-CORNKERNEL-0.50=0.9694,1,0,True,,,alpha=0.01:False;alpha=0.05:False;alpha=0.1:False,alpha=0.01:False;alpha=0.05:False;alpha=0.1:False,9694,0,0.9694,0.9694,0.9721812486819963,0.001722313560301955,9694,0,0.9694,0.9694,0.9721812486819963,0.001722313560301955
1,SDS2_MAIN9,SD-S2,MAIN9,"main reference nine (linear energy row, Table 5-1 verdicts in every state)",SDS2_MAIN9:M0,M0_nominal,method,,,,optimal,,300.0,0.007424714043736458,,,True,SD-SRC14,False,10000,,,9768,0,0.9768,0.9768,0.9792227188980074,0.0015053823434596275,0.0005,0,0.9787,0.9810210152298245,0.9768,0.9768,0.9792227188980074,0.9773,0.9796963998002676,0.9792,0.9814934550676363,0.9773,0.9792,0.8264,0.8326093344311881,0.8264,0.8733,0.878740540934262,0.9787,0.5044,0.5037,0.5042,301,307,5,T51-DGC-0.50,0.0,in_domain_conditional,T51-DGC-0.50=0.9768;T51-DGC-0.33=0.9768;T51-DGC-0.67=1;T51-CORNKERNEL-0.50=0.9768,278,5,True,,,alpha=0.01:False;alpha=0.05:False;alpha=0.1:False,alpha=0.01:False;alpha=0.05:False;alpha=0.1:False,9768,0,0.9768,0.9768,0.9792227188980074,0.0015053823434596275,9773,0,0.9773,0.9773,0.9796963998002676,0.0014894532553927314
1,SDS2_MAIN9,SD-S2,MAIN9,"main reference nine (linear energy row, Table 5-1 verdicts in every state)",SDS2_MAIN9:M0,M0_nominal,method,,,,optimal,,300.0,0.007424714043736458,,,True,SD-12MO,False,10000,,,9496,41,0.9496,0.9537,0.9571081935935097,0.0021013402865790206,0.0173,41,0.956,0.9593248037912234,0.9537,0.9537,0.9571081935935097,0.9537,0.9571081935935097,0.956,0.9593248037912234,0.9537,0.956,0.8047,0.8112045653123465,0.8047,0.8515,0.857322843074205,0.956,0.5072,0.5048,0.5048,219,243,0,T51-DGC-0.50,0.0,in_domain_conditional,T51-DGC-0.50=0.9537;T51-DGC-0.33=0.9537;T51-DGC-0.67=1;T51-CORNKERNEL-0.50=0.9537,7,0,True,,,alpha=0.01:False;alpha=0.05:False;alpha=0.1:False,alpha=0.01:False;alpha=0.05:False;alpha=0.1:False,9537,0,0.9537,0.9537,0.9571081935935097,0.0021013402865790206,9537,0,0.9537,0.9537,0.9571081935935097,0.0021013402865790206
1,SDS2_MAIN9,SD-S2,MAIN9,"main reference nine (linear energy row, Table 5-1 verdicts in every state)",SDS2_MAIN9:M0,M0_nominal,method,,,,optimal,,300.0,0.007424714043736458,,,True,SD-SRC12,False,10000,,,9524,97,0.9524,0.9621,0.9651908576717755,0.0019095441864486937,0.1117,97,0.9661,0.9690257623255237,0.9617,0.9617,0.964806821655434,0.9629,0.9659586445419045,0.9663,0.9692172306184176,0.9625,0.9667,0.793,0.799650568098113,0.7941,0.8704,0.8758942293025163,0.9657,0.5052,0.506,0.5065,422,412,5,T51-DGC-0.50,0.0,in_domain_conditional,T51-DGC-0.50=0.9621;T51-DGC-0.33=0.9617;T51-DGC-0.67=0.9982;T51-CORNKERNEL-0.50=0.9617,697,5,True,,,alpha=0.01:False;alpha=0.05:False;alpha=0.1:False,alpha=0.01:False;alpha=0.05:False;alpha=0.1:False,9617,0,0.9617,0.9617,0.964806821655434,0.0019191954043296373,9625,0,0.9625,0.9625,0.9655747991200108,0.0018998355191963325
1,SDS2_MAIN9,SD-S2,MAIN9,"main reference nine (linear energy row, Table 5-1 verdicts in every state)","SDS2_MAIN9:M1[relative,apply_to_dm=True]@alpha=0.05",M1_safety_margin,method,0.05,not_met,,,,300.0,,optimal;proven_infeasible,"no value of the declared grid met the validation screen (candidate statuses: optimal, proven_infeasible); a grid without a solution is not a statement about the whole decision space",False,,,,,,,,,,,,,,,,,,,,,,,,,,,,,,,,,,,,,,,,,,,,,,,,,,,,,,,,,,,
1,SDS2_MAIN9,SD-S2,MAIN9,"main reference nine (linear energy row, Table 5-1 verdicts in every state)","SDS2_MAIN9:M1[relative,apply_to_dm=False]@alpha=0.05",M1_safety_margin,method,0.05,not_met,,,,300.0,,optimal;proven_infeasible,"no value of the declared grid met the validation screen (candidate statuses: optimal, proven_infeasible); a grid without a solution is not a statement about the whole decision space",False,,,,,,,,,,,,,,,,,,,,,,,,,,,,,,,,,,,,,,,,,,,,,,,,,,,,,,,,,,,
1,SDS2_MAIN9,SD-S2,MAIN9,"main reference nine (linear energy row, Table 5-1 verdicts in every state)",SDS2_MAIN9:M2[N=128]@alpha=0.05,M2_joint_chance_saa,method,0.05,not_met,,,,300.0,,proven_infeasible,"SAA over the N training scenarios proven infeasible for every alpha_train of the declared grid (training scenarios only; not a population, field or whole-space statement)",False,,,,,,,,,,,,,,,,,,,,,,,,,,,,,,,,,,,,,,,,,,,,,,,,,,,,,,,,,,,
1,SDS2_MAIN9,SD-S2,MAIN9,"main reference nine (linear energy row, Table 5-1 verdicts in every state)",SDS2_MAIN9:M2[N=512]@alpha=0.05,M2_joint_chance_saa,method,0.05,not_met,,,,300.0,,proven_infeasible,"SAA over the N training scenarios proven infeasible for every alpha_train of the declared grid (training scenarios only; not a population, field or whole-space statement)",False,,,,,,,,,,,,,,,,,,,,,,,,,,,,,,,,,,,,,,,,,,,,,,,,,,,,,,,,,,,
1,SDS2_MAIN9,SD-S2,MAIN9,"main reference nine (linear energy row, Table 5-1 verdicts in every state)",SDS2_MAIN9:M2[N=1024]@alpha=0.05,M2_joint_chance_saa,method,0.05,not_met,,,,300.0,,proven_infeasible,"SAA over the N training scenarios proven infeasible for every alpha_train of the declared grid (training scenarios only; not a population, field or whole-space statement)",False,,,,,,,,,,,,,,,,,,,,,,,,,,,,,,,,,,,,,,,,,,,,,,,,,,,,,,,,,,,
1,SDS2_MAIN9,SD-S2,MAIN9,"main reference nine (linear energy row, Table 5-1 verdicts in every state)",SDS2_MAIN9:M3a[factory box]@alpha=0.05,M3a_box_robust,method,0.05,not_met,,,,300.0,,proven_infeasible,no value of the declared grid met the validation screen (candidate statuses: proven_infeasible); a grid without a solution is not a statement about the whole decision space,False,,,,,,,,,,,,,,,,,,,,,,,,,,,,,,,,,,,,,,,,,,,,,,,,,,,,,,,,,,,
1,SDS2_MAIN9,SD-S2,MAIN9,"main reference nine (linear energy row, Table 5-1 verdicts in every state)",SDS2_MAIN9:M3b[factory box]@alpha=0.05,M3b_budget_robust,method,0.05,not_met,,,,300.0,,optimal;proven_infeasible,"no value of the declared grid met the validation screen (candidate statuses: optimal, proven_infeasible); a grid without a solution is not a statement about the whole decision space",False,,,,,,,,,,,,,,,,,,,,,,,,,,,,,,,,,,,,,,,,,,,,,,,,,,,,,,,,,,,
1,SDS2_MAIN9,SD-S2,MAIN9,"main reference nine (linear energy row, Table 5-1 verdicts in every state)","SDS2_MAIN9:M1[relative,apply_to_dm=True]@alpha=0.1",M1_safety_margin,method,0.1,not_met,,,,300.0,,optimal;proven_infeasible,"no value of the declared grid met the validation screen (candidate statuses: optimal, proven_infeasible); a grid without a solution is not a statement about the whole decision space",False,,,,,,,,,,,,,,,,,,,,,,,,,,,,,,,,,,,,,,,,,,,,,,,,,,,,,,,,,,,
1,SDS2_MAIN9,SD-S2,MAIN9,"main reference nine (linear energy row, Table 5-1 verdicts in every state)","SDS2_MAIN9:M1[relative,apply_to_dm=False]@alpha=0.1",M1_safety_margin,method,0.1,not_met,,,,300.0,,optimal;proven_infeasible,"no value of the declared grid met the validation screen (candidate statuses: optimal, proven_infeasible); a grid without a solution is not a statement about the whole decision space",False,,,,,,,,,,,,,,,,,,,,,,,,,,,,,,,,,,,,,,,,,,,,,,,,,,,,,,,,,,,
1,SDS2_MAIN9,SD-S2,MAIN9,"main reference nine (linear energy row, Table 5-1 verdicts in every state)",SDS2_MAIN9:M2[N=128]@alpha=0.1,M2_joint_chance_saa,method,0.1,not_met,,,,300.0,,proven_infeasible,"SAA over the N training scenarios proven infeasible for every alpha_train of the declared grid (training scenarios only; not a population, field or whole-space statement)",False,,,,,,,,,,,,,,,,,,,,,,,,,,,,,,,,,,,,,,,,,,,,,,,,,,,,,,,,,,,
1,SDS2_MAIN9,SD-S2,MAIN9,"main reference nine (linear energy row, Table 5-1 verdicts in every state)",SDS2_MAIN9:M2[N=512]@alpha=0.1,M2_joint_chance_saa,method,0.1,not_met,,,,300.0,,proven_infeasible,"SAA over the N training scenarios proven infeasible for every alpha_train of the declared grid (training scenarios only; not a population, field or whole-space statement)",False,,,,,,,,,,,,,,,,,,,,,,,,,,,,,,,,,,,,,,,,,,,,,,,,,,,,,,,,,,,
1,SDS2_MAIN9,SD-S2,MAIN9,"main reference nine (linear energy row, Table 5-1 verdicts in every state)",SDS2_MAIN9:M2[N=1024]@alpha=0.1,M2_joint_chance_saa,method,0.1,not_met,,,,300.0,,proven_infeasible,"SAA over the N training scenarios proven infeasible for every alpha_train of the declared grid (training scenarios only; not a population, field or whole-space statement)",False,,,,,,,,,,,,,,,,,,,,,,,,,,,,,,,,,,,,,,,,,,,,,,,,,,,,,,,,,,,
1,SDS2_MAIN9,SD-S2,MAIN9,"main reference nine (linear energy row, Table 5-1 verdicts in every state)",SDS2_MAIN9:M3a[factory box]@alpha=0.1,M3a_box_robust,method,0.1,not_met,,,,300.0,,proven_infeasible,no value of the declared grid met the validation screen (candidate statuses: proven_infeasible); a grid without a solution is not a statement about the whole decision space,False,,,,,,,,,,,,,,,,,,,,,,,,,,,,,,,,,,,,,,,,,,,,,,,,,,,,,,,,,,,
1,SDS2_MAIN9,SD-S2,MAIN9,"main reference nine (linear energy row, Table 5-1 verdicts in every state)",SDS2_MAIN9:M3b[factory box]@alpha=0.1,M3b_budget_robust,method,0.1,not_met,,,,300.0,,optimal;proven_infeasible,"no value of the declared grid met the validation screen (candidate statuses: optimal, proven_infeasible); a grid without a solution is not a statement about the whole decision space",False,,,,,,,,,,,,,,,,,,,,,,,,,,,,,,,,,,,,,,,,,,,,,,,,,,,,,,,,,,,
1,SDS2_MAIN9,SD-S2,MAIN9,"main reference nine (linear energy row, Table 5-1 verdicts in every state)","SDS2_MAIN9:M1[relative,apply_to_dm=True]@alpha=0.01",M1_safety_margin,method,0.01,not_met,,,,300.0,,optimal;proven_infeasible,"no value of the declared grid met the validation screen (candidate statuses: optimal, proven_infeasible); a grid without a solution is not a statement about the whole decision space",False,,,,,,,,,,,,,,,,,,,,,,,,,,,,,,,,,,,,,,,,,,,,,,,,,,,,,,,,,,,
1,SDS2_MAIN9,SD-S2,MAIN9,"main reference nine (linear energy row, Table 5-1 verdicts in every state)","SDS2_MAIN9:M1[relative,apply_to_dm=False]@alpha=0.01",M1_safety_margin,method,0.01,not_met,,,,300.0,,optimal;proven_infeasible,"no value of the declared grid met the validation screen (candidate statuses: optimal, proven_infeasible); a grid without a solution is not a statement about the whole decision space",False,,,,,,,,,,,,,,,,,,,,,,,,,,,,,,,,,,,,,,,,,,,,,,,,,,,,,,,,,,,
1,SDS2_MAIN9,SD-S2,MAIN9,"main reference nine (linear energy row, Table 5-1 verdicts in every state)",SDS2_MAIN9:M2[N=128]@alpha=0.01,M2_joint_chance_saa,method,0.01,not_met,,,,300.0,,proven_infeasible,"SAA over the N training scenarios proven infeasible for every alpha_train of the declared grid (training scenarios only; not a population, field or whole-space statement)",False,,,,,,,,,,,,,,,,,,,,,,,,,,,,,,,,,,,,,,,,,,,,,,,,,,,,,,,,,,,
1,SDS2_MAIN9,SD-S2,MAIN9,"main reference nine (linear energy row, Table 5-1 verdicts in every state)",SDS2_MAIN9:M2[N=512]@alpha=0.01,M2_joint_chance_saa,method,0.01,not_met,,,,300.0,,proven_infeasible,"SAA over the N training scenarios proven infeasible for every alpha_train of the declared grid (training scenarios only; not a population, field or whole-space statement)",False,,,,,,,,,,,,,,,,,,,,,,,,,,,,,,,,,,,,,,,,,,,,,,,,,,,,,,,,,,,
1,SDS2_MAIN9,SD-S2,MAIN9,"main reference nine (linear energy row, Table 5-1 verdicts in every state)",SDS2_MAIN9:M2[N=1024]@alpha=0.01,M2_joint_chance_saa,method,0.01,not_met,,,,300.0,,proven_infeasible,"SAA over the N training scenarios proven infeasible for every alpha_train of the declared grid (training scenarios only; not a population, field or whole-space statement)",False,,,,,,,,,,,,,,,,,,,,,,,,,,,,,,,,,,,,,,,,,,,,,,,,,,,,,,,,,,,
1,SDS2_MAIN9,SD-S2,MAIN9,"main reference nine (linear energy row, Table 5-1 verdicts in every state)",SDS2_MAIN9:M3a[factory box]@alpha=0.01,M3a_box_robust,method,0.01,not_met,,,,300.0,,proven_infeasible,no value of the declared grid met the validation screen (candidate statuses: proven_infeasible); a grid without a solution is not a statement about the whole decision space,False,,,,,,,,,,,,,,,,,,,,,,,,,,,,,,,,,,,,,,,,,,,,,,,,,,,,,,,,,,,
1,SDS2_MAIN9,SD-S2,MAIN9,"main reference nine (linear energy row, Table 5-1 verdicts in every state)",SDS2_MAIN9:M3b[factory box]@alpha=0.01,M3b_budget_robust,method,0.01,not_met,,,,300.0,,optimal;proven_infeasible,"no value of the declared grid met the validation screen (candidate statuses: optimal, proven_infeasible); a grid without a solution is not a statement about the whole decision space",False,,,,,,,,,,,,,,,,,,,,,,,,,,,,,,,,,,,,,,,,,,,,,,,,,,,,,,,,,,,
1,SDS2_MAIN9,SD-S2,MAIN9,"main reference nine (linear energy row, Table 5-1 verdicts in every state)","SDS2_MAIN9:DIAG-frontier:M2[N=128,alpha_train=m*/N=71/128]",M2_joint_chance_saa,diagnostic_frontier,,,,optimal,0.0,300.0,7.837746135890484,,,True,SD-H0,False,10000,,,6673,2286,0.6673,0.8959,0.9008875287209119,0.0030539022577679197,0.4682,2284,0.9128,0.9174012634979432,0.8104,0.8106,0.8170275495082839,0.9201,0.9245189274502188,0.8563,0.8620427031774197,0.8454,0.9289,0.6002,0.6082851139564958,0.7336,0.7007,0.7082387527216175,0.8307,0.5079,0.4901,0.4906,159,334,5,T51-DGC-0.50,0.0,in_domain_conditional,T51-DGC-0.50=0.8959;T51-DGC-0.33=0.8106;T51-DGC-0.67=0.999;T51-CORNKERNEL-0.50=0.8106,1013,5,True,,,,,8104,2,0.8104,0.8106,0.8170275495082839,0.003918260328257938,8453,1,0.8453,0.8454,0.8513216568631099,0.0036152294532989186
1,SDS2_MAIN9,SD-S2,MAIN9,"main reference nine (linear energy row, Table 5-1 verdicts in every state)","SDS2_MAIN9:DIAG-frontier:M2[N=128,alpha_train=m*/N=71/128]",M2_joint_chance_saa,diagnostic_frontier,,,,optimal,0.0,300.0,7.837746135890484,,,True,SD-S2,True,10000,0.5981,0.606192553412451,4693,3412,0.4693,0.8105,0.8169288744487112,0.003919052819240894,0.4885,3412,0.8558,0.861551151963083,0.5263,0.5263,0.5345564496758604,0.8661,0.8716721632061266,0.6908,0.6984101617221741,0.6455,0.895,0.1868,0.1933280272183335,0.5737,0.5931,0.6012096478714515,0.5981,0.5054,0.4306,0.4306,30,778,0,T51-DGC-0.50,0.0,in_domain_conditional,T51-DGC-0.50=0.8105;T51-DGC-0.33=0.5263;T51-DGC-0.67=1;T51-CORNKERNEL-0.50=0.5263,1,0,True,,,,,5263,0,0.5263,0.5263,0.5345564496758604,0.004993078309019397,6455,0,0.6455,0.6455,0.6533863054293964,0.00478361526462988
1,SDS2_MAIN9,SD-S2,MAIN9,"main reference nine (linear energy row, Table 5-1 verdicts in every state)","SDS2_MAIN9:DIAG-frontier:M2[N=128,alpha_train=m*/N=71/128]",M2_joint_chance_saa,diagnostic_frontier,,,,optimal,0.0,300.0,7.837746135890484,,,True,SD-SRC14,False,10000,,,6601,2142,0.6601,0.8743,0.8797218111870224,0.0033151095004539445,0.4918,2139,0.8972,0.9021594063006658,0.7023,0.7026,0.71012457161791,0.9215,0.9258827422186303,0.8393,0.8453172308761161,0.8141,0.9339,0.2838,0.2913116561852919,0.6468,0.747,0.7541468903599904,0.7477,0.5066,0.4402,0.4407,66,729,5,T51-DGC-0.50,0.0,in_domain_conditional,T51-DGC-0.50=0.8743;T51-DGC-0.33=0.7026;T51-DGC-0.67=1;T51-CORNKERNEL-0.50=0.7026,278,5,True,,,,,7023,3,0.7023,0.7026,0.71012457161791,0.004571140339127645,8140,1,0.814,0.8141,0.8204807429392391,0.0038902595029123694
1,SDS2_MAIN9,SD-S2,MAIN9,"main reference nine (linear energy row, Table 5-1 verdicts in every state)","SDS2_MAIN9:DIAG-frontier:M2[N=128,alpha_train=m*/N=71/128]",M2_joint_chance_saa,diagnostic_frontier,,,,optimal,0.0,300.0,7.837746135890484,,,True,SD-12MO,False,10000,,,5030,3194,0.503,0.8224,0.8286662888183915,0.0038217566641532788,0.4783,3194,0.8571,0.8628291355344676,0.6363,0.6363,0.6442327266637211,0.8637,0.8693148187807209,0.7233,0.7306598093519479,0.6982,0.884,0.3922,0.40030332955934206,0.6213,0.5784,0.586554901856033,0.6777,0.5085,0.4708,0.4708,85,462,0,T51-DGC-0.50,0.0,in_domain_conditional,T51-DGC-0.50=0.8224;T51-DGC-0.33=0.6363;T51-DGC-0.67=1;T51-CORNKERNEL-0.50=0.6363,7,0,True,,,,,6363,0,0.6363,0.6363,0.6442327266637211,0.004810637275871046,6982,0,0.6982,0.6982,0.7057571767312926,0.0045903895259552865
1,SDS2_MAIN9,SD-S2,MAIN9,"main reference nine (linear energy row, Table 5-1 verdicts in every state)","SDS2_MAIN9:DIAG-frontier:M2[N=128,alpha_train=m*/N=71/128]",M2_joint_chance_saa,diagnostic_frontier,,,,optimal,0.0,300.0,7.837746135890484,,,True,SD-SRC12,False,10000,,,6542,1802,0.6542,0.8344,0.8404917585857357,0.003717211858369119,0.4808,1799,0.8681,0.8736361592584359,0.7637,0.764,0.7709769753329558,0.8889,0.8940348595499299,0.8572,0.8629274352705374,0.8376,0.9064,0.4788,0.48707066593209053,0.6086,0.7371,0.74433910972699,0.801,0.5066,0.4724,0.4729,275,615,5,T51-DGC-0.50,0.0,in_domain_conditional,T51-DGC-0.50=0.8344;T51-DGC-0.33=0.764;T51-DGC-0.67=0.9985;T51-CORNKERNEL-0.50=0.764,697,5,True,,,,,7637,3,0.7637,0.764,0.7709769753329558,0.004246221850068599,8375,1,0.8375,0.8376,0.8436433095710123,0.0036881735317091575
1,SDS2_MAIN9,SD-S2,MAIN9,"main reference nine (linear energy row, Table 5-1 verdicts in every state)","SDS2_MAIN9:DIAG-frontier:M2[N=512,alpha_train=m*/N=291/512]",M2_joint_chance_saa,diagnostic_frontier,,,,no_feasible_solution_found,,300.0,300.51360277319327,,solver status no_feasible_solution_found; not a statement about the whole decision space,False,,,,,,,,,,,,,,,,,,,,,,,,,,,,,,,,,,,,,,,,,,,,,,,,,,,,,,,,,,,
1,SDS2_MAIN9,SD-S2,MAIN9,"main reference nine (linear energy row, Table 5-1 verdicts in every state)","SDS2_MAIN9:DIAG-frontier:M2[N=1024,alpha_train=m*/N=632/1024]",M2_joint_chance_saa,diagnostic_frontier,,,,no_feasible_solution_found,,300.0,301.40998242096975,,solver status no_feasible_solution_found; not a statement about the whole decision space,False,,,,,,,,,,,,,,,,,,,,,,,,,,,,,,,,,,,,,,,,,,,,,,,,,,,,,,,,,,,
1,SDSRC14_MAIN9,SD-SRC14,MAIN9,"main reference nine (linear energy row, Table 5-1 verdicts in every state)",SDSRC14_MAIN9:M0,M0_nominal,method,,,,optimal,,300.0,0.0185895967297256,,,True,SD-H0,False,10000,,,9300,305,0.93,0.9605,0.9636541602219267,0.0019478128760227452,0.1529,305,0.9632,0.9662464646917658,0.9581,0.9581,0.961346464886179,0.9607,0.9638463271117904,0.961,0.9641345353243143,0.9583,0.9634,0.8175,0.823834454518858,0.8234,0.8548,0.8605679784898334,0.9608,0.5087,0.5058,0.5063,220,246,5,T51-DGC-0.50,0.0,in_domain_conditional,T51-DGC-0.50=0.9605;T51-DGC-0.33=0.9581;T51-DGC-0.67=0.9991;T51-CORNKERNEL-0.50=0.9581,1013,5,True,,,alpha=0.01:False;alpha=0.05:False;alpha=0.1:False,alpha=0.01:False;alpha=0.05:False;alpha=0.1:False,9581,0,0.9581,0.9581,0.961346464886179,0.0020036064982925177,9583,0,0.9583,0.9583,0.9615388888469666,0.0019990275135675336
1,SDSRC14_MAIN9,SD-SRC14,MAIN9,"main reference nine (linear energy row, Table 5-1 verdicts in every state)",SDSRC14_MAIN9:M0,M0_nominal,method,,,,optimal,,300.0,0.0185895967297256,,,True,SD-S2,False,10000,,,9694,0,0.9694,0.9694,0.9721812486819963,0.001722313560301955,0.0,0,0.971,0.9737081004397543,0.9694,0.9694,0.9721812486819963,0.9694,0.9721812486819963,0.971,0.9737081004397543,0.9694,0.971,0.8284,0.8345804051931276,0.8284,0.8652,0.870788228612203,0.971,0.509,0.5051,0.5051,238,277,0,T51-DGC-0.50,0.0,in_domain_conditional,T51-DGC-0.50=0.9694;T51-DGC-0.33=0.9694;T51-DGC-0.67=1;T51-CORNKERNEL-0.50=0.9694,1,0,True,,,alpha=0.01:False;alpha=0.05:False;alpha=0.1:False,alpha=0.01:False;alpha=0.05:False;alpha=0.1:False,9694,0,0.9694,0.9694,0.9721812486819963,0.001722313560301955,9694,0,0.9694,0.9694,0.9721812486819963,0.001722313560301955
1,SDSRC14_MAIN9,SD-SRC14,MAIN9,"main reference nine (linear energy row, Table 5-1 verdicts in every state)",SDSRC14_MAIN9:M0,M0_nominal,method,,,,optimal,,300.0,0.0185895967297256,,,True,SD-SRC14,True,10000,0.9787,0.9810210152298245,9768,0,0.9768,0.9768,0.9792227188980074,0.0015053823434596275,0.0005,0,0.9787,0.9810210152298245,0.9768,0.9768,0.9792227188980074,0.9773,0.9796963998002676,0.9792,0.9814934550676363,0.9773,0.9792,0.8264,0.8326093344311881,0.8264,0.8733,0.878740540934262,0.9787,0.5044,0.5037,0.5042,301,307,5,T51-DGC-0.50,0.0,in_domain_conditional,T51-DGC-0.50=0.9768;T51-DGC-0.33=0.9768;T51-DGC-0.67=1;T51-CORNKERNEL-0.50=0.9768,278,5,True,,,alpha=0.01:False;alpha=0.05:False;alpha=0.1:False,alpha=0.01:False;alpha=0.05:False;alpha=0.1:False,9768,0,0.9768,0.9768,0.9792227188980074,0.0015053823434596275,9773,0,0.9773,0.9773,0.9796963998002676,0.0014894532553927314
1,SDSRC14_MAIN9,SD-SRC14,MAIN9,"main reference nine (linear energy row, Table 5-1 verdicts in every state)",SDSRC14_MAIN9:M0,M0_nominal,method,,,,optimal,,300.0,0.0185895967297256,,,True,SD-12MO,False,10000,,,9496,41,0.9496,0.9537,0.9571081935935097,0.0021013402865790206,0.0173,41,0.956,0.9593248037912234,0.9537,0.9537,0.9571081935935097,0.9537,0.9571081935935097,0.956,0.9593248037912234,0.9537,0.956,0.8047,0.8112045653123465,0.8047,0.8515,0.857322843074205,0.956,0.5072,0.5048,0.5048,219,243,0,T51-DGC-0.50,0.0,in_domain_conditional,T51-DGC-0.50=0.9537;T51-DGC-0.33=0.9537;T51-DGC-0.67=1;T51-CORNKERNEL-0.50=0.9537,7,0,True,,,alpha=0.01:False;alpha=0.05:False;alpha=0.1:False,alpha=0.01:False;alpha=0.05:False;alpha=0.1:False,9537,0,0.9537,0.9537,0.9571081935935097,0.0021013402865790206,9537,0,0.9537,0.9537,0.9571081935935097,0.0021013402865790206
1,SDSRC14_MAIN9,SD-SRC14,MAIN9,"main reference nine (linear energy row, Table 5-1 verdicts in every state)",SDSRC14_MAIN9:M0,M0_nominal,method,,,,optimal,,300.0,0.0185895967297256,,,True,SD-SRC12,False,10000,,,9524,97,0.9524,0.9621,0.9651908576717755,0.0019095441864486937,0.1117,97,0.9661,0.9690257623255237,0.9617,0.9617,0.964806821655434,0.9629,0.9659586445419045,0.9663,0.9692172306184176,0.9625,0.9667,0.793,0.799650568098113,0.7941,0.8704,0.8758942293025163,0.9657,0.5052,0.506,0.5065,422,412,5,T51-DGC-0.50,0.0,in_domain_conditional,T51-DGC-0.50=0.9621;T51-DGC-0.33=0.9617;T51-DGC-0.67=0.9982;T51-CORNKERNEL-0.50=0.9617,697,5,True,,,alpha=0.01:False;alpha=0.05:False;alpha=0.1:False,alpha=0.01:False;alpha=0.05:False;alpha=0.1:False,9617,0,0.9617,0.9617,0.964806821655434,0.0019191954043296373,9625,0,0.9625,0.9625,0.9655747991200108,0.0018998355191963325
1,SDSRC14_MAIN9,SD-SRC14,MAIN9,"main reference nine (linear energy row, Table 5-1 verdicts in every state)","SDSRC14_MAIN9:M1[relative,apply_to_dm=True]@alpha=0.05",M1_safety_margin,method,0.05,not_met,,,,300.0,,optimal;proven_infeasible,"no value of the declared grid met the validation screen (candidate statuses: optimal, proven_infeasible); a grid without a solution is not a statement about the whole decision space",False,,,,,,,,,,,,,,,,,,,,,,,,,,,,,,,,,,,,,,,,,,,,,,,,,,,,,,,,,,,
1,SDSRC14_MAIN9,SD-SRC14,MAIN9,"main reference nine (linear energy row, Table 5-1 verdicts in every state)","SDSRC14_MAIN9:M1[relative,apply_to_dm=False]@alpha=0.05",M1_safety_margin,method,0.05,not_met,,,,300.0,,optimal;proven_infeasible,"no value of the declared grid met the validation screen (candidate statuses: optimal, proven_infeasible); a grid without a solution is not a statement about the whole decision space",False,,,,,,,,,,,,,,,,,,,,,,,,,,,,,,,,,,,,,,,,,,,,,,,,,,,,,,,,,,,
1,SDSRC14_MAIN9,SD-SRC14,MAIN9,"main reference nine (linear energy row, Table 5-1 verdicts in every state)",SDSRC14_MAIN9:M2[N=128]@alpha=0.05,M2_joint_chance_saa,method,0.05,not_met,,,,300.0,,proven_infeasible,"SAA over the N training scenarios proven infeasible for every alpha_train of the declared grid (training scenarios only; not a population, field or whole-space statement)",False,,,,,,,,,,,,,,,,,,,,,,,,,,,,,,,,,,,,,,,,,,,,,,,,,,,,,,,,,,,
1,SDSRC14_MAIN9,SD-SRC14,MAIN9,"main reference nine (linear energy row, Table 5-1 verdicts in every state)",SDSRC14_MAIN9:M2[N=512]@alpha=0.05,M2_joint_chance_saa,method,0.05,not_met,,,,300.0,,proven_infeasible,"SAA over the N training scenarios proven infeasible for every alpha_train of the declared grid (training scenarios only; not a population, field or whole-space statement)",False,,,,,,,,,,,,,,,,,,,,,,,,,,,,,,,,,,,,,,,,,,,,,,,,,,,,,,,,,,,
1,SDSRC14_MAIN9,SD-SRC14,MAIN9,"main reference nine (linear energy row, Table 5-1 verdicts in every state)",SDSRC14_MAIN9:M2[N=1024]@alpha=0.05,M2_joint_chance_saa,method,0.05,not_met,,,,300.0,,proven_infeasible,"SAA over the N training scenarios proven infeasible for every alpha_train of the declared grid (training scenarios only; not a population, field or whole-space statement)",False,,,,,,,,,,,,,,,,,,,,,,,,,,,,,,,,,,,,,,,,,,,,,,,,,,,,,,,,,,,
1,SDSRC14_MAIN9,SD-SRC14,MAIN9,"main reference nine (linear energy row, Table 5-1 verdicts in every state)",SDSRC14_MAIN9:M3a[factory box]@alpha=0.05,M3a_box_robust,method,0.05,not_met,,,,300.0,,proven_infeasible,no value of the declared grid met the validation screen (candidate statuses: proven_infeasible); a grid without a solution is not a statement about the whole decision space,False,,,,,,,,,,,,,,,,,,,,,,,,,,,,,,,,,,,,,,,,,,,,,,,,,,,,,,,,,,,
1,SDSRC14_MAIN9,SD-SRC14,MAIN9,"main reference nine (linear energy row, Table 5-1 verdicts in every state)",SDSRC14_MAIN9:M3b[factory box]@alpha=0.05,M3b_budget_robust,method,0.05,not_met,,,,300.0,,optimal;proven_infeasible,"no value of the declared grid met the validation screen (candidate statuses: optimal, proven_infeasible); a grid without a solution is not a statement about the whole decision space",False,,,,,,,,,,,,,,,,,,,,,,,,,,,,,,,,,,,,,,,,,,,,,,,,,,,,,,,,,,,
1,SDSRC14_MAIN9,SD-SRC14,MAIN9,"main reference nine (linear energy row, Table 5-1 verdicts in every state)","SDSRC14_MAIN9:M1[relative,apply_to_dm=True]@alpha=0.1",M1_safety_margin,method,0.1,not_met,,,,300.0,,optimal;proven_infeasible,"no value of the declared grid met the validation screen (candidate statuses: optimal, proven_infeasible); a grid without a solution is not a statement about the whole decision space",False,,,,,,,,,,,,,,,,,,,,,,,,,,,,,,,,,,,,,,,,,,,,,,,,,,,,,,,,,,,
1,SDSRC14_MAIN9,SD-SRC14,MAIN9,"main reference nine (linear energy row, Table 5-1 verdicts in every state)","SDSRC14_MAIN9:M1[relative,apply_to_dm=False]@alpha=0.1",M1_safety_margin,method,0.1,not_met,,,,300.0,,optimal;proven_infeasible,"no value of the declared grid met the validation screen (candidate statuses: optimal, proven_infeasible); a grid without a solution is not a statement about the whole decision space",False,,,,,,,,,,,,,,,,,,,,,,,,,,,,,,,,,,,,,,,,,,,,,,,,,,,,,,,,,,,
1,SDSRC14_MAIN9,SD-SRC14,MAIN9,"main reference nine (linear energy row, Table 5-1 verdicts in every state)",SDSRC14_MAIN9:M2[N=128]@alpha=0.1,M2_joint_chance_saa,method,0.1,not_met,,,,300.0,,proven_infeasible,"SAA over the N training scenarios proven infeasible for every alpha_train of the declared grid (training scenarios only; not a population, field or whole-space statement)",False,,,,,,,,,,,,,,,,,,,,,,,,,,,,,,,,,,,,,,,,,,,,,,,,,,,,,,,,,,,
1,SDSRC14_MAIN9,SD-SRC14,MAIN9,"main reference nine (linear energy row, Table 5-1 verdicts in every state)",SDSRC14_MAIN9:M2[N=512]@alpha=0.1,M2_joint_chance_saa,method,0.1,not_met,,,,300.0,,proven_infeasible,"SAA over the N training scenarios proven infeasible for every alpha_train of the declared grid (training scenarios only; not a population, field or whole-space statement)",False,,,,,,,,,,,,,,,,,,,,,,,,,,,,,,,,,,,,,,,,,,,,,,,,,,,,,,,,,,,
1,SDSRC14_MAIN9,SD-SRC14,MAIN9,"main reference nine (linear energy row, Table 5-1 verdicts in every state)",SDSRC14_MAIN9:M2[N=1024]@alpha=0.1,M2_joint_chance_saa,method,0.1,not_met,,,,300.0,,proven_infeasible,"SAA over the N training scenarios proven infeasible for every alpha_train of the declared grid (training scenarios only; not a population, field or whole-space statement)",False,,,,,,,,,,,,,,,,,,,,,,,,,,,,,,,,,,,,,,,,,,,,,,,,,,,,,,,,,,,
1,SDSRC14_MAIN9,SD-SRC14,MAIN9,"main reference nine (linear energy row, Table 5-1 verdicts in every state)",SDSRC14_MAIN9:M3a[factory box]@alpha=0.1,M3a_box_robust,method,0.1,not_met,,,,300.0,,proven_infeasible,no value of the declared grid met the validation screen (candidate statuses: proven_infeasible); a grid without a solution is not a statement about the whole decision space,False,,,,,,,,,,,,,,,,,,,,,,,,,,,,,,,,,,,,,,,,,,,,,,,,,,,,,,,,,,,
1,SDSRC14_MAIN9,SD-SRC14,MAIN9,"main reference nine (linear energy row, Table 5-1 verdicts in every state)",SDSRC14_MAIN9:M3b[factory box]@alpha=0.1,M3b_budget_robust,method,0.1,not_met,,,,300.0,,optimal;proven_infeasible,"no value of the declared grid met the validation screen (candidate statuses: optimal, proven_infeasible); a grid without a solution is not a statement about the whole decision space",False,,,,,,,,,,,,,,,,,,,,,,,,,,,,,,,,,,,,,,,,,,,,,,,,,,,,,,,,,,,
1,SDSRC14_MAIN9,SD-SRC14,MAIN9,"main reference nine (linear energy row, Table 5-1 verdicts in every state)","SDSRC14_MAIN9:M1[relative,apply_to_dm=True]@alpha=0.01",M1_safety_margin,method,0.01,not_met,,,,300.0,,optimal;proven_infeasible,"no value of the declared grid met the validation screen (candidate statuses: optimal, proven_infeasible); a grid without a solution is not a statement about the whole decision space",False,,,,,,,,,,,,,,,,,,,,,,,,,,,,,,,,,,,,,,,,,,,,,,,,,,,,,,,,,,,
1,SDSRC14_MAIN9,SD-SRC14,MAIN9,"main reference nine (linear energy row, Table 5-1 verdicts in every state)","SDSRC14_MAIN9:M1[relative,apply_to_dm=False]@alpha=0.01",M1_safety_margin,method,0.01,not_met,,,,300.0,,optimal;proven_infeasible,"no value of the declared grid met the validation screen (candidate statuses: optimal, proven_infeasible); a grid without a solution is not a statement about the whole decision space",False,,,,,,,,,,,,,,,,,,,,,,,,,,,,,,,,,,,,,,,,,,,,,,,,,,,,,,,,,,,
1,SDSRC14_MAIN9,SD-SRC14,MAIN9,"main reference nine (linear energy row, Table 5-1 verdicts in every state)",SDSRC14_MAIN9:M2[N=128]@alpha=0.01,M2_joint_chance_saa,method,0.01,not_met,,,,300.0,,proven_infeasible,"SAA over the N training scenarios proven infeasible for every alpha_train of the declared grid (training scenarios only; not a population, field or whole-space statement)",False,,,,,,,,,,,,,,,,,,,,,,,,,,,,,,,,,,,,,,,,,,,,,,,,,,,,,,,,,,,
1,SDSRC14_MAIN9,SD-SRC14,MAIN9,"main reference nine (linear energy row, Table 5-1 verdicts in every state)",SDSRC14_MAIN9:M2[N=512]@alpha=0.01,M2_joint_chance_saa,method,0.01,not_met,,,,300.0,,proven_infeasible,"SAA over the N training scenarios proven infeasible for every alpha_train of the declared grid (training scenarios only; not a population, field or whole-space statement)",False,,,,,,,,,,,,,,,,,,,,,,,,,,,,,,,,,,,,,,,,,,,,,,,,,,,,,,,,,,,
1,SDSRC14_MAIN9,SD-SRC14,MAIN9,"main reference nine (linear energy row, Table 5-1 verdicts in every state)",SDSRC14_MAIN9:M2[N=1024]@alpha=0.01,M2_joint_chance_saa,method,0.01,not_met,,,,300.0,,proven_infeasible,"SAA over the N training scenarios proven infeasible for every alpha_train of the declared grid (training scenarios only; not a population, field or whole-space statement)",False,,,,,,,,,,,,,,,,,,,,,,,,,,,,,,,,,,,,,,,,,,,,,,,,,,,,,,,,,,,
1,SDSRC14_MAIN9,SD-SRC14,MAIN9,"main reference nine (linear energy row, Table 5-1 verdicts in every state)",SDSRC14_MAIN9:M3a[factory box]@alpha=0.01,M3a_box_robust,method,0.01,not_met,,,,300.0,,proven_infeasible,no value of the declared grid met the validation screen (candidate statuses: proven_infeasible); a grid without a solution is not a statement about the whole decision space,False,,,,,,,,,,,,,,,,,,,,,,,,,,,,,,,,,,,,,,,,,,,,,,,,,,,,,,,,,,,
1,SDSRC14_MAIN9,SD-SRC14,MAIN9,"main reference nine (linear energy row, Table 5-1 verdicts in every state)",SDSRC14_MAIN9:M3b[factory box]@alpha=0.01,M3b_budget_robust,method,0.01,not_met,,,,300.0,,optimal;proven_infeasible,"no value of the declared grid met the validation screen (candidate statuses: optimal, proven_infeasible); a grid without a solution is not a statement about the whole decision space",False,,,,,,,,,,,,,,,,,,,,,,,,,,,,,,,,,,,,,,,,,,,,,,,,,,,,,,,,,,,
1,SDSRC14_MAIN9,SD-SRC14,MAIN9,"main reference nine (linear energy row, Table 5-1 verdicts in every state)","SDSRC14_MAIN9:DIAG-frontier:M2[N=128,alpha_train=m*/N=80/128]",M2_joint_chance_saa,diagnostic_frontier,,,,optimal,9.903163646605759e-05,300.0,130.56612373981625,,,True,SD-H0,False,10000,,,5851,2797,0.5851,0.8648,0.8703953419049746,0.003419370702336908,0.4678,2795,0.8877,0.8928594487405054,0.7595,0.7597,0.7667213767672422,0.9038,0.9086127118305515,0.8274,0.8335949079115723,0.8147,0.9148,0.5759,0.5840618609872367,0.7075,0.6485,0.6563704833261492,0.7859,0.5192,0.5035,0.504,163,317,5,T51-DGC-0.50,0.0,in_domain_conditional,T51-DGC-0.50=0.8648;T51-DGC-0.33=0.7597;T51-DGC-0.67=0.9985;T51-CORNKERNEL-0.50=0.7597,1013,5,True,,,,,7595,2,0.7595,0.7597,0.7667213767672422,0.004272656199602303,8146,1,0.8146,0.8147,0.8210726335573665,0.003885407443241957
1,SDSRC14_MAIN9,SD-SRC14,MAIN9,"main reference nine (linear energy row, Table 5-1 verdicts in every state)","SDSRC14_MAIN9:DIAG-frontier:M2[N=128,alpha_train=m*/N=80/128]",M2_joint_chance_saa,diagnostic_frontier,,,,optimal,9.903163646605759e-05,300.0,130.56612373981625,,,True,SD-S2,False,10000,,,4996,3238,0.4996,0.8234,0.8296521619639406,0.0038132983098624735,0.4873,3238,0.8587,0.864401815607658,0.5515,0.5515,0.5597186728048698,0.8885,0.8936430770173396,0.7311,0.7383926894873298,0.6981,0.9078,0.134,0.13973212816805447,0.5247,0.6582,0.666016987675589,0.6102,0.549,0.4936,0.4936,50,604,0,T51-DGC-0.50,0.0,in_domain_conditional,T51-DGC-0.50=0.8234;T51-DGC-0.33=0.5515;T51-DGC-0.67=1;T51-CORNKERNEL-0.50=0.5515,1,0,True,,,,,5515,0,0.5515,0.5515,0.5597186728048698,0.0049734067800653505,6981,0,0.6981,0.6981,0.7056579081529493,0.004590821168375
1,SDSRC14_MAIN9,SD-SRC14,MAIN9,"main reference nine (linear energy row, Table 5-1 verdicts in every state)","SDSRC14_MAIN9:DIAG-frontier:M2[N=128,alpha_train=m*/N=80/128]",M2_joint_chance_saa,diagnostic_frontier,,,,optimal,9.903163646605759e-05,300.0,130.56612373981625,,,True,SD-SRC14,True,10000,0.689,0.6966227033215997,5905,2558,0.5905,0.8463,0.8522072853015628,0.00360660934951375,0.4902,2555,0.8711,0.8765813546267334,0.6388,0.6391,0.6470189317751212,0.9118,0.9164254546822906,0.8193,0.8256096160415434,0.7922,0.9247,0.24,0.24713042317322753,0.6129,0.7272,0.7345266033430218,0.689,0.5418,0.4897,0.4902,98,618,5,T51-DGC-0.50,0.0,in_domain_conditional,T51-DGC-0.50=0.8463;T51-DGC-0.33=0.6391;T51-DGC-0.67=1;T51-CORNKERNEL-0.50=0.6391,278,5,True,,,,,6388,3,0.6388,0.6391,0.6470189317751212,0.004802615849721899,7922,0,0.7922,0.7922,0.7988602358036953,0.00405732867783718
1,SDSRC14_MAIN9,SD-SRC14,MAIN9,"main reference nine (linear energy row, Table 5-1 verdicts in every state)","SDSRC14_MAIN9:DIAG-frontier:M2[N=128,alpha_train=m*/N=80/128]",M2_joint_chance_saa,diagnostic_frontier,,,,optimal,9.903163646605759e-05,300.0,130.56612373981625,,,True,SD-12MO,False,10000,,,5052,3172,0.5052,0.8224,0.8286662888183915,0.0038217566641532788,0.478,3172,0.8556,0.8613545248312477,0.6377,0.6377,0.6456258655034064,0.8758,0.8811935045470709,0.7401,0.7473116714529022,0.7194,0.8924,0.3402,0.34807666279138166,0.5677,0.6089,0.6169526454163874,0.6776,0.5301,0.4994,0.4994,103,410,0,T51-DGC-0.50,0.0,in_domain_conditional,T51-DGC-0.50=0.8224;T51-DGC-0.33=0.6377;T51-DGC-0.67=1;T51-CORNKERNEL-0.50=0.6377,7,0,True,,,,,6377,0,0.6377,0.6377,0.6456258655034064,0.004806648624561608,7194,0,0.7194,0.7194,0.7267923168174906,0.004492923769662691
1,SDSRC14_MAIN9,SD-SRC14,MAIN9,"main reference nine (linear energy row, Table 5-1 verdicts in every state)","SDSRC14_MAIN9:DIAG-frontier:M2[N=128,alpha_train=m*/N=80/128]",M2_joint_chance_saa,diagnostic_frontier,,,,optimal,9.903163646605759e-05,300.0,130.56612373981625,,,True,SD-SRC12,False,10000,,,5704,2214,0.5704,0.7918,0.7984650548701173,0.00406020639869453,0.4814,2211,0.8328,0.8389156744389583,0.7049,0.7052,0.7127049138894015,0.873,0.8784461380175982,0.8321,0.8382260737758046,0.8113,0.8919,0.4514,0.45964502527109175,0.5813,0.7013,0.7088342912154426,0.7501,0.527,0.5005,0.501,276,539,5,T51-DGC-0.50,0.0,in_domain_conditional,T51-DGC-0.50=0.7918;T51-DGC-0.33=0.7052;T51-DGC-0.67=0.998;T51-CORNKERNEL-0.50=0.7052,697,5,True,,,,,7049,3,0.7049,0.7052,0.7127049138894015,0.004559528045752104,8112,1,0.8112,0.8113,0.8177182557617239,0.003912701240830942
1,SDSRC14_MAIN9,SD-SRC14,MAIN9,"main reference nine (linear energy row, Table 5-1 verdicts in every state)","SDSRC14_MAIN9:DIAG-frontier:M2[N=512,alpha_train=m*/N=336/512]",M2_joint_chance_saa,diagnostic_frontier,,,,no_feasible_solution_found,,300.0,300.4138694424182,,solver status no_feasible_solution_found; not a statement about the whole decision space,False,,,,,,,,,,,,,,,,,,,,,,,,,,,,,,,,,,,,,,,,,,,,,,,,,,,,,,,,,,,
1,SDSRC14_MAIN9,SD-SRC14,MAIN9,"main reference nine (linear energy row, Table 5-1 verdicts in every state)","SDSRC14_MAIN9:DIAG-frontier:M2[N=1024,alpha_train=m*/N=720/1024]",M2_joint_chance_saa,diagnostic_frontier,,,,no_feasible_solution_found,,300.0,301.3131858408451,,solver status no_feasible_solution_found; not a statement about the whole decision space,False,,,,,,,,,,,,,,,,,,,,,,,,,,,,,,,,,,,,,,,,,,,,,,,,,,,,,,,,,,,
1,SD12MO_MAIN9,SD-12MO,MAIN9,"main reference nine (linear energy row, Table 5-1 verdicts in every state)",SD12MO_MAIN9:M0,M0_nominal,method,,,,optimal,,300.0,0.016653669998049736,,,True,SD-H0,False,10000,,,9300,305,0.93,0.9605,0.9636541602219267,0.0019478128760227452,0.1529,305,0.9632,0.9662464646917658,0.9581,0.9581,0.961346464886179,0.9607,0.9638463271117904,0.961,0.9641345353243143,0.9583,0.9634,0.8175,0.823834454518858,0.8234,0.8548,0.8605679784898334,0.9608,0.5087,0.5058,0.5063,220,246,5,T51-DGC-0.50,0.0,in_domain_conditional,T51-DGC-0.50=0.9605;T51-DGC-0.33=0.9581;T51-DGC-0.67=0.9991;T51-CORNKERNEL-0.50=0.9581,1013,5,True,,,alpha=0.01:False;alpha=0.05:False;alpha=0.1:False,alpha=0.01:False;alpha=0.05:False;alpha=0.1:False,9581,0,0.9581,0.9581,0.961346464886179,0.0020036064982925177,9583,0,0.9583,0.9583,0.9615388888469666,0.0019990275135675336
1,SD12MO_MAIN9,SD-12MO,MAIN9,"main reference nine (linear energy row, Table 5-1 verdicts in every state)",SD12MO_MAIN9:M0,M0_nominal,method,,,,optimal,,300.0,0.016653669998049736,,,True,SD-S2,False,10000,,,9694,0,0.9694,0.9694,0.9721812486819963,0.001722313560301955,0.0,0,0.971,0.9737081004397543,0.9694,0.9694,0.9721812486819963,0.9694,0.9721812486819963,0.971,0.9737081004397543,0.9694,0.971,0.8284,0.8345804051931276,0.8284,0.8652,0.870788228612203,0.971,0.509,0.5051,0.5051,238,277,0,T51-DGC-0.50,0.0,in_domain_conditional,T51-DGC-0.50=0.9694;T51-DGC-0.33=0.9694;T51-DGC-0.67=1;T51-CORNKERNEL-0.50=0.9694,1,0,True,,,alpha=0.01:False;alpha=0.05:False;alpha=0.1:False,alpha=0.01:False;alpha=0.05:False;alpha=0.1:False,9694,0,0.9694,0.9694,0.9721812486819963,0.001722313560301955,9694,0,0.9694,0.9694,0.9721812486819963,0.001722313560301955
1,SD12MO_MAIN9,SD-12MO,MAIN9,"main reference nine (linear energy row, Table 5-1 verdicts in every state)",SD12MO_MAIN9:M0,M0_nominal,method,,,,optimal,,300.0,0.016653669998049736,,,True,SD-SRC14,False,10000,,,9768,0,0.9768,0.9768,0.9792227188980074,0.0015053823434596275,0.0005,0,0.9787,0.9810210152298245,0.9768,0.9768,0.9792227188980074,0.9773,0.9796963998002676,0.9792,0.9814934550676363,0.9773,0.9792,0.8264,0.8326093344311881,0.8264,0.8733,0.878740540934262,0.9787,0.5044,0.5037,0.5042,301,307,5,T51-DGC-0.50,0.0,in_domain_conditional,T51-DGC-0.50=0.9768;T51-DGC-0.33=0.9768;T51-DGC-0.67=1;T51-CORNKERNEL-0.50=0.9768,278,5,True,,,alpha=0.01:False;alpha=0.05:False;alpha=0.1:False,alpha=0.01:False;alpha=0.05:False;alpha=0.1:False,9768,0,0.9768,0.9768,0.9792227188980074,0.0015053823434596275,9773,0,0.9773,0.9773,0.9796963998002676,0.0014894532553927314
1,SD12MO_MAIN9,SD-12MO,MAIN9,"main reference nine (linear energy row, Table 5-1 verdicts in every state)",SD12MO_MAIN9:M0,M0_nominal,method,,,,optimal,,300.0,0.016653669998049736,,,True,SD-12MO,True,10000,0.956,0.9593248037912234,9496,41,0.9496,0.9537,0.9571081935935097,0.0021013402865790206,0.0173,41,0.956,0.9593248037912234,0.9537,0.9537,0.9571081935935097,0.9537,0.9571081935935097,0.956,0.9593248037912234,0.9537,0.956,0.8047,0.8112045653123465,0.8047,0.8515,0.857322843074205,0.956,0.5072,0.5048,0.5048,219,243,0,T51-DGC-0.50,0.0,in_domain_conditional,T51-DGC-0.50=0.9537;T51-DGC-0.33=0.9537;T51-DGC-0.67=1;T51-CORNKERNEL-0.50=0.9537,7,0,True,,,alpha=0.01:False;alpha=0.05:False;alpha=0.1:False,alpha=0.01:False;alpha=0.05:False;alpha=0.1:False,9537,0,0.9537,0.9537,0.9571081935935097,0.0021013402865790206,9537,0,0.9537,0.9537,0.9571081935935097,0.0021013402865790206
1,SD12MO_MAIN9,SD-12MO,MAIN9,"main reference nine (linear energy row, Table 5-1 verdicts in every state)",SD12MO_MAIN9:M0,M0_nominal,method,,,,optimal,,300.0,0.016653669998049736,,,True,SD-SRC12,False,10000,,,9524,97,0.9524,0.9621,0.9651908576717755,0.0019095441864486937,0.1117,97,0.9661,0.9690257623255237,0.9617,0.9617,0.964806821655434,0.9629,0.9659586445419045,0.9663,0.9692172306184176,0.9625,0.9667,0.793,0.799650568098113,0.7941,0.8704,0.8758942293025163,0.9657,0.5052,0.506,0.5065,422,412,5,T51-DGC-0.50,0.0,in_domain_conditional,T51-DGC-0.50=0.9621;T51-DGC-0.33=0.9617;T51-DGC-0.67=0.9982;T51-CORNKERNEL-0.50=0.9617,697,5,True,,,alpha=0.01:False;alpha=0.05:False;alpha=0.1:False,alpha=0.01:False;alpha=0.05:False;alpha=0.1:False,9617,0,0.9617,0.9617,0.964806821655434,0.0019191954043296373,9625,0,0.9625,0.9625,0.9655747991200108,0.0018998355191963325
1,SD12MO_MAIN9,SD-12MO,MAIN9,"main reference nine (linear energy row, Table 5-1 verdicts in every state)","SD12MO_MAIN9:M1[relative,apply_to_dm=True]@alpha=0.05",M1_safety_margin,method,0.05,not_met,,,,300.0,,optimal;proven_infeasible,"no value of the declared grid met the validation screen (candidate statuses: optimal, proven_infeasible); a grid without a solution is not a statement about the whole decision space",False,,,,,,,,,,,,,,,,,,,,,,,,,,,,,,,,,,,,,,,,,,,,,,,,,,,,,,,,,,,
1,SD12MO_MAIN9,SD-12MO,MAIN9,"main reference nine (linear energy row, Table 5-1 verdicts in every state)","SD12MO_MAIN9:M1[relative,apply_to_dm=False]@alpha=0.05",M1_safety_margin,method,0.05,not_met,,,,300.0,,optimal;proven_infeasible,"no value of the declared grid met the validation screen (candidate statuses: optimal, proven_infeasible); a grid without a solution is not a statement about the whole decision space",False,,,,,,,,,,,,,,,,,,,,,,,,,,,,,,,,,,,,,,,,,,,,,,,,,,,,,,,,,,,
1,SD12MO_MAIN9,SD-12MO,MAIN9,"main reference nine (linear energy row, Table 5-1 verdicts in every state)",SD12MO_MAIN9:M2[N=128]@alpha=0.05,M2_joint_chance_saa,method,0.05,not_met,,,,300.0,,proven_infeasible,"SAA over the N training scenarios proven infeasible for every alpha_train of the declared grid (training scenarios only; not a population, field or whole-space statement)",False,,,,,,,,,,,,,,,,,,,,,,,,,,,,,,,,,,,,,,,,,,,,,,,,,,,,,,,,,,,
1,SD12MO_MAIN9,SD-12MO,MAIN9,"main reference nine (linear energy row, Table 5-1 verdicts in every state)",SD12MO_MAIN9:M2[N=512]@alpha=0.05,M2_joint_chance_saa,method,0.05,not_met,,,,300.0,,proven_infeasible,"SAA over the N training scenarios proven infeasible for every alpha_train of the declared grid (training scenarios only; not a population, field or whole-space statement)",False,,,,,,,,,,,,,,,,,,,,,,,,,,,,,,,,,,,,,,,,,,,,,,,,,,,,,,,,,,,
1,SD12MO_MAIN9,SD-12MO,MAIN9,"main reference nine (linear energy row, Table 5-1 verdicts in every state)",SD12MO_MAIN9:M2[N=1024]@alpha=0.05,M2_joint_chance_saa,method,0.05,not_met,,,,300.0,,proven_infeasible,"SAA over the N training scenarios proven infeasible for every alpha_train of the declared grid (training scenarios only; not a population, field or whole-space statement)",False,,,,,,,,,,,,,,,,,,,,,,,,,,,,,,,,,,,,,,,,,,,,,,,,,,,,,,,,,,,
1,SD12MO_MAIN9,SD-12MO,MAIN9,"main reference nine (linear energy row, Table 5-1 verdicts in every state)",SD12MO_MAIN9:M3a[factory box]@alpha=0.05,M3a_box_robust,method,0.05,not_met,,,,300.0,,proven_infeasible,no value of the declared grid met the validation screen (candidate statuses: proven_infeasible); a grid without a solution is not a statement about the whole decision space,False,,,,,,,,,,,,,,,,,,,,,,,,,,,,,,,,,,,,,,,,,,,,,,,,,,,,,,,,,,,
1,SD12MO_MAIN9,SD-12MO,MAIN9,"main reference nine (linear energy row, Table 5-1 verdicts in every state)",SD12MO_MAIN9:M3b[factory box]@alpha=0.05,M3b_budget_robust,method,0.05,not_met,,,,300.0,,optimal;proven_infeasible,"no value of the declared grid met the validation screen (candidate statuses: optimal, proven_infeasible); a grid without a solution is not a statement about the whole decision space",False,,,,,,,,,,,,,,,,,,,,,,,,,,,,,,,,,,,,,,,,,,,,,,,,,,,,,,,,,,,
1,SD12MO_MAIN9,SD-12MO,MAIN9,"main reference nine (linear energy row, Table 5-1 verdicts in every state)","SD12MO_MAIN9:M1[relative,apply_to_dm=True]@alpha=0.1",M1_safety_margin,method,0.1,not_met,,,,300.0,,optimal;proven_infeasible,"no value of the declared grid met the validation screen (candidate statuses: optimal, proven_infeasible); a grid without a solution is not a statement about the whole decision space",False,,,,,,,,,,,,,,,,,,,,,,,,,,,,,,,,,,,,,,,,,,,,,,,,,,,,,,,,,,,
1,SD12MO_MAIN9,SD-12MO,MAIN9,"main reference nine (linear energy row, Table 5-1 verdicts in every state)","SD12MO_MAIN9:M1[relative,apply_to_dm=False]@alpha=0.1",M1_safety_margin,method,0.1,not_met,,,,300.0,,optimal;proven_infeasible,"no value of the declared grid met the validation screen (candidate statuses: optimal, proven_infeasible); a grid without a solution is not a statement about the whole decision space",False,,,,,,,,,,,,,,,,,,,,,,,,,,,,,,,,,,,,,,,,,,,,,,,,,,,,,,,,,,,
1,SD12MO_MAIN9,SD-12MO,MAIN9,"main reference nine (linear energy row, Table 5-1 verdicts in every state)",SD12MO_MAIN9:M2[N=128]@alpha=0.1,M2_joint_chance_saa,method,0.1,not_met,,,,300.0,,proven_infeasible,"SAA over the N training scenarios proven infeasible for every alpha_train of the declared grid (training scenarios only; not a population, field or whole-space statement)",False,,,,,,,,,,,,,,,,,,,,,,,,,,,,,,,,,,,,,,,,,,,,,,,,,,,,,,,,,,,
1,SD12MO_MAIN9,SD-12MO,MAIN9,"main reference nine (linear energy row, Table 5-1 verdicts in every state)",SD12MO_MAIN9:M2[N=512]@alpha=0.1,M2_joint_chance_saa,method,0.1,not_met,,,,300.0,,proven_infeasible,"SAA over the N training scenarios proven infeasible for every alpha_train of the declared grid (training scenarios only; not a population, field or whole-space statement)",False,,,,,,,,,,,,,,,,,,,,,,,,,,,,,,,,,,,,,,,,,,,,,,,,,,,,,,,,,,,
1,SD12MO_MAIN9,SD-12MO,MAIN9,"main reference nine (linear energy row, Table 5-1 verdicts in every state)",SD12MO_MAIN9:M2[N=1024]@alpha=0.1,M2_joint_chance_saa,method,0.1,not_met,,,,300.0,,proven_infeasible,"SAA over the N training scenarios proven infeasible for every alpha_train of the declared grid (training scenarios only; not a population, field or whole-space statement)",False,,,,,,,,,,,,,,,,,,,,,,,,,,,,,,,,,,,,,,,,,,,,,,,,,,,,,,,,,,,
1,SD12MO_MAIN9,SD-12MO,MAIN9,"main reference nine (linear energy row, Table 5-1 verdicts in every state)",SD12MO_MAIN9:M3a[factory box]@alpha=0.1,M3a_box_robust,method,0.1,not_met,,,,300.0,,proven_infeasible,no value of the declared grid met the validation screen (candidate statuses: proven_infeasible); a grid without a solution is not a statement about the whole decision space,False,,,,,,,,,,,,,,,,,,,,,,,,,,,,,,,,,,,,,,,,,,,,,,,,,,,,,,,,,,,
1,SD12MO_MAIN9,SD-12MO,MAIN9,"main reference nine (linear energy row, Table 5-1 verdicts in every state)",SD12MO_MAIN9:M3b[factory box]@alpha=0.1,M3b_budget_robust,method,0.1,not_met,,,,300.0,,optimal;proven_infeasible,"no value of the declared grid met the validation screen (candidate statuses: optimal, proven_infeasible); a grid without a solution is not a statement about the whole decision space",False,,,,,,,,,,,,,,,,,,,,,,,,,,,,,,,,,,,,,,,,,,,,,,,,,,,,,,,,,,,
1,SD12MO_MAIN9,SD-12MO,MAIN9,"main reference nine (linear energy row, Table 5-1 verdicts in every state)","SD12MO_MAIN9:M1[relative,apply_to_dm=True]@alpha=0.01",M1_safety_margin,method,0.01,not_met,,,,300.0,,optimal;proven_infeasible,"no value of the declared grid met the validation screen (candidate statuses: optimal, proven_infeasible); a grid without a solution is not a statement about the whole decision space",False,,,,,,,,,,,,,,,,,,,,,,,,,,,,,,,,,,,,,,,,,,,,,,,,,,,,,,,,,,,
1,SD12MO_MAIN9,SD-12MO,MAIN9,"main reference nine (linear energy row, Table 5-1 verdicts in every state)","SD12MO_MAIN9:M1[relative,apply_to_dm=False]@alpha=0.01",M1_safety_margin,method,0.01,not_met,,,,300.0,,optimal;proven_infeasible,"no value of the declared grid met the validation screen (candidate statuses: optimal, proven_infeasible); a grid without a solution is not a statement about the whole decision space",False,,,,,,,,,,,,,,,,,,,,,,,,,,,,,,,,,,,,,,,,,,,,,,,,,,,,,,,,,,,
1,SD12MO_MAIN9,SD-12MO,MAIN9,"main reference nine (linear energy row, Table 5-1 verdicts in every state)",SD12MO_MAIN9:M2[N=128]@alpha=0.01,M2_joint_chance_saa,method,0.01,not_met,,,,300.0,,proven_infeasible,"SAA over the N training scenarios proven infeasible for every alpha_train of the declared grid (training scenarios only; not a population, field or whole-space statement)",False,,,,,,,,,,,,,,,,,,,,,,,,,,,,,,,,,,,,,,,,,,,,,,,,,,,,,,,,,,,
1,SD12MO_MAIN9,SD-12MO,MAIN9,"main reference nine (linear energy row, Table 5-1 verdicts in every state)",SD12MO_MAIN9:M2[N=512]@alpha=0.01,M2_joint_chance_saa,method,0.01,not_met,,,,300.0,,proven_infeasible,"SAA over the N training scenarios proven infeasible for every alpha_train of the declared grid (training scenarios only; not a population, field or whole-space statement)",False,,,,,,,,,,,,,,,,,,,,,,,,,,,,,,,,,,,,,,,,,,,,,,,,,,,,,,,,,,,
1,SD12MO_MAIN9,SD-12MO,MAIN9,"main reference nine (linear energy row, Table 5-1 verdicts in every state)",SD12MO_MAIN9:M2[N=1024]@alpha=0.01,M2_joint_chance_saa,method,0.01,not_met,,,,300.0,,proven_infeasible,"SAA over the N training scenarios proven infeasible for every alpha_train of the declared grid (training scenarios only; not a population, field or whole-space statement)",False,,,,,,,,,,,,,,,,,,,,,,,,,,,,,,,,,,,,,,,,,,,,,,,,,,,,,,,,,,,
1,SD12MO_MAIN9,SD-12MO,MAIN9,"main reference nine (linear energy row, Table 5-1 verdicts in every state)",SD12MO_MAIN9:M3a[factory box]@alpha=0.01,M3a_box_robust,method,0.01,not_met,,,,300.0,,proven_infeasible,no value of the declared grid met the validation screen (candidate statuses: proven_infeasible); a grid without a solution is not a statement about the whole decision space,False,,,,,,,,,,,,,,,,,,,,,,,,,,,,,,,,,,,,,,,,,,,,,,,,,,,,,,,,,,,
1,SD12MO_MAIN9,SD-12MO,MAIN9,"main reference nine (linear energy row, Table 5-1 verdicts in every state)",SD12MO_MAIN9:M3b[factory box]@alpha=0.01,M3b_budget_robust,method,0.01,not_met,,,,300.0,,optimal;proven_infeasible,"no value of the declared grid met the validation screen (candidate statuses: optimal, proven_infeasible); a grid without a solution is not a statement about the whole decision space",False,,,,,,,,,,,,,,,,,,,,,,,,,,,,,,,,,,,,,,,,,,,,,,,,,,,,,,,,,,,
1,SD12MO_MAIN9,SD-12MO,MAIN9,"main reference nine (linear energy row, Table 5-1 verdicts in every state)","SD12MO_MAIN9:DIAG-frontier:M2[N=128,alpha_train=m*/N=80/128]",M2_joint_chance_saa,diagnostic_frontier,,,,optimal,7.34202532891474e-05,300.0,10.538609461858869,,,True,SD-H0,False,10000,,,6780,2193,0.678,0.8973,0.9022572328120548,0.0030356664836572547,0.4677,2191,0.9199,0.9243240635231946,0.778,0.7782,0.7850231857112578,0.9165,0.9210101405601756,0.831,0.8371423377032732,0.811,0.9311,0.5107,0.51896930862218,0.7105,0.7,0.7075439383342306,0.8085,0.5584,0.5148,0.5153,83,516,5,T51-DGC-0.50,0.0,in_domain_conditional,T51-DGC-0.50=0.8973;T51-DGC-0.33=0.7782;T51-DGC-0.67=0.999;T51-CORNKERNEL-0.50=0.7782,1013,5,True,,,,,7780,2,0.778,0.7782,0.7850231857112578,0.004154572902236763,8109,1,0.8109,0.811,0.8174222429066066,0.00391508620594745
1,SD12MO_MAIN9,SD-12MO,MAIN9,"main reference nine (linear energy row, Table 5-1 verdicts in every state)","SD12MO_MAIN9:DIAG-frontier:M2[N=128,alpha_train=m*/N=80/128]",M2_joint_chance_saa,diagnostic_frontier,,,,optimal,7.34202532891474e-05,300.0,10.538609461858869,,,True,SD-S2,False,10000,,,5630,2868,0.563,0.8498,0.8556507161786882,0.003572673508732641,0.4886,2868,0.9257,0.9299716580363189,0.5734,0.5734,0.5815686072259727,0.8775,0.882861111644669,0.7568,0.763850770422218,0.6354,0.9361,0.0627,0.06683271483330915,0.5223,0.6245,0.6324876972444411,0.7257,0.7034,0.5427,0.5427,0,1607,0,T51-DGC-0.50,0.0,in_domain_conditional,T51-DGC-0.50=0.8498;T51-DGC-0.33=0.5734;T51-DGC-0.67=1;T51-CORNKERNEL-0.50=0.5734,1,0,True,,,,,5734,0,0.5734,0.5734,0.5815686072259727,0.004945830971636617,6354,0,0.6354,0.6354,0.6433370991733414,0.004813178160010286
1,SD12MO_MAIN9,SD-12MO,MAIN9,"main reference nine (linear energy row, Table 5-1 verdicts in every state)","SD12MO_MAIN9:DIAG-frontier:M2[N=128,alpha_train=m*/N=80/128]",M2_joint_chance_saa,diagnostic_frontier,,,,optimal,7.34202532891474e-05,300.0,10.538609461858869,,,True,SD-SRC14,False,10000,,,7006,1812,0.7006,0.8818,0.8870776571867012,0.0032284479243128573,0.4923,1809,0.9226,0.9269540207510164,0.7112,0.7115,0.7189560610593841,0.9159,0.9204250938276858,0.8572,0.8629274352705374,0.7979,0.9434,0.1554,0.16148320073349626,0.5826,0.7634,0.770383230075588,0.8007,0.6733,0.5339,0.5344,6,1398,5,T51-DGC-0.50,0.0,in_domain_conditional,T51-DGC-0.50=0.8818;T51-DGC-0.33=0.7115;T51-DGC-0.67=1;T51-CORNKERNEL-0.50=0.7115,278,5,True,,,,,7112,3,0.7112,0.7115,0.7189560610593841,0.004530648408340687,7977,2,0.7977,0.7979,0.8044904835306363,0.004015664204088783
1,SD12MO_MAIN9,SD-12MO,MAIN9,"main reference nine (linear energy row, Table 5-1 verdicts in every state)","SD12MO_MAIN9:DIAG-frontier:M2[N=128,alpha_train=m*/N=80/128]",M2_joint_chance_saa,diagnostic_frontier,,,,optimal,7.34202532891474e-05,300.0,10.538609461858869,,,True,SD-12MO,True,10000,0.6707,0.6784426918916143,5442,2950,0.5442,0.8392,0.8452187715287733,0.003673463760539908,0.4785,2950,0.8933,0.8983430453865839,0.5895,0.5895,0.597621418730194,0.8626,0.8682341724567049,0.6927,0.7002967769447832,0.6283,0.9037,0.2097,0.2165082714138703,0.569,0.5848,0.592936112819394,0.6707,0.6095,0.5237,0.5237,12,870,0,T51-DGC-0.50,0.0,in_domain_conditional,T51-DGC-0.50=0.8392;T51-DGC-0.33=0.5895;T51-DGC-0.67=1;T51-CORNKERNEL-0.50=0.5895,7,0,True,,,,,5895,0,0.5895,0.5895,0.597621418730194,0.004919245368956503,6283,0,0.6283,0.6283,0.6362705499247898,0.00483258843685245
1,SD12MO_MAIN9,SD-12MO,MAIN9,"main reference nine (linear energy row, Table 5-1 verdicts in every state)","SD12MO_MAIN9:DIAG-frontier:M2[N=128,alpha_train=m*/N=80/128]",M2_joint_chance_saa,diagnostic_frontier,,,,optimal,7.34202532891474e-05,300.0,10.538609461858869,,,True,SD-SRC12,False,10000,,,6834,1640,0.6834,0.8474,0.8532896235828867,0.003596015016653851,0.4819,1637,0.893,0.8980493897721915,0.7456,0.7459,0.7530573757932916,0.8883,0.893447177831024,0.845,0.8509280215652055,0.8093,0.9163,0.3752,0.38324012001267826,0.5843,0.7408,0.7480052062486979,0.8029,0.6013,0.5254,0.5259,143,900,5,T51-DGC-0.50,0.0,in_domain_conditional,T51-DGC-0.50=0.8474;T51-DGC-0.33=0.7459;T51-DGC-0.67=0.9989;T51-CORNKERNEL-0.50=0.7459,697,5,True,,,,,7456,3,0.7456,0.7459,0.7530573757932916,0.0043535409725877165,8092,1,0.8092,0.8093,0.8157447205648887,0.003928530386798606
1,SD12MO_MAIN9,SD-12MO,MAIN9,"main reference nine (linear energy row, Table 5-1 verdicts in every state)","SD12MO_MAIN9:DIAG-frontier:M2[N=512,alpha_train=m*/N=326/512]",M2_joint_chance_saa,diagnostic_frontier,,,,no_feasible_solution_found,,300.0,300.41492891218513,,solver status no_feasible_solution_found; not a statement about the whole decision space,False,,,,,,,,,,,,,,,,,,,,,,,,,,,,,,,,,,,,,,,,,,,,,,,,,,,,,,,,,,,
1,SD12MO_MAIN9,SD-12MO,MAIN9,"main reference nine (linear energy row, Table 5-1 verdicts in every state)","SD12MO_MAIN9:DIAG-frontier:M2[N=1024,alpha_train=m*/N=684/1024]",M2_joint_chance_saa,diagnostic_frontier,,,,no_feasible_solution_found,,300.0,301.3011995451525,,solver status no_feasible_solution_found; not a statement about the whole decision space,False,,,,,,,,,,,,,,,,,,,,,,,,,,,,,,,,,,,,,,,,,,,,,,,,,,,,,,,,,,,
1,SDSRC12_MAIN9,SD-SRC12,MAIN9,"main reference nine (linear energy row, Table 5-1 verdicts in every state)",SDSRC12_MAIN9:M0,M0_nominal,method,,,,optimal,,300.0,0.013451052829623222,,,True,SD-H0,False,10000,,,9300,305,0.93,0.9605,0.9636541602219267,0.0019478128760227452,0.1529,305,0.9632,0.9662464646917658,0.9581,0.9581,0.961346464886179,0.9607,0.9638463271117904,0.961,0.9641345353243143,0.9583,0.9634,0.8175,0.823834454518858,0.8234,0.8548,0.8605679784898334,0.9608,0.5087,0.5058,0.5063,220,246,5,T51-DGC-0.50,0.0,in_domain_conditional,T51-DGC-0.50=0.9605;T51-DGC-0.33=0.9581;T51-DGC-0.67=0.9991;T51-CORNKERNEL-0.50=0.9581,1013,5,True,,,alpha=0.01:False;alpha=0.05:False;alpha=0.1:False,alpha=0.01:False;alpha=0.05:False;alpha=0.1:False,9581,0,0.9581,0.9581,0.961346464886179,0.0020036064982925177,9583,0,0.9583,0.9583,0.9615388888469666,0.0019990275135675336
1,SDSRC12_MAIN9,SD-SRC12,MAIN9,"main reference nine (linear energy row, Table 5-1 verdicts in every state)",SDSRC12_MAIN9:M0,M0_nominal,method,,,,optimal,,300.0,0.013451052829623222,,,True,SD-S2,False,10000,,,9694,0,0.9694,0.9694,0.9721812486819963,0.001722313560301955,0.0,0,0.971,0.9737081004397543,0.9694,0.9694,0.9721812486819963,0.9694,0.9721812486819963,0.971,0.9737081004397543,0.9694,0.971,0.8284,0.8345804051931276,0.8284,0.8652,0.870788228612203,0.971,0.509,0.5051,0.5051,238,277,0,T51-DGC-0.50,0.0,in_domain_conditional,T51-DGC-0.50=0.9694;T51-DGC-0.33=0.9694;T51-DGC-0.67=1;T51-CORNKERNEL-0.50=0.9694,1,0,True,,,alpha=0.01:False;alpha=0.05:False;alpha=0.1:False,alpha=0.01:False;alpha=0.05:False;alpha=0.1:False,9694,0,0.9694,0.9694,0.9721812486819963,0.001722313560301955,9694,0,0.9694,0.9694,0.9721812486819963,0.001722313560301955
1,SDSRC12_MAIN9,SD-SRC12,MAIN9,"main reference nine (linear energy row, Table 5-1 verdicts in every state)",SDSRC12_MAIN9:M0,M0_nominal,method,,,,optimal,,300.0,0.013451052829623222,,,True,SD-SRC14,False,10000,,,9768,0,0.9768,0.9768,0.9792227188980074,0.0015053823434596275,0.0005,0,0.9787,0.9810210152298245,0.9768,0.9768,0.9792227188980074,0.9773,0.9796963998002676,0.9792,0.9814934550676363,0.9773,0.9792,0.8264,0.8326093344311881,0.8264,0.8733,0.878740540934262,0.9787,0.5044,0.5037,0.5042,301,307,5,T51-DGC-0.50,0.0,in_domain_conditional,T51-DGC-0.50=0.9768;T51-DGC-0.33=0.9768;T51-DGC-0.67=1;T51-CORNKERNEL-0.50=0.9768,278,5,True,,,alpha=0.01:False;alpha=0.05:False;alpha=0.1:False,alpha=0.01:False;alpha=0.05:False;alpha=0.1:False,9768,0,0.9768,0.9768,0.9792227188980074,0.0015053823434596275,9773,0,0.9773,0.9773,0.9796963998002676,0.0014894532553927314
1,SDSRC12_MAIN9,SD-SRC12,MAIN9,"main reference nine (linear energy row, Table 5-1 verdicts in every state)",SDSRC12_MAIN9:M0,M0_nominal,method,,,,optimal,,300.0,0.013451052829623222,,,True,SD-12MO,False,10000,,,9496,41,0.9496,0.9537,0.9571081935935097,0.0021013402865790206,0.0173,41,0.956,0.9593248037912234,0.9537,0.9537,0.9571081935935097,0.9537,0.9571081935935097,0.956,0.9593248037912234,0.9537,0.956,0.8047,0.8112045653123465,0.8047,0.8515,0.857322843074205,0.956,0.5072,0.5048,0.5048,219,243,0,T51-DGC-0.50,0.0,in_domain_conditional,T51-DGC-0.50=0.9537;T51-DGC-0.33=0.9537;T51-DGC-0.67=1;T51-CORNKERNEL-0.50=0.9537,7,0,True,,,alpha=0.01:False;alpha=0.05:False;alpha=0.1:False,alpha=0.01:False;alpha=0.05:False;alpha=0.1:False,9537,0,0.9537,0.9537,0.9571081935935097,0.0021013402865790206,9537,0,0.9537,0.9537,0.9571081935935097,0.0021013402865790206
1,SDSRC12_MAIN9,SD-SRC12,MAIN9,"main reference nine (linear energy row, Table 5-1 verdicts in every state)",SDSRC12_MAIN9:M0,M0_nominal,method,,,,optimal,,300.0,0.013451052829623222,,,True,SD-SRC12,True,10000,0.9657,0.9686427426457435,9524,97,0.9524,0.9621,0.9651908576717755,0.0019095441864486937,0.1117,97,0.9661,0.9690257623255237,0.9617,0.9617,0.964806821655434,0.9629,0.9659586445419045,0.9663,0.9692172306184176,0.9625,0.9667,0.793,0.799650568098113,0.7941,0.8704,0.8758942293025163,0.9657,0.5052,0.506,0.5065,422,412,5,T51-DGC-0.50,0.0,in_domain_conditional,T51-DGC-0.50=0.9621;T51-DGC-0.33=0.9617;T51-DGC-0.67=0.9982;T51-CORNKERNEL-0.50=0.9617,697,5,True,,,alpha=0.01:False;alpha=0.05:False;alpha=0.1:False,alpha=0.01:False;alpha=0.05:False;alpha=0.1:False,9617,0,0.9617,0.9617,0.964806821655434,0.0019191954043296373,9625,0,0.9625,0.9625,0.9655747991200108,0.0018998355191963325
1,SDSRC12_MAIN9,SD-SRC12,MAIN9,"main reference nine (linear energy row, Table 5-1 verdicts in every state)","SDSRC12_MAIN9:M1[relative,apply_to_dm=True]@alpha=0.05",M1_safety_margin,method,0.05,not_met,,,,300.0,,optimal;proven_infeasible,"no value of the declared grid met the validation screen (candidate statuses: optimal, proven_infeasible); a grid without a solution is not a statement about the whole decision space",False,,,,,,,,,,,,,,,,,,,,,,,,,,,,,,,,,,,,,,,,,,,,,,,,,,,,,,,,,,,
1,SDSRC12_MAIN9,SD-SRC12,MAIN9,"main reference nine (linear energy row, Table 5-1 verdicts in every state)","SDSRC12_MAIN9:M1[relative,apply_to_dm=False]@alpha=0.05",M1_safety_margin,method,0.05,not_met,,,,300.0,,optimal;proven_infeasible,"no value of the declared grid met the validation screen (candidate statuses: optimal, proven_infeasible); a grid without a solution is not a statement about the whole decision space",False,,,,,,,,,,,,,,,,,,,,,,,,,,,,,,,,,,,,,,,,,,,,,,,,,,,,,,,,,,,
1,SDSRC12_MAIN9,SD-SRC12,MAIN9,"main reference nine (linear energy row, Table 5-1 verdicts in every state)",SDSRC12_MAIN9:M2[N=128]@alpha=0.05,M2_joint_chance_saa,method,0.05,not_met,,,,300.0,,proven_infeasible,"SAA over the N training scenarios proven infeasible for every alpha_train of the declared grid (training scenarios only; not a population, field or whole-space statement)",False,,,,,,,,,,,,,,,,,,,,,,,,,,,,,,,,,,,,,,,,,,,,,,,,,,,,,,,,,,,
1,SDSRC12_MAIN9,SD-SRC12,MAIN9,"main reference nine (linear energy row, Table 5-1 verdicts in every state)",SDSRC12_MAIN9:M2[N=512]@alpha=0.05,M2_joint_chance_saa,method,0.05,not_met,,,,300.0,,proven_infeasible,"SAA over the N training scenarios proven infeasible for every alpha_train of the declared grid (training scenarios only; not a population, field or whole-space statement)",False,,,,,,,,,,,,,,,,,,,,,,,,,,,,,,,,,,,,,,,,,,,,,,,,,,,,,,,,,,,
1,SDSRC12_MAIN9,SD-SRC12,MAIN9,"main reference nine (linear energy row, Table 5-1 verdicts in every state)",SDSRC12_MAIN9:M2[N=1024]@alpha=0.05,M2_joint_chance_saa,method,0.05,not_met,,,,300.0,,proven_infeasible,"SAA over the N training scenarios proven infeasible for every alpha_train of the declared grid (training scenarios only; not a population, field or whole-space statement)",False,,,,,,,,,,,,,,,,,,,,,,,,,,,,,,,,,,,,,,,,,,,,,,,,,,,,,,,,,,,
1,SDSRC12_MAIN9,SD-SRC12,MAIN9,"main reference nine (linear energy row, Table 5-1 verdicts in every state)",SDSRC12_MAIN9:M3a[factory box]@alpha=0.05,M3a_box_robust,method,0.05,not_met,,,,300.0,,proven_infeasible,no value of the declared grid met the validation screen (candidate statuses: proven_infeasible); a grid without a solution is not a statement about the whole decision space,False,,,,,,,,,,,,,,,,,,,,,,,,,,,,,,,,,,,,,,,,,,,,,,,,,,,,,,,,,,,
1,SDSRC12_MAIN9,SD-SRC12,MAIN9,"main reference nine (linear energy row, Table 5-1 verdicts in every state)",SDSRC12_MAIN9:M3b[factory box]@alpha=0.05,M3b_budget_robust,method,0.05,not_met,,,,300.0,,optimal;proven_infeasible,"no value of the declared grid met the validation screen (candidate statuses: optimal, proven_infeasible); a grid without a solution is not a statement about the whole decision space",False,,,,,,,,,,,,,,,,,,,,,,,,,,,,,,,,,,,,,,,,,,,,,,,,,,,,,,,,,,,
1,SDSRC12_MAIN9,SD-SRC12,MAIN9,"main reference nine (linear energy row, Table 5-1 verdicts in every state)","SDSRC12_MAIN9:M1[relative,apply_to_dm=True]@alpha=0.1",M1_safety_margin,method,0.1,not_met,,,,300.0,,optimal;proven_infeasible,"no value of the declared grid met the validation screen (candidate statuses: optimal, proven_infeasible); a grid without a solution is not a statement about the whole decision space",False,,,,,,,,,,,,,,,,,,,,,,,,,,,,,,,,,,,,,,,,,,,,,,,,,,,,,,,,,,,
1,SDSRC12_MAIN9,SD-SRC12,MAIN9,"main reference nine (linear energy row, Table 5-1 verdicts in every state)","SDSRC12_MAIN9:M1[relative,apply_to_dm=False]@alpha=0.1",M1_safety_margin,method,0.1,not_met,,,,300.0,,optimal;proven_infeasible,"no value of the declared grid met the validation screen (candidate statuses: optimal, proven_infeasible); a grid without a solution is not a statement about the whole decision space",False,,,,,,,,,,,,,,,,,,,,,,,,,,,,,,,,,,,,,,,,,,,,,,,,,,,,,,,,,,,
1,SDSRC12_MAIN9,SD-SRC12,MAIN9,"main reference nine (linear energy row, Table 5-1 verdicts in every state)",SDSRC12_MAIN9:M2[N=128]@alpha=0.1,M2_joint_chance_saa,method,0.1,not_met,,,,300.0,,proven_infeasible,"SAA over the N training scenarios proven infeasible for every alpha_train of the declared grid (training scenarios only; not a population, field or whole-space statement)",False,,,,,,,,,,,,,,,,,,,,,,,,,,,,,,,,,,,,,,,,,,,,,,,,,,,,,,,,,,,
1,SDSRC12_MAIN9,SD-SRC12,MAIN9,"main reference nine (linear energy row, Table 5-1 verdicts in every state)",SDSRC12_MAIN9:M2[N=512]@alpha=0.1,M2_joint_chance_saa,method,0.1,not_met,,,,300.0,,proven_infeasible,"SAA over the N training scenarios proven infeasible for every alpha_train of the declared grid (training scenarios only; not a population, field or whole-space statement)",False,,,,,,,,,,,,,,,,,,,,,,,,,,,,,,,,,,,,,,,,,,,,,,,,,,,,,,,,,,,
1,SDSRC12_MAIN9,SD-SRC12,MAIN9,"main reference nine (linear energy row, Table 5-1 verdicts in every state)",SDSRC12_MAIN9:M2[N=1024]@alpha=0.1,M2_joint_chance_saa,method,0.1,not_met,,,,300.0,,proven_infeasible,"SAA over the N training scenarios proven infeasible for every alpha_train of the declared grid (training scenarios only; not a population, field or whole-space statement)",False,,,,,,,,,,,,,,,,,,,,,,,,,,,,,,,,,,,,,,,,,,,,,,,,,,,,,,,,,,,
1,SDSRC12_MAIN9,SD-SRC12,MAIN9,"main reference nine (linear energy row, Table 5-1 verdicts in every state)",SDSRC12_MAIN9:M3a[factory box]@alpha=0.1,M3a_box_robust,method,0.1,not_met,,,,300.0,,proven_infeasible,no value of the declared grid met the validation screen (candidate statuses: proven_infeasible); a grid without a solution is not a statement about the whole decision space,False,,,,,,,,,,,,,,,,,,,,,,,,,,,,,,,,,,,,,,,,,,,,,,,,,,,,,,,,,,,
1,SDSRC12_MAIN9,SD-SRC12,MAIN9,"main reference nine (linear energy row, Table 5-1 verdicts in every state)",SDSRC12_MAIN9:M3b[factory box]@alpha=0.1,M3b_budget_robust,method,0.1,not_met,,,,300.0,,optimal;proven_infeasible,"no value of the declared grid met the validation screen (candidate statuses: optimal, proven_infeasible); a grid without a solution is not a statement about the whole decision space",False,,,,,,,,,,,,,,,,,,,,,,,,,,,,,,,,,,,,,,,,,,,,,,,,,,,,,,,,,,,
1,SDSRC12_MAIN9,SD-SRC12,MAIN9,"main reference nine (linear energy row, Table 5-1 verdicts in every state)","SDSRC12_MAIN9:M1[relative,apply_to_dm=True]@alpha=0.01",M1_safety_margin,method,0.01,not_met,,,,300.0,,optimal;proven_infeasible,"no value of the declared grid met the validation screen (candidate statuses: optimal, proven_infeasible); a grid without a solution is not a statement about the whole decision space",False,,,,,,,,,,,,,,,,,,,,,,,,,,,,,,,,,,,,,,,,,,,,,,,,,,,,,,,,,,,
1,SDSRC12_MAIN9,SD-SRC12,MAIN9,"main reference nine (linear energy row, Table 5-1 verdicts in every state)","SDSRC12_MAIN9:M1[relative,apply_to_dm=False]@alpha=0.01",M1_safety_margin,method,0.01,not_met,,,,300.0,,optimal;proven_infeasible,"no value of the declared grid met the validation screen (candidate statuses: optimal, proven_infeasible); a grid without a solution is not a statement about the whole decision space",False,,,,,,,,,,,,,,,,,,,,,,,,,,,,,,,,,,,,,,,,,,,,,,,,,,,,,,,,,,,
1,SDSRC12_MAIN9,SD-SRC12,MAIN9,"main reference nine (linear energy row, Table 5-1 verdicts in every state)",SDSRC12_MAIN9:M2[N=128]@alpha=0.01,M2_joint_chance_saa,method,0.01,not_met,,,,300.0,,proven_infeasible,"SAA over the N training scenarios proven infeasible for every alpha_train of the declared grid (training scenarios only; not a population, field or whole-space statement)",False,,,,,,,,,,,,,,,,,,,,,,,,,,,,,,,,,,,,,,,,,,,,,,,,,,,,,,,,,,,
1,SDSRC12_MAIN9,SD-SRC12,MAIN9,"main reference nine (linear energy row, Table 5-1 verdicts in every state)",SDSRC12_MAIN9:M2[N=512]@alpha=0.01,M2_joint_chance_saa,method,0.01,not_met,,,,300.0,,proven_infeasible,"SAA over the N training scenarios proven infeasible for every alpha_train of the declared grid (training scenarios only; not a population, field or whole-space statement)",False,,,,,,,,,,,,,,,,,,,,,,,,,,,,,,,,,,,,,,,,,,,,,,,,,,,,,,,,,,,
1,SDSRC12_MAIN9,SD-SRC12,MAIN9,"main reference nine (linear energy row, Table 5-1 verdicts in every state)",SDSRC12_MAIN9:M2[N=1024]@alpha=0.01,M2_joint_chance_saa,method,0.01,not_met,,,,300.0,,proven_infeasible,"SAA over the N training scenarios proven infeasible for every alpha_train of the declared grid (training scenarios only; not a population, field or whole-space statement)",False,,,,,,,,,,,,,,,,,,,,,,,,,,,,,,,,,,,,,,,,,,,,,,,,,,,,,,,,,,,
1,SDSRC12_MAIN9,SD-SRC12,MAIN9,"main reference nine (linear energy row, Table 5-1 verdicts in every state)",SDSRC12_MAIN9:M3a[factory box]@alpha=0.01,M3a_box_robust,method,0.01,not_met,,,,300.0,,proven_infeasible,no value of the declared grid met the validation screen (candidate statuses: proven_infeasible); a grid without a solution is not a statement about the whole decision space,False,,,,,,,,,,,,,,,,,,,,,,,,,,,,,,,,,,,,,,,,,,,,,,,,,,,,,,,,,,,
1,SDSRC12_MAIN9,SD-SRC12,MAIN9,"main reference nine (linear energy row, Table 5-1 verdicts in every state)",SDSRC12_MAIN9:M3b[factory box]@alpha=0.01,M3b_budget_robust,method,0.01,not_met,,,,300.0,,optimal;proven_infeasible,"no value of the declared grid met the validation screen (candidate statuses: optimal, proven_infeasible); a grid without a solution is not a statement about the whole decision space",False,,,,,,,,,,,,,,,,,,,,,,,,,,,,,,,,,,,,,,,,,,,,,,,,,,,,,,,,,,,
1,SDSRC12_MAIN9,SD-SRC12,MAIN9,"main reference nine (linear energy row, Table 5-1 verdicts in every state)","SDSRC12_MAIN9:DIAG-frontier:M2[N=128,alpha_train=m*/N=90/128]",M2_joint_chance_saa,diagnostic_frontier,,,,optimal,0.0,300.0,32.71458022808656,,,True,SD-H0,False,10000,,,5839,2753,0.5839,0.8592,0.8648932272113705,0.0034781512330547106,0.4554,2751,0.8876,0.8927614893098582,0.7264,0.7266,0.7339317577954996,0.8912,0.8962871945163652,0.7949,0.8015274483905698,0.7743,0.9077,0.5225,0.5307603211920209,0.6929,0.6262,0.634180090896415,0.7604,0.5507,0.5196,0.5201,114,422,5,T51-DGC-0.50,0.0,in_domain_conditional,T51-DGC-0.50=0.8592;T51-DGC-0.33=0.7266;T51-DGC-0.67=0.9985;T51-CORNKERNEL-0.50=0.7266,1013,5,True,,,,,7264,2,0.7264,0.7266,0.7339317577954996,0.004457044312097424,7742,1,0.7742,0.7743,0.7811665432348325,0.004180424739186199
1,SDSRC12_MAIN9,SD-SRC12,MAIN9,"main reference nine (linear energy row, Table 5-1 verdicts in every state)","SDSRC12_MAIN9:DIAG-frontier:M2[N=128,alpha_train=m*/N=90/128]",M2_joint_chance_saa,diagnostic_frontier,,,,optimal,0.0,300.0,32.71458022808656,,,True,SD-S2,False,10000,,,5612,2666,0.5612,0.8278,0.8339891159974506,0.0037755418154219933,0.4346,2666,0.8938,0.8988324434345507,0.569,0.569,0.5771799650061185,0.8686,0.8741270922494759,0.7346,0.7418616433551871,0.6557,0.9149,0.0441,0.04762695025428839,0.4587,0.6481,0.6559726125424271,0.6781,0.6681,0.5582,0.5582,4,1103,0,T51-DGC-0.50,0.0,in_domain_conditional,T51-DGC-0.50=0.8278;T51-DGC-0.33=0.569;T51-DGC-0.67=1;T51-CORNKERNEL-0.50=0.569,1,0,True,,,,,5690,0,0.569,0.569,0.5771799650061185,0.004952161144389387,6557,0,0.6557,0.6557,0.6635311191025772,0.004751394637367012
1,SDSRC12_MAIN9,SD-SRC12,MAIN9,"main reference nine (linear energy row, Table 5-1 verdicts in every state)","SDSRC12_MAIN9:DIAG-frontier:M2[N=128,alpha_train=m*/N=90/128]",M2_joint_chance_saa,diagnostic_frontier,,,,optimal,0.0,300.0,32.71458022808656,,,True,SD-SRC14,False,10000,,,6099,2223,0.6099,0.8322,0.8383245905232175,0.003736885869276716,0.4497,2220,0.8746,0.8800161703032079,0.6221,0.6224,0.6303969488835892,0.8885,0.8936430770173396,0.808,0.8144617769988007,0.753,0.9157,0.1323,0.13800231378692276,0.5301,0.7175,0.7249079034323926,0.7079,0.6442,0.5496,0.5501,40,984,5,T51-DGC-0.50,0.0,in_domain_conditional,T51-DGC-0.50=0.8322;T51-DGC-0.33=0.6224;T51-DGC-0.67=1;T51-CORNKERNEL-0.50=0.6224,278,5,True,,,,,6221,3,0.6221,0.6224,0.6303969488835892,0.004847867985001242,7529,1,0.7529,0.753,0.7600886241320327,0.004312667388055796
1,SDSRC12_MAIN9,SD-SRC12,MAIN9,"main reference nine (linear energy row, Table 5-1 verdicts in every state)","SDSRC12_MAIN9:DIAG-frontier:M2[N=128,alpha_train=m*/N=90/128]",M2_joint_chance_saa,diagnostic_frontier,,,,optimal,0.0,300.0,32.71458022808656,,,True,SD-12MO,False,10000,,,5366,2893,0.5366,0.8259,0.8321165192793545,0.0037919545092208054,0.453,2893,0.873,0.8784461380175982,0.6003,0.6003,0.6083847558522784,0.8584,0.8641069569621553,0.6971,0.7046651990158643,0.6535,0.8909,0.2181,0.2250028382660199,0.5307,0.595,0.6031032543868078,0.6617,0.5913,0.5328,0.5328,47,632,0,T51-DGC-0.50,0.0,in_domain_conditional,T51-DGC-0.50=0.8259;T51-DGC-0.33=0.6003;T51-DGC-0.67=1;T51-CORNKERNEL-0.50=0.6003,7,0,True,,,,,6003,0,0.6003,0.6003,0.6083847558522784,0.004898366156179017,6535,0,0.6535,0.6535,0.6613433565415867,0.004758547572526727
1,SDSRC12_MAIN9,SD-SRC12,MAIN9,"main reference nine (linear energy row, Table 5-1 verdicts in every state)","SDSRC12_MAIN9:DIAG-frontier:M2[N=128,alpha_train=m*/N=90/128]",M2_joint_chance_saa,diagnostic_frontier,,,,optimal,0.0,300.0,32.71458022808656,,,True,SD-SRC12,True,10000,0.7402,0.747410749316004,5827,2080,0.5827,0.7907,0.797378256681335,0.004068089354967513,0.4688,2077,0.8445,0.8504359579274499,0.6762,0.6765,0.6842061267958319,0.8566,0.8623376224797229,0.8069,0.8133761204969343,0.7708,0.8863,0.3837,0.39177301636315176,0.5625,0.6816,0.6892728590016572,0.7402,0.587,0.5331,0.5336,196,733,5,T51-DGC-0.50,0.0,in_domain_conditional,T51-DGC-0.50=0.7907;T51-DGC-0.33=0.6765;T51-DGC-0.67=0.9979;T51-CORNKERNEL-0.50=0.6765,697,5,True,,,,,6762,3,0.6762,0.6765,0.6842061267958319,0.004678116608208906,7707,1,0.7707,0.7708,0.7777047244385382,0.004203181652034563
1,SDSRC12_MAIN9,SD-SRC12,MAIN9,"main reference nine (linear energy row, Table 5-1 verdicts in every state)","SDSRC12_MAIN9:DIAG-frontier:M2[N=512,alpha_train=m*/N=375/512]",M2_joint_chance_saa,diagnostic_frontier,,,,no_feasible_solution_found,,300.0,300.445276082959,,solver status no_feasible_solution_found; not a statement about the whole decision space,False,,,,,,,,,,,,,,,,,,,,,,,,,,,,,,,,,,,,,,,,,,,,,,,,,,,,,,,,,,,
1,SDSRC12_MAIN9,SD-SRC12,MAIN9,"main reference nine (linear energy row, Table 5-1 verdicts in every state)","SDSRC12_MAIN9:DIAG-frontier:M2[N=1024,alpha_train=m*/N=783/1024]",M2_joint_chance_saa,diagnostic_frontier,,,,no_feasible_solution_found,,300.0,301.3643900868483,,solver status no_feasible_solution_found; not a statement about the whole decision space,False,,,,,,,,,,,,,,,,,,,,,,,,,,,,,,,,,,,,,,,,,,,,,,,,,,,,,,,,,,,
