identity,policy,k,n,target,integer_tail_pass
dev_case_v3c__SD-H0__C0__trainr0,Q2_safe_delta,137,20000,0.01,True
dev_case_v3c__SD-H0__C0__trainr0,Q3_delta,209,20000,0.01,False
dev_case_v3c__SD-H0__C1_Table6_matched__trainr0,Q2_safe_delta,131,20000,0.01,True
dev_case_v3c__SD-H0__C1_Table6_matched__trainr0,Q3_delta,211,20000,0.01,False
dev_case_v3c__SD-H0__C2_Corn4D_author__trainr0,Q2_safe_delta,133,20000,0.01,True
dev_case_v3c__SD-H0__C2_Corn4D_author__trainr0,Q3_delta,206,20000,0.01,False
dev_case_v3c__SD-H0__C0__trainr1,Q2_safe_delta,165,20000,0.01,False
dev_case_v3c__SD-H0__C0__trainr1,Q3_delta,308,20000,0.01,False
dev_case_v3c__SD-H0__C1_Table6_matched__trainr1,Q2_safe_delta,151,20000,0.01,False
dev_case_v3c__SD-H0__C1_Table6_matched__trainr1,Q3_delta,273,20000,0.01,False
dev_case_v3c__SD-H0__C2_Corn4D_author__trainr1,Q2_safe_delta,128,20000,0.01,True
dev_case_v3c__SD-H0__C2_Corn4D_author__trainr1,Q3_delta,250,20000,0.01,False
dev_case_v3c__SD-H0__C0__trainr2,Q2_safe_delta,130,20000,0.01,True
dev_case_v3c__SD-H0__C0__trainr2,Q3_delta,239,20000,0.01,False
dev_case_v3c__SD-H0__C1_Table6_matched__trainr2,Q2_safe_delta,122,20000,0.01,True
dev_case_v3c__SD-H0__C1_Table6_matched__trainr2,Q3_delta,216,20000,0.01,False
dev_case_v3c__SD-H0__C2_Corn4D_author__trainr2,Q2_safe_delta,104,20000,0.01,True
dev_case_v3c__SD-H0__C2_Corn4D_author__trainr2,Q3_delta,185,20000,0.01,False
