case,training_root_index,world,source_structure,policy,comparator,n,policy_only_failure,comparator_only_failure,difference,delta_pp,adjusted_lower,adjusted_upper,adjusted_lower_pp,adjusted_upper_pp,direction,analysis_status,confidence_family
R0,0,TAB,C0,new_trainingbest_static,oldQ3_delta,20000,639,4280,-0.18205,-18.205,-0.20147038460673938,-0.1623516080186215,-20.14703846067394,-16.23516080186215,improved,registered_formal,continuous_paired_alpha0p05_bound10000
R0,0,TAB,C0,new_delta,oldQ3_delta,20000,462,4090,-0.1814,-18.14,-0.19974225402887016,-0.16278004521622222,-19.974225402887015,-16.278004521622222,improved,registered_formal,continuous_paired_alpha0p05_bound10000
R0,0,TAB,C0,new_delta,new_trainingbest_static,20000,321,308,0.00065,0.065,-0.0076980721147253215,0.008996976737379531,-0.7698072114725322,0.8996976737379531,unresolved,registered_formal,continuous_paired_alpha0p05_bound10000
R0,0,TAB,C0,legaloldQ3_delta,oldQ3_delta,20000,0,0,0.0,0.0,-0.0006793874620915982,0.0006793874620915982,-0.06793874620915982,0.06793874620915982,unresolved,registered_formal,continuous_paired_alpha0p05_bound10000
R0,0,TAB,C0,new_delta,legaloldQ3_delta,20000,462,4090,-0.1814,-18.14,-0.19974225402887016,-0.16278004521622222,-19.974225402887015,-16.278004521622222,improved,registered_formal,continuous_paired_alpha0p05_bound10000
R0,1,TAB,C0,new_trainingbest_static,oldQ3_delta,20000,651,4206,-0.17775,-17.775,-0.19713979674725768,-0.15808875264416236,-19.713979674725767,-15.808875264416237,improved,registered_formal,continuous_paired_alpha0p05_bound10000
R0,1,TAB,C0,new_delta,oldQ3_delta,20000,449,4027,-0.1789,-17.89,-0.19709761300204806,-0.16042841352339451,-19.709761300204807,-16.04284135233945,improved,registered_formal,continuous_paired_alpha0p05_bound10000
R0,1,TAB,C0,new_delta,new_trainingbest_static,20000,292,315,-0.00115,-0.115,-0.009352006795219825,0.007053954744339223,-0.9352006795219825,0.7053954744339224,unresolved,registered_formal,continuous_paired_alpha0p05_bound10000
R0,1,TAB,C0,legaloldQ3_delta,oldQ3_delta,20000,0,0,0.0,0.0,-0.0006793874620915982,0.0006793874620915982,-0.06793874620915982,0.06793874620915982,unresolved,registered_formal,continuous_paired_alpha0p05_bound10000
R0,1,TAB,C0,new_delta,legaloldQ3_delta,20000,449,4027,-0.1789,-17.89,-0.19709761300204806,-0.16042841352339451,-19.709761300204807,-16.04284135233945,improved,registered_formal,continuous_paired_alpha0p05_bound10000
R0,2,TAB,C0,new_trainingbest_static,oldQ3_delta,20000,609,4374,-0.18825,-18.825,-0.20763890399494106,-0.16857359269930283,-20.763890399494105,-16.857359269930285,improved,registered_formal,continuous_paired_alpha0p05_bound10000
R0,2,TAB,C0,new_delta,oldQ3_delta,20000,434,4139,-0.18525,-18.525,-0.2034984538391341,-0.1667178633729892,-20.349845383913408,-16.67178633729892,improved,registered_formal,continuous_paired_alpha0p05_bound10000
R0,2,TAB,C0,new_delta,new_trainingbest_static,20000,384,324,0.003,0.3,-0.005837092725542619,0.011832112933122474,-0.583709272554262,1.1832112933122474,unresolved,registered_formal,continuous_paired_alpha0p05_bound10000
R0,2,TAB,C0,legaloldQ3_delta,oldQ3_delta,20000,0,0,0.0,0.0,-0.0006793874620915982,0.0006793874620915982,-0.06793874620915982,0.06793874620915982,unresolved,registered_formal,continuous_paired_alpha0p05_bound10000
R0,2,TAB,C0,new_delta,legaloldQ3_delta,20000,434,4139,-0.18525,-18.525,-0.2034984538391341,-0.1667178633729892,-20.349845383913408,-16.67178633729892,improved,registered_formal,continuous_paired_alpha0p05_bound10000
B,0,TAB,C0,new_trainingbest_static,oldQ3_delta,20000,189,5948,-0.28795,-28.795,-0.3062243208476855,-0.26923404445230054,-30.62243208476855,-26.923404445230055,improved,registered_formal,continuous_paired_alpha0p05_bound10000
B,0,TAB,C0,new_delta,oldQ3_delta,20000,170,5893,-0.28615,-28.615,-0.30422059789968303,-0.2676401486649841,-30.4220597899683,-26.76401486649841,improved,registered_formal,continuous_paired_alpha0p05_bound10000
B,0,TAB,C0,new_delta,new_trainingbest_static,20000,221,185,0.0018,0.18,-0.004938362382030792,0.008535077981174873,-0.49383623820307926,0.8535077981174872,unresolved,registered_formal,continuous_paired_alpha0p05_bound10000
B,0,TAB,C0,legaloldQ3_delta,oldQ3_delta,20000,0,0,0.0,0.0,-0.0006793874620915982,0.0006793874620915982,-0.06793874620915982,0.06793874620915982,unresolved,registered_formal,continuous_paired_alpha0p05_bound10000
B,0,TAB,C0,new_delta,legaloldQ3_delta,20000,170,5893,-0.28615,-28.615,-0.30422059789968303,-0.2676401486649841,-30.4220597899683,-26.76401486649841,improved,registered_formal,continuous_paired_alpha0p05_bound10000
B,1,TAB,C0,new_trainingbest_static,oldQ3_delta,20000,195,5997,-0.2901,-29.01,-0.3084586435792351,-0.2712965645185942,-30.845864357923507,-27.129656451859418,improved,registered_formal,continuous_paired_alpha0p05_bound10000
B,1,TAB,C0,new_delta,oldQ3_delta,20000,184,5896,-0.2856,-28.56,-0.30379510385878883,-0.26696673505342616,-30.379510385878884,-26.696673505342616,improved,registered_formal,continuous_paired_alpha0p05_bound10000
B,1,TAB,C0,new_delta,new_trainingbest_static,20000,233,143,0.0045,0.45,-0.0019524507740348758,0.010944051471981764,-0.19524507740348757,1.0944051471981764,unresolved,registered_formal,continuous_paired_alpha0p05_bound10000
B,1,TAB,C0,legaloldQ3_delta,oldQ3_delta,20000,0,0,0.0,0.0,-0.0006793874620915982,0.0006793874620915982,-0.06793874620915982,0.06793874620915982,unresolved,registered_formal,continuous_paired_alpha0p05_bound10000
B,1,TAB,C0,new_delta,legaloldQ3_delta,20000,184,5896,-0.2856,-28.56,-0.30379510385878883,-0.26696673505342616,-30.379510385878884,-26.696673505342616,improved,registered_formal,continuous_paired_alpha0p05_bound10000
B,2,TAB,C0,new_trainingbest_static,oldQ3_delta,20000,153,6011,-0.2929,-29.29,-0.3108973388904484,-0.27445282740625127,-31.08973388904484,-27.445282740625128,improved,registered_formal,continuous_paired_alpha0p05_bound10000
B,2,TAB,C0,new_delta,oldQ3_delta,20000,150,5866,-0.2858,-28.58,-0.3036672425000496,-0.26749361135528515,-30.36672425000496,-26.749361135528517,improved,registered_formal,continuous_paired_alpha0p05_bound10000
B,2,TAB,C0,new_delta,new_trainingbest_static,20000,352,210,0.0071,0.71,-0.0007432293733884345,0.014931012792676224,-0.07432293733884346,1.4931012792676224,unresolved,registered_formal,continuous_paired_alpha0p05_bound10000
B,2,TAB,C0,legaloldQ3_delta,oldQ3_delta,20000,0,0,0.0,0.0,-0.0006793874620915982,0.0006793874620915982,-0.06793874620915982,0.06793874620915982,unresolved,registered_formal,continuous_paired_alpha0p05_bound10000
B,2,TAB,C0,new_delta,legaloldQ3_delta,20000,150,5866,-0.2858,-28.58,-0.3036672425000496,-0.26749361135528515,-30.36672425000496,-26.749361135528517,improved,registered_formal,continuous_paired_alpha0p05_bound10000
