identity,case,target,root,policy,n,k,known,unknown,risk,adjusted_upper,actions,qualified_targets,energy_evaluation_fraction,energy_evaluation_seconds
dev_case_v3a__SD-H0__C0__trainr0,A,C0,0,Q2_safe_delta,20000,428,428,0,0.0214,0.02627130033236738,599,0.05;0.1;0.2,0.4938656093489149,26.511302625003736
dev_case_v3a__SD-H0__C0__trainr0,A,C0,0,Q3_delta,20000,518,513,5,0.0259,0.031208471246234694,24,0.05;0.1;0.2,0.4938656093489149,26.511302625003736
dev_case_v3a__SD-H0__C1_Table6_matched__trainr0,A,C1_Table6_matched,0,Q2_safe_delta,20000,409,409,0,0.02045,0.025222848775531475,599,0.05;0.1;0.2,0.49321519198664443,27.888070165994577
dev_case_v3a__SD-H0__C1_Table6_matched__trainr0,A,C1_Table6_matched,0,Q3_delta,20000,506,499,7,0.0253,0.0305526943019955,24,0.05;0.1;0.2,0.49321519198664443,27.888070165994577
dev_case_v3a__SD-H0__C2_Corn4D_author__trainr0,A,C2_Corn4D_author,0,Q2_safe_delta,20000,353,353,0,0.01765,0.022117600535166673,599,0.05;0.1;0.2,0.493113856427379,27.70309237499896
dev_case_v3a__SD-H0__C2_Corn4D_author__trainr0,A,C2_Corn4D_author,0,Q3_delta,20000,430,422,8,0.0215,0.026381526493627353,24,0.05;0.1;0.2,0.493113856427379,27.70309237499896
dev_case_v3a__SD-H0__C0__trainr1,A,C0,1,Q2_safe_delta,20000,407,407,0,0.02035,0.025112344568333455,599,0.05;0.1;0.2,0.5011070951585976,26.312442083013593
dev_case_v3a__SD-H0__C0__trainr1,A,C0,1,Q3_delta,20000,516,512,4,0.0258,0.031099224211205312,21,0.05;0.1;0.2,0.5011070951585976,26.312442083013593
dev_case_v3a__SD-H0__C1_Table6_matched__trainr1,A,C1_Table6_matched,1,Q2_safe_delta,20000,396,396,0,0.0198,0.024504073178322754,599,0.05;0.1;0.2,0.4971464106844741,27.44157116599672
dev_case_v3a__SD-H0__C1_Table6_matched__trainr1,A,C1_Table6_matched,1,Q3_delta,20000,523,517,6,0.02615,0.031481504235371556,21,0.05;0.1;0.2,0.4971464106844741,27.44157116599672
dev_case_v3a__SD-H0__C2_Corn4D_author__trainr1,A,C2_Corn4D_author,1,Q2_safe_delta,20000,359,359,0,0.01795,0.022451479792999184,599,0.05;0.1;0.2,0.49452838063439064,31.445354208000936
dev_case_v3a__SD-H0__C2_Corn4D_author__trainr1,A,C2_Corn4D_author,1,Q3_delta,20000,444,437,7,0.0222,0.027152406740183675,21,0.05;0.1;0.2,0.49452838063439064,31.445354208000936
dev_case_v3a__SD-H0__C0__trainr2,A,C0,2,Q2_safe_delta,20000,431,431,0,0.02155,0.026436630022705694,599,0.05;0.1;0.2,0.4857763772954925,26.37235745799262
dev_case_v3a__SD-H0__C0__trainr2,A,C0,2,Q3_delta,20000,547,538,9,0.02735,0.03279042746193045,18,0.05;0.1;0.2,0.4857763772954925,26.37235745799262
dev_case_v3a__SD-H0__C1_Table6_matched__trainr2,A,C1_Table6_matched,2,Q2_safe_delta,20000,405,405,0,0.02025,0.025001812789411663,599,0.05;0.1;0.2,0.489571285475793,27.361387500001
dev_case_v3a__SD-H0__C1_Table6_matched__trainr2,A,C1_Table6_matched,2,Q3_delta,20000,511,497,14,0.02555,0.03082602106702986,18,0.05;0.1;0.2,0.489571285475793,27.361387500001
dev_case_v3a__SD-H0__C2_Corn4D_author__trainr2,A,C2_Corn4D_author,2,Q2_safe_delta,20000,397,397,0,0.01985,0.024559405930409766,599,0.05;0.1;0.2,0.4893126043405676,40.19512445900182
dev_case_v3a__SD-H0__C2_Corn4D_author__trainr2,A,C2_Corn4D_author,2,Q3_delta,20000,489,477,12,0.02445,0.029622434250625624,18,0.05;0.1;0.2,0.4893126043405676,40.19512445900182
dev_case_v3c__SD-H0__C0__trainr0,C,C0,0,Q2_safe_delta,20000,137,137,0,0.00685,0.009794499539603803,978,0.01;0.02;0.05;0.1;0.2,0.47730311860940694,44.519505458010826
dev_case_v3c__SD-H0__C0__trainr0,C,C0,0,Q3_delta,20000,209,205,4,0.01045,0.01398900201318671,13,0.02;0.05;0.1;0.2,0.47730311860940694,44.519505458010826
dev_case_v3c__SD-H0__C1_Table6_matched__trainr0,C,C1_Table6_matched,0,Q2_safe_delta,20000,131,131,0,0.00655,0.00943839194200371,978,0.01;0.02;0.05;0.1;0.2,0.4812633946830266,66.11494258299354
dev_case_v3c__SD-H0__C1_Table6_matched__trainr0,C,C1_Table6_matched,0,Q3_delta,20000,211,199,12,0.01055,0.014103871381325093,13,0.02;0.05;0.1;0.2,0.4812633946830266,66.11494258299354
dev_case_v3c__SD-H0__C2_Corn4D_author__trainr0,C,C2_Corn4D_author,0,Q2_safe_delta,20000,133,133,0,0.00665,0.00955723635206106,978,0.01;0.02;0.05;0.1;0.2,0.4816941206543967,47.63702495799225
dev_case_v3c__SD-H0__C2_Corn4D_author__trainr0,C,C2_Corn4D_author,0,Q3_delta,20000,206,200,6,0.0103,0.013816559987536512,13,0.02;0.05;0.1;0.2,0.4816941206543967,47.63702495799225
dev_case_v3c__SD-H0__C0__trainr1,C,C0,1,Q2_safe_delta,20000,165,165,0,0.00825,0.011441189226729362,978,0.02;0.05;0.1;0.2,0.4950077198364008,47.09960454200336
dev_case_v3c__SD-H0__C0__trainr1,C,C0,1,Q3_delta,20000,308,308,0,0.0154,0.01960318994013873,15,0.02;0.05;0.1;0.2,0.4950077198364008,47.09960454200336
dev_case_v3c__SD-H0__C1_Table6_matched__trainr1,C,C1_Table6_matched,1,Q2_safe_delta,20000,151,151,0,0.00755,0.010620755851950688,978,0.02;0.05;0.1;0.2,0.49801927402862983,58.67195033300959
dev_case_v3c__SD-H0__C1_Table6_matched__trainr1,C,C1_Table6_matched,1,Q3_delta,20000,273,273,0,0.01365,0.01763317144752276,15,0.02;0.05;0.1;0.2,0.49801927402862983,58.67195033300959
dev_case_v3c__SD-H0__C2_Corn4D_author__trainr1,C,C2_Corn4D_author,1,Q2_safe_delta,20000,128,128,0,0.0064,0.009259850271679982,978,0.01;0.02;0.05;0.1;0.2,0.5015898261758691,46.62115437499597
dev_case_v3c__SD-H0__C2_Corn4D_author__trainr1,C,C2_Corn4D_author,1,Q3_delta,20000,250,250,0,0.0125,0.016330474781568776,15,0.02;0.05;0.1;0.2,0.5015898261758691,46.62115437499597
dev_case_v3c__SD-H0__C0__trainr2,C,C0,2,Q2_safe_delta,20000,130,130,0,0.0065,0.009378915140758254,978,0.01;0.02;0.05;0.1;0.2,0.4867069018404908,48.371289458998945
dev_case_v3c__SD-H0__C0__trainr2,C,C0,2,Q3_delta,20000,239,230,9,0.01195,0.01570486702405138,11,0.02;0.05;0.1;0.2,0.4867069018404908,48.371289458998945
dev_case_v3c__SD-H0__C1_Table6_matched__trainr2,C,C1_Table6_matched,2,Q2_safe_delta,20000,122,122,0,0.0061,0.008901734036029639,978,0.01;0.02;0.05;0.1;0.2,0.48782331288343556,49.83714241599955
dev_case_v3c__SD-H0__C1_Table6_matched__trainr2,C,C1_Table6_matched,2,Q3_delta,20000,216,208,8,0.0108,0.014390730279708452,11,0.02;0.05;0.1;0.2,0.48782331288343556,49.83714241599955
dev_case_v3c__SD-H0__C2_Corn4D_author__trainr2,C,C2_Corn4D_author,2,Q2_safe_delta,20000,104,104,0,0.0052,0.00781814898361089,978,0.01;0.02;0.05;0.1;0.2,0.48848548057259716,44.69363487500232
dev_case_v3c__SD-H0__C2_Corn4D_author__trainr2,C,C2_Corn4D_author,2,Q3_delta,20000,185,174,11,0.00925,0.01260452457380167,11,0.02;0.05;0.1;0.2,0.48848548057259716,44.69363487500232
