case,target,policy,independent_trained_rules,failure_rate_min,failure_rate_max,adjusted_upper_min,adjusted_upper_max,unknown_count_min,unknown_count_max,interpretation,qualified_at_0.01,qualified_at_0.02,qualified_at_0.05,qualified_at_0.1,qualified_at_0.2
dev_case_v3a,C0,I0_no_observation,3,0.0861,0.1149,0.09516368107800875,0.12514249154972454,5,11,range over three separately frozen trained rules; no pooled risk certificate,0,0,0,1,3
dev_case_v3a,C0,I1_true_DM,3,0.0537,0.0696,0.06106652052127629,0.07786215207813302,5,11,range over three separately frozen trained rules; no pooled risk certificate,0,0,0,3,3
dev_case_v3a,C0,I2_DM_noise_0p1,3,0.0547,0.06995,0.062127279273739136,0.07823036015676826,5,11,range over three separately frozen trained rules; no pooled risk certificate,0,0,0,3,3
dev_case_v3a,C0,I2_DM_noise_0p5,3,0.06975,0.08355,0.07801996261085824,0.09249680692930737,5,11,range over three separately frozen trained rules; no pooled risk certificate,0,0,0,3,3
dev_case_v3a,C0,I3_ideal_nutrients,3,0.029,0.03415,0.034586014887441716,0.040163106257602305,5,11,range over three separately frozen trained rules; no pooled risk certificate,0,0,3,3,3
dev_case_v3a,C0,I4_nutrient_noise_0p1,3,0.03145,0.03815,0.037244023674568486,0.044470537091279655,5,11,range over three separately frozen trained rules; no pooled risk certificate,0,0,3,3,3
dev_case_v3a,C0,I4_nutrient_noise_0p5,3,0.065,0.09735,0.07301730317307784,0.10690304037874995,5,11,range over three separately frozen trained rules; no pooled risk certificate,0,0,0,2,3
dev_case_v3a,C0,Q3_delta,3,0.02455,0.0264,0.029731954229737415,0.03175441771090056,5,11,range over three separately frozen trained rules; no pooled risk certificate,0,0,3,3,3
dev_case_v3a,C0,Q3_static4000,3,0.07515,0.0828,0.08369431058314876,0.0917119812351131,5,11,range over three separately frozen trained rules; no pooled risk certificate,0,0,0,3,3
dev_case_v3a,C1_Table6_matched,I0_no_observation,3,0.08285,0.11105,0.09176430943784893,0.12114815590877262,4,10,range over three separately frozen trained rules; no pooled risk certificate,0,0,0,1,3
dev_case_v3a,C1_Table6_matched,I1_true_DM,3,0.05065,0.0669,0.0578269280215026,0.07501971133758997,4,9,range over three separately frozen trained rules; no pooled risk certificate,0,0,0,3,3
dev_case_v3a,C1_Table6_matched,I2_DM_noise_0p1,3,0.0509,0.06795,0.05809271923533559,0.07612552682242944,4,9,range over three separately frozen trained rules; no pooled risk certificate,0,0,0,3,3
dev_case_v3a,C1_Table6_matched,I2_DM_noise_0p5,3,0.0645,0.078,0.07249004466888523,0.08668402098046649,3,10,range over three separately frozen trained rules; no pooled risk certificate,0,0,0,3,3
dev_case_v3a,C1_Table6_matched,I3_ideal_nutrients,3,0.02965,0.0328,0.035292116209492415,0.03870481996433759,4,8,range over three separately frozen trained rules; no pooled risk certificate,0,0,3,3,3
dev_case_v3a,C1_Table6_matched,I4_nutrient_noise_0p1,3,0.03095,0.0376,0.03670232000459654,0.04387938002014905,4,8,range over three separately frozen trained rules; no pooled risk certificate,0,0,3,3,3
dev_case_v3a,C1_Table6_matched,I4_nutrient_noise_0p5,3,0.0655,0.0976,0.07354443165446937,0.10716346139589798,4,8,range over three separately frozen trained rules; no pooled risk certificate,0,0,0,2,3
dev_case_v3a,C1_Table6_matched,Q3_delta,3,0.0237,0.025,0.0288003533624619,0.030224536490971617,4,10,range over three separately frozen trained rules; no pooled risk certificate,0,0,3,3,3
dev_case_v3a,C1_Table6_matched,Q3_static4000,3,0.07175,0.07795,0.08012310148527749,0.08663159870430949,4,10,range over three separately frozen trained rules; no pooled risk certificate,0,0,0,3,3
dev_case_v3a,C2_Corn4D_author,I0_no_observation,3,0.08005,0.10605,0.08883247437738961,0.11595511658670868,5,7,range over three separately frozen trained rules; no pooled risk certificate,0,0,0,1,3
dev_case_v3a,C2_Corn4D_author,I1_true_DM,3,0.04965,0.06585,0.05676329825445758,0.07391334496844322,5,7,range over three separately frozen trained rules; no pooled risk certificate,0,0,0,3,3
dev_case_v3a,C2_Corn4D_author,I2_DM_noise_0p1,3,0.05035,0.06515,0.057507917599684065,0.07317545530654769,5,7,range over three separately frozen trained rules; no pooled risk certificate,0,0,0,3,3
dev_case_v3a,C2_Corn4D_author,I2_DM_noise_0p5,3,0.0625,0.07535,0.07037968186072856,0.08390422549411722,5,7,range over three separately frozen trained rules; no pooled risk certificate,0,0,0,3,3
dev_case_v3a,C2_Corn4D_author,I3_ideal_nutrients,3,0.02765,0.03145,0.033117248587927216,0.037244023674568486,4,5,range over three separately frozen trained rules; no pooled risk certificate,0,0,3,3,3
dev_case_v3a,C2_Corn4D_author,I4_nutrient_noise_0p1,3,0.02885,0.0365,0.03442297052319118,0.04269603258646163,4,6,range over three separately frozen trained rules; no pooled risk certificate,0,0,3,3,3
dev_case_v3a,C2_Corn4D_author,I4_nutrient_noise_0p5,3,0.06635,0.0985,0.07444025556659903,0.10810082314089701,4,6,range over three separately frozen trained rules; no pooled risk certificate,0,0,0,2,3
dev_case_v3a,C2_Corn4D_author,Q3_delta,3,0.02275,0.0239,0.027757260840505376,0.029019693991277243,5,7,range over three separately frozen trained rules; no pooled risk certificate,0,0,3,3,3
dev_case_v3a,C2_Corn4D_author,Q3_static4000,3,0.06425,0.07585,0.07222636621944621,0.08442893873801816,5,7,range over three separately frozen trained rules; no pooled risk certificate,0,0,0,3,3
dev_case_v3c,C0,I0_no_observation,3,0.0505,0.0791,0.057667431155117375,0.08783705698243596,7,10,range over three separately frozen trained rules; no pooled risk certificate,0,0,0,3,3
dev_case_v3c,C0,I1_true_DM,3,0.034,0.0486,0.04000119385623586,0.05564566876076812,7,10,range over three separately frozen trained rules; no pooled risk certificate,0,0,1,3,3
dev_case_v3c,C0,I2_DM_noise_0p1,3,0.0336,0.04875,0.03956928318025102,0.055805382374868505,7,10,range over three separately frozen trained rules; no pooled risk certificate,0,0,1,3,3
dev_case_v3c,C0,I2_DM_noise_0p5,3,0.0374,0.05435,0.043664329401740296,0.061756089952956984,7,10,range over three separately frozen trained rules; no pooled risk certificate,0,0,1,3,3
dev_case_v3c,C0,I3_ideal_nutrients,3,0.0186,0.03755,0.023173871266631618,0.043825621618355466,0,10,range over three separately frozen trained rules; no pooled risk certificate,0,0,3,3,3
dev_case_v3c,C0,I4_nutrient_noise_0p1,3,0.01985,0.0382,0.024559405930409766,0.04452426193135252,0,10,range over three separately frozen trained rules; no pooled risk certificate,0,0,3,3,3
dev_case_v3c,C0,I4_nutrient_noise_0p5,3,0.04365,0.05505,0.050364739321918386,0.06249838743994982,1,10,range over three separately frozen trained rules; no pooled risk certificate,0,0,0,3,3
dev_case_v3c,C0,Q3_delta,3,0.0106,0.0167,0.014161278856570328,0.021058261876604926,0,10,range over three separately frozen trained rules; no pooled risk certificate,0,2,3,3,3
dev_case_v3c,C0,Q3_static4000,3,0.0477,0.04985,0.05468701426392383,0.05697608430656051,7,10,range over three separately frozen trained rules; no pooled risk certificate,0,0,0,3,3
dev_case_v3c,C1_Table6_matched,I0_no_observation,3,0.0474,0.0779,0.054367318839342954,0.08657917541685546,4,10,range over three separately frozen trained rules; no pooled risk certificate,0,0,0,3,3
dev_case_v3c,C1_Table6_matched,I1_true_DM,3,0.03385,0.04695,0.039839252049433255,0.0538876385415722,4,10,range over three separately frozen trained rules; no pooled risk certificate,0,0,1,3,3
dev_case_v3c,C1_Table6_matched,I2_DM_noise_0p1,3,0.0338,0.04715,0.039785264880134605,0.05410085021740328,4,10,range over three separately frozen trained rules; no pooled risk certificate,0,0,2,3,3
dev_case_v3c,C1_Table6_matched,I2_DM_noise_0p5,3,0.03815,0.05575,0.044470537091279655,0.06324036320507571,4,10,range over three separately frozen trained rules; no pooled risk certificate,0,0,1,3,3
dev_case_v3c,C1_Table6_matched,I3_ideal_nutrients,3,0.0148,0.0358,0.018929302319994727,0.04194225378372476,0,9,range over three separately frozen trained rules; no pooled risk certificate,0,1,3,3,3
dev_case_v3c,C1_Table6_matched,I4_nutrient_noise_0p1,3,0.01685,0.0373,0.02122574001333948,0.043556787026757166,2,9,range over three separately frozen trained rules; no pooled risk certificate,0,0,3,3,3
dev_case_v3c,C1_Table6_matched,I4_nutrient_noise_0p5,3,0.03885,0.0527,0.04522243533087956,0.06000508173810795,3,9,range over three separately frozen trained rules; no pooled risk certificate,0,0,1,3,3
dev_case_v3c,C1_Table6_matched,Q3_delta,3,0.00985,0.0124,0.013298206589565834,0.016216858121264943,0,10,range over three separately frozen trained rules; no pooled risk certificate,0,3,3,3,3
dev_case_v3c,C1_Table6_matched,Q3_static4000,3,0.0464,0.04715,0.05330113615322995,0.05410085021740328,4,10,range over three separately frozen trained rules; no pooled risk certificate,0,0,0,3,3
dev_case_v3c,C2_Corn4D_author,I0_no_observation,3,0.0467,0.07135,0.05362107764826345,0.07970262108342041,3,5,range over three separately frozen trained rules; no pooled risk certificate,0,0,0,3,3
dev_case_v3c,C2_Corn4D_author,I1_true_DM,3,0.0291,0.04355,0.034694690547051044,0.05025783480510588,2,5,range over three separately frozen trained rules; no pooled risk certificate,0,0,2,3,3
dev_case_v3c,C2_Corn4D_author,I2_DM_noise_0p1,3,0.02945,0.044,0.03507492696705433,0.050738833444806966,2,5,range over three separately frozen trained rules; no pooled risk certificate,0,0,1,3,3
dev_case_v3c,C2_Corn4D_author,I2_DM_noise_0p5,3,0.03475,0.05115,0.04081046550408354,0.05835846460606102,2,5,range over three separately frozen trained rules; no pooled risk certificate,0,0,1,3,3
dev_case_v3c,C2_Corn4D_author,I3_ideal_nutrients,3,0.01675,0.0332,0.021114097077415208,0.03913715978709114,0,6,range over three separately frozen trained rules; no pooled risk certificate,0,0,3,3,3
dev_case_v3c,C2_Corn4D_author,I4_nutrient_noise_0p1,3,0.0179,0.03325,0.022395854158679313,0.03919118697003292,1,6,range over three separately frozen trained rules; no pooled risk certificate,0,0,3,3,3
dev_case_v3c,C2_Corn4D_author,I4_nutrient_noise_0p5,3,0.03745,0.05085,0.04371809631459199,0.058039564670235,1,6,range over three separately frozen trained rules; no pooled risk certificate,0,0,1,3,3
dev_case_v3c,C2_Corn4D_author,Q3_delta,3,0.0089,0.0146,0.012198433998684982,0.01870432575993864,0,5,range over three separately frozen trained rules; no pooled risk certificate,0,3,3,3,3
dev_case_v3c,C2_Corn4D_author,Q3_static4000,3,0.0427,0.04405,0.04934877359928913,0.05079226640872478,3,5,range over three separately frozen trained rules; no pooled risk certificate,0,0,1,3,3
