identity,case,target,training_root_index,mode,multiplier,values,finite_values,clipped_low,clipped_high,missing_preserved,operation,truth_modified,interpretation
dev_case_v3a__SD-H0__C0__trainr0,dev_case_v3a,C0,0,DM,0.1,160000,160000,0,0,0,"observation-only hard censoring to canonical fraction [0,1]",False,hypothetical plug-in measurement sensitivity; not Bayesian posterior or validated assay
dev_case_v3a__SD-H0__C0__trainr0,dev_case_v3a,C0,0,nutrient,0.1,1120000,1120000,2071,0,0,"observation-only hard censoring to canonical fraction [0,1]",False,hypothetical plug-in measurement sensitivity; not Bayesian posterior or validated assay
dev_case_v3a__SD-H0__C0__trainr0,dev_case_v3a,C0,0,DM,0.5,160000,160000,0,3,0,"observation-only hard censoring to canonical fraction [0,1]",False,hypothetical plug-in measurement sensitivity; not Bayesian posterior or validated assay
dev_case_v3a__SD-H0__C0__trainr0,dev_case_v3a,C0,0,nutrient,0.5,1120000,1120000,8680,0,0,"observation-only hard censoring to canonical fraction [0,1]",False,hypothetical plug-in measurement sensitivity; not Bayesian posterior or validated assay
dev_case_v3a__SD-H0__C1_Table6_matched__trainr0,dev_case_v3a,C1_Table6_matched,0,DM,0.1,160000,160000,0,0,0,"observation-only hard censoring to canonical fraction [0,1]",False,hypothetical plug-in measurement sensitivity; not Bayesian posterior or validated assay
dev_case_v3a__SD-H0__C1_Table6_matched__trainr0,dev_case_v3a,C1_Table6_matched,0,nutrient,0.1,1120000,1120000,1993,0,0,"observation-only hard censoring to canonical fraction [0,1]",False,hypothetical plug-in measurement sensitivity; not Bayesian posterior or validated assay
dev_case_v3a__SD-H0__C1_Table6_matched__trainr0,dev_case_v3a,C1_Table6_matched,0,DM,0.5,160000,160000,0,1,0,"observation-only hard censoring to canonical fraction [0,1]",False,hypothetical plug-in measurement sensitivity; not Bayesian posterior or validated assay
dev_case_v3a__SD-H0__C1_Table6_matched__trainr0,dev_case_v3a,C1_Table6_matched,0,nutrient,0.5,1120000,1120000,8628,0,0,"observation-only hard censoring to canonical fraction [0,1]",False,hypothetical plug-in measurement sensitivity; not Bayesian posterior or validated assay
dev_case_v3a__SD-H0__C2_Corn4D_author__trainr0,dev_case_v3a,C2_Corn4D_author,0,DM,0.1,160000,160000,0,0,0,"observation-only hard censoring to canonical fraction [0,1]",False,hypothetical plug-in measurement sensitivity; not Bayesian posterior or validated assay
dev_case_v3a__SD-H0__C2_Corn4D_author__trainr0,dev_case_v3a,C2_Corn4D_author,0,nutrient,0.1,1120000,1120000,1975,0,0,"observation-only hard censoring to canonical fraction [0,1]",False,hypothetical plug-in measurement sensitivity; not Bayesian posterior or validated assay
dev_case_v3a__SD-H0__C2_Corn4D_author__trainr0,dev_case_v3a,C2_Corn4D_author,0,DM,0.5,160000,160000,0,4,0,"observation-only hard censoring to canonical fraction [0,1]",False,hypothetical plug-in measurement sensitivity; not Bayesian posterior or validated assay
dev_case_v3a__SD-H0__C2_Corn4D_author__trainr0,dev_case_v3a,C2_Corn4D_author,0,nutrient,0.5,1120000,1120000,8485,0,0,"observation-only hard censoring to canonical fraction [0,1]",False,hypothetical plug-in measurement sensitivity; not Bayesian posterior or validated assay
dev_case_v3a__SD-H0__C0__trainr1,dev_case_v3a,C0,1,DM,0.1,160000,160000,0,1,0,"observation-only hard censoring to canonical fraction [0,1]",False,hypothetical plug-in measurement sensitivity; not Bayesian posterior or validated assay
dev_case_v3a__SD-H0__C0__trainr1,dev_case_v3a,C0,1,nutrient,0.1,1120000,1120000,1954,0,0,"observation-only hard censoring to canonical fraction [0,1]",False,hypothetical plug-in measurement sensitivity; not Bayesian posterior or validated assay
dev_case_v3a__SD-H0__C0__trainr1,dev_case_v3a,C0,1,DM,0.5,160000,160000,0,2,0,"observation-only hard censoring to canonical fraction [0,1]",False,hypothetical plug-in measurement sensitivity; not Bayesian posterior or validated assay
dev_case_v3a__SD-H0__C0__trainr1,dev_case_v3a,C0,1,nutrient,0.5,1120000,1120000,8466,0,0,"observation-only hard censoring to canonical fraction [0,1]",False,hypothetical plug-in measurement sensitivity; not Bayesian posterior or validated assay
dev_case_v3a__SD-H0__C1_Table6_matched__trainr1,dev_case_v3a,C1_Table6_matched,1,DM,0.1,160000,160000,0,0,0,"observation-only hard censoring to canonical fraction [0,1]",False,hypothetical plug-in measurement sensitivity; not Bayesian posterior or validated assay
dev_case_v3a__SD-H0__C1_Table6_matched__trainr1,dev_case_v3a,C1_Table6_matched,1,nutrient,0.1,1120000,1120000,2022,0,0,"observation-only hard censoring to canonical fraction [0,1]",False,hypothetical plug-in measurement sensitivity; not Bayesian posterior or validated assay
dev_case_v3a__SD-H0__C1_Table6_matched__trainr1,dev_case_v3a,C1_Table6_matched,1,DM,0.5,160000,160000,0,0,0,"observation-only hard censoring to canonical fraction [0,1]",False,hypothetical plug-in measurement sensitivity; not Bayesian posterior or validated assay
dev_case_v3a__SD-H0__C1_Table6_matched__trainr1,dev_case_v3a,C1_Table6_matched,1,nutrient,0.5,1120000,1120000,8603,0,0,"observation-only hard censoring to canonical fraction [0,1]",False,hypothetical plug-in measurement sensitivity; not Bayesian posterior or validated assay
dev_case_v3a__SD-H0__C2_Corn4D_author__trainr1,dev_case_v3a,C2_Corn4D_author,1,DM,0.1,160000,160000,0,0,0,"observation-only hard censoring to canonical fraction [0,1]",False,hypothetical plug-in measurement sensitivity; not Bayesian posterior or validated assay
dev_case_v3a__SD-H0__C2_Corn4D_author__trainr1,dev_case_v3a,C2_Corn4D_author,1,nutrient,0.1,1120000,1120000,1963,0,0,"observation-only hard censoring to canonical fraction [0,1]",False,hypothetical plug-in measurement sensitivity; not Bayesian posterior or validated assay
dev_case_v3a__SD-H0__C2_Corn4D_author__trainr1,dev_case_v3a,C2_Corn4D_author,1,DM,0.5,160000,160000,0,0,0,"observation-only hard censoring to canonical fraction [0,1]",False,hypothetical plug-in measurement sensitivity; not Bayesian posterior or validated assay
dev_case_v3a__SD-H0__C2_Corn4D_author__trainr1,dev_case_v3a,C2_Corn4D_author,1,nutrient,0.5,1120000,1120000,8366,0,0,"observation-only hard censoring to canonical fraction [0,1]",False,hypothetical plug-in measurement sensitivity; not Bayesian posterior or validated assay
dev_case_v3a__SD-H0__C0__trainr2,dev_case_v3a,C0,2,DM,0.1,160000,160000,0,0,0,"observation-only hard censoring to canonical fraction [0,1]",False,hypothetical plug-in measurement sensitivity; not Bayesian posterior or validated assay
dev_case_v3a__SD-H0__C0__trainr2,dev_case_v3a,C0,2,nutrient,0.1,1120000,1120000,2003,0,0,"observation-only hard censoring to canonical fraction [0,1]",False,hypothetical plug-in measurement sensitivity; not Bayesian posterior or validated assay
dev_case_v3a__SD-H0__C0__trainr2,dev_case_v3a,C0,2,DM,0.5,160000,160000,0,2,0,"observation-only hard censoring to canonical fraction [0,1]",False,hypothetical plug-in measurement sensitivity; not Bayesian posterior or validated assay
dev_case_v3a__SD-H0__C0__trainr2,dev_case_v3a,C0,2,nutrient,0.5,1120000,1120000,8687,0,0,"observation-only hard censoring to canonical fraction [0,1]",False,hypothetical plug-in measurement sensitivity; not Bayesian posterior or validated assay
dev_case_v3a__SD-H0__C1_Table6_matched__trainr2,dev_case_v3a,C1_Table6_matched,2,DM,0.1,160000,160000,0,0,0,"observation-only hard censoring to canonical fraction [0,1]",False,hypothetical plug-in measurement sensitivity; not Bayesian posterior or validated assay
dev_case_v3a__SD-H0__C1_Table6_matched__trainr2,dev_case_v3a,C1_Table6_matched,2,nutrient,0.1,1120000,1120000,1969,0,0,"observation-only hard censoring to canonical fraction [0,1]",False,hypothetical plug-in measurement sensitivity; not Bayesian posterior or validated assay
dev_case_v3a__SD-H0__C1_Table6_matched__trainr2,dev_case_v3a,C1_Table6_matched,2,DM,0.5,160000,160000,0,2,0,"observation-only hard censoring to canonical fraction [0,1]",False,hypothetical plug-in measurement sensitivity; not Bayesian posterior or validated assay
dev_case_v3a__SD-H0__C1_Table6_matched__trainr2,dev_case_v3a,C1_Table6_matched,2,nutrient,0.5,1120000,1120000,8482,0,0,"observation-only hard censoring to canonical fraction [0,1]",False,hypothetical plug-in measurement sensitivity; not Bayesian posterior or validated assay
dev_case_v3a__SD-H0__C2_Corn4D_author__trainr2,dev_case_v3a,C2_Corn4D_author,2,DM,0.1,160000,160000,0,0,0,"observation-only hard censoring to canonical fraction [0,1]",False,hypothetical plug-in measurement sensitivity; not Bayesian posterior or validated assay
dev_case_v3a__SD-H0__C2_Corn4D_author__trainr2,dev_case_v3a,C2_Corn4D_author,2,nutrient,0.1,1120000,1120000,2014,0,0,"observation-only hard censoring to canonical fraction [0,1]",False,hypothetical plug-in measurement sensitivity; not Bayesian posterior or validated assay
dev_case_v3a__SD-H0__C2_Corn4D_author__trainr2,dev_case_v3a,C2_Corn4D_author,2,DM,0.5,160000,160000,0,3,0,"observation-only hard censoring to canonical fraction [0,1]",False,hypothetical plug-in measurement sensitivity; not Bayesian posterior or validated assay
dev_case_v3a__SD-H0__C2_Corn4D_author__trainr2,dev_case_v3a,C2_Corn4D_author,2,nutrient,0.5,1120000,1120000,8456,0,0,"observation-only hard censoring to canonical fraction [0,1]",False,hypothetical plug-in measurement sensitivity; not Bayesian posterior or validated assay
dev_case_v3c__SD-H0__C0__trainr0,dev_case_v3c,C0,0,DM,0.1,180000,180000,0,0,0,"observation-only hard censoring to canonical fraction [0,1]",False,hypothetical plug-in measurement sensitivity; not Bayesian posterior or validated assay
dev_case_v3c__SD-H0__C0__trainr0,dev_case_v3c,C0,0,nutrient,0.1,1260000,1260000,3282,0,0,"observation-only hard censoring to canonical fraction [0,1]",False,hypothetical plug-in measurement sensitivity; not Bayesian posterior or validated assay
dev_case_v3c__SD-H0__C0__trainr0,dev_case_v3c,C0,0,DM,0.5,180000,180000,0,1,0,"observation-only hard censoring to canonical fraction [0,1]",False,hypothetical plug-in measurement sensitivity; not Bayesian posterior or validated assay
dev_case_v3c__SD-H0__C0__trainr0,dev_case_v3c,C0,0,nutrient,0.5,1260000,1260000,13193,0,0,"observation-only hard censoring to canonical fraction [0,1]",False,hypothetical plug-in measurement sensitivity; not Bayesian posterior or validated assay
dev_case_v3c__SD-H0__C1_Table6_matched__trainr0,dev_case_v3c,C1_Table6_matched,0,DM,0.1,180000,180000,0,0,0,"observation-only hard censoring to canonical fraction [0,1]",False,hypothetical plug-in measurement sensitivity; not Bayesian posterior or validated assay
dev_case_v3c__SD-H0__C1_Table6_matched__trainr0,dev_case_v3c,C1_Table6_matched,0,nutrient,0.1,1260000,1260000,3438,0,0,"observation-only hard censoring to canonical fraction [0,1]",False,hypothetical plug-in measurement sensitivity; not Bayesian posterior or validated assay
dev_case_v3c__SD-H0__C1_Table6_matched__trainr0,dev_case_v3c,C1_Table6_matched,0,DM,0.5,180000,180000,0,2,0,"observation-only hard censoring to canonical fraction [0,1]",False,hypothetical plug-in measurement sensitivity; not Bayesian posterior or validated assay
dev_case_v3c__SD-H0__C1_Table6_matched__trainr0,dev_case_v3c,C1_Table6_matched,0,nutrient,0.5,1260000,1260000,13478,0,0,"observation-only hard censoring to canonical fraction [0,1]",False,hypothetical plug-in measurement sensitivity; not Bayesian posterior or validated assay
dev_case_v3c__SD-H0__C2_Corn4D_author__trainr0,dev_case_v3c,C2_Corn4D_author,0,DM,0.1,180000,180000,0,0,0,"observation-only hard censoring to canonical fraction [0,1]",False,hypothetical plug-in measurement sensitivity; not Bayesian posterior or validated assay
dev_case_v3c__SD-H0__C2_Corn4D_author__trainr0,dev_case_v3c,C2_Corn4D_author,0,nutrient,0.1,1260000,1260000,3252,0,0,"observation-only hard censoring to canonical fraction [0,1]",False,hypothetical plug-in measurement sensitivity; not Bayesian posterior or validated assay
dev_case_v3c__SD-H0__C2_Corn4D_author__trainr0,dev_case_v3c,C2_Corn4D_author,0,DM,0.5,180000,180000,0,4,0,"observation-only hard censoring to canonical fraction [0,1]",False,hypothetical plug-in measurement sensitivity; not Bayesian posterior or validated assay
dev_case_v3c__SD-H0__C2_Corn4D_author__trainr0,dev_case_v3c,C2_Corn4D_author,0,nutrient,0.5,1260000,1260000,13178,0,0,"observation-only hard censoring to canonical fraction [0,1]",False,hypothetical plug-in measurement sensitivity; not Bayesian posterior or validated assay
dev_case_v3c__SD-H0__C0__trainr1,dev_case_v3c,C0,1,DM,0.1,180000,180000,0,1,0,"observation-only hard censoring to canonical fraction [0,1]",False,hypothetical plug-in measurement sensitivity; not Bayesian posterior or validated assay
dev_case_v3c__SD-H0__C0__trainr1,dev_case_v3c,C0,1,nutrient,0.1,1260000,1260000,3279,0,0,"observation-only hard censoring to canonical fraction [0,1]",False,hypothetical plug-in measurement sensitivity; not Bayesian posterior or validated assay
dev_case_v3c__SD-H0__C0__trainr1,dev_case_v3c,C0,1,DM,0.5,180000,180000,0,3,0,"observation-only hard censoring to canonical fraction [0,1]",False,hypothetical plug-in measurement sensitivity; not Bayesian posterior or validated assay
dev_case_v3c__SD-H0__C0__trainr1,dev_case_v3c,C0,1,nutrient,0.5,1260000,1260000,13365,0,0,"observation-only hard censoring to canonical fraction [0,1]",False,hypothetical plug-in measurement sensitivity; not Bayesian posterior or validated assay
dev_case_v3c__SD-H0__C1_Table6_matched__trainr1,dev_case_v3c,C1_Table6_matched,1,DM,0.1,180000,180000,0,0,0,"observation-only hard censoring to canonical fraction [0,1]",False,hypothetical plug-in measurement sensitivity; not Bayesian posterior or validated assay
dev_case_v3c__SD-H0__C1_Table6_matched__trainr1,dev_case_v3c,C1_Table6_matched,1,nutrient,0.1,1260000,1260000,3247,0,0,"observation-only hard censoring to canonical fraction [0,1]",False,hypothetical plug-in measurement sensitivity; not Bayesian posterior or validated assay
dev_case_v3c__SD-H0__C1_Table6_matched__trainr1,dev_case_v3c,C1_Table6_matched,1,DM,0.5,180000,180000,0,2,0,"observation-only hard censoring to canonical fraction [0,1]",False,hypothetical plug-in measurement sensitivity; not Bayesian posterior or validated assay
dev_case_v3c__SD-H0__C1_Table6_matched__trainr1,dev_case_v3c,C1_Table6_matched,1,nutrient,0.5,1260000,1260000,13000,0,0,"observation-only hard censoring to canonical fraction [0,1]",False,hypothetical plug-in measurement sensitivity; not Bayesian posterior or validated assay
dev_case_v3c__SD-H0__C2_Corn4D_author__trainr1,dev_case_v3c,C2_Corn4D_author,1,DM,0.1,180000,180000,0,0,0,"observation-only hard censoring to canonical fraction [0,1]",False,hypothetical plug-in measurement sensitivity; not Bayesian posterior or validated assay
dev_case_v3c__SD-H0__C2_Corn4D_author__trainr1,dev_case_v3c,C2_Corn4D_author,1,nutrient,0.1,1260000,1260000,3285,0,0,"observation-only hard censoring to canonical fraction [0,1]",False,hypothetical plug-in measurement sensitivity; not Bayesian posterior or validated assay
dev_case_v3c__SD-H0__C2_Corn4D_author__trainr1,dev_case_v3c,C2_Corn4D_author,1,DM,0.5,180000,180000,0,4,0,"observation-only hard censoring to canonical fraction [0,1]",False,hypothetical plug-in measurement sensitivity; not Bayesian posterior or validated assay
dev_case_v3c__SD-H0__C2_Corn4D_author__trainr1,dev_case_v3c,C2_Corn4D_author,1,nutrient,0.5,1260000,1260000,13192,0,0,"observation-only hard censoring to canonical fraction [0,1]",False,hypothetical plug-in measurement sensitivity; not Bayesian posterior or validated assay
dev_case_v3c__SD-H0__C0__trainr2,dev_case_v3c,C0,2,DM,0.1,180000,180000,0,0,0,"observation-only hard censoring to canonical fraction [0,1]",False,hypothetical plug-in measurement sensitivity; not Bayesian posterior or validated assay
dev_case_v3c__SD-H0__C0__trainr2,dev_case_v3c,C0,2,nutrient,0.1,1260000,1260000,3126,0,0,"observation-only hard censoring to canonical fraction [0,1]",False,hypothetical plug-in measurement sensitivity; not Bayesian posterior or validated assay
dev_case_v3c__SD-H0__C0__trainr2,dev_case_v3c,C0,2,DM,0.5,180000,180000,0,4,0,"observation-only hard censoring to canonical fraction [0,1]",False,hypothetical plug-in measurement sensitivity; not Bayesian posterior or validated assay
dev_case_v3c__SD-H0__C0__trainr2,dev_case_v3c,C0,2,nutrient,0.5,1260000,1260000,13120,0,0,"observation-only hard censoring to canonical fraction [0,1]",False,hypothetical plug-in measurement sensitivity; not Bayesian posterior or validated assay
dev_case_v3c__SD-H0__C1_Table6_matched__trainr2,dev_case_v3c,C1_Table6_matched,2,DM,0.1,180000,180000,0,0,0,"observation-only hard censoring to canonical fraction [0,1]",False,hypothetical plug-in measurement sensitivity; not Bayesian posterior or validated assay
dev_case_v3c__SD-H0__C1_Table6_matched__trainr2,dev_case_v3c,C1_Table6_matched,2,nutrient,0.1,1260000,1260000,3214,0,0,"observation-only hard censoring to canonical fraction [0,1]",False,hypothetical plug-in measurement sensitivity; not Bayesian posterior or validated assay
dev_case_v3c__SD-H0__C1_Table6_matched__trainr2,dev_case_v3c,C1_Table6_matched,2,DM,0.5,180000,180000,0,3,0,"observation-only hard censoring to canonical fraction [0,1]",False,hypothetical plug-in measurement sensitivity; not Bayesian posterior or validated assay
dev_case_v3c__SD-H0__C1_Table6_matched__trainr2,dev_case_v3c,C1_Table6_matched,2,nutrient,0.5,1260000,1260000,13200,0,0,"observation-only hard censoring to canonical fraction [0,1]",False,hypothetical plug-in measurement sensitivity; not Bayesian posterior or validated assay
dev_case_v3c__SD-H0__C2_Corn4D_author__trainr2,dev_case_v3c,C2_Corn4D_author,2,DM,0.1,180000,180000,0,0,0,"observation-only hard censoring to canonical fraction [0,1]",False,hypothetical plug-in measurement sensitivity; not Bayesian posterior or validated assay
dev_case_v3c__SD-H0__C2_Corn4D_author__trainr2,dev_case_v3c,C2_Corn4D_author,2,nutrient,0.1,1260000,1260000,3277,0,0,"observation-only hard censoring to canonical fraction [0,1]",False,hypothetical plug-in measurement sensitivity; not Bayesian posterior or validated assay
dev_case_v3c__SD-H0__C2_Corn4D_author__trainr2,dev_case_v3c,C2_Corn4D_author,2,DM,0.5,180000,180000,0,3,0,"observation-only hard censoring to canonical fraction [0,1]",False,hypothetical plug-in measurement sensitivity; not Bayesian posterior or validated assay
dev_case_v3c__SD-H0__C2_Corn4D_author__trainr2,dev_case_v3c,C2_Corn4D_author,2,nutrient,0.5,1260000,1260000,13085,0,0,"observation-only hard censoring to canonical fraction [0,1]",False,hypothetical plug-in measurement sensitivity; not Bayesian posterior or validated assay
