identity,case,training_root_index,world,scenario,policy,n_states,failure_count,known_failure_count,unknown_count,failure_rate,adjusted_upper_recomputed,adjusted_upper_reported,qualified_targets,chosen_distinct_actions,fallback_states,event_reconstruction,candidate_pool
dev_case_v3a__SD-H0__C0__trainr0,dev_case_v3a,0,SD-H0,C0,Q3_ideal_delta,20000,472,466,6,0.0236,0.028690650012835463,0.028690650012833746,0.05|0.1|0.2,24,6,"original violation OR unknown; known/unknown exclusive, no state dropped",Q3
dev_case_v3a__SD-H0__C0__trainr0,dev_case_v3a,0,SD-H0,C0,Q3_raw_noise_0p1,20000,513,507,6,0.02565,0.030935317060813722,0.03093531706081192,0.05|0.1|0.2,24,9,"original violation OR unknown; known/unknown exclusive, no state dropped",Q3
dev_case_v3a__SD-H0__C0__trainr0,dev_case_v3a,0,SD-H0,C0,Q3_raw_noise_0p5,20000,1311,1305,6,0.06555,0.07359713740475127,0.07359713740474863,0.1|0.2,24,31,"original violation OR unknown; known/unknown exclusive, no state dropped",Q3
dev_case_v3a__SD-H0__C0__trainr0,dev_case_v3a,0,SD-H0,C0,Q3_postmean_0p1,20000,521,515,6,0.02605,0.0313723054746839,0.03137230547468212,0.05|0.1|0.2,24,8,"original violation OR unknown; known/unknown exclusive, no state dropped",Q3
dev_case_v3a__SD-H0__C0__trainr0,dev_case_v3a,0,SD-H0,C0,Q3_postmean_0p5,20000,2081,2076,5,0.10405,0.11387605333616702,0.11387605333616373,0.2,23,0,"original violation OR unknown; known/unknown exclusive, no state dropped",Q3
dev_case_v3a__SD-H0__C0__trainr0,dev_case_v3a,0,SD-H0,C0,Q3_postUA_0p1,20000,500,494,6,0.025,0.030224536490973355,0.030224536490971617,0.05|0.1|0.2,24,8,"original violation OR unknown; known/unknown exclusive, no state dropped",Q3
dev_case_v3a__SD-H0__C0__trainr0,dev_case_v3a,0,SD-H0,C0,Q3_postUA_0p5,20000,839,833,6,0.04195,0.048546096177075115,0.04854609617707294,0.05|0.1|0.2,23,0,"original violation OR unknown; known/unknown exclusive, no state dropped",Q3
dev_case_v3a__SD-H0__C0__trainr0,dev_case_v3a,0,SD-H0,C0,Q2_ideal_delta,20000,398,398,0,0.0199,0.024614731534045073,0.024614731534043463,0.05|0.1|0.2,222,0,"original violation OR unknown; known/unknown exclusive, no state dropped",Q2
dev_case_v3a__SD-H0__C0__trainr0,dev_case_v3a,0,SD-H0,C0,Q2_postUA_0p1,20000,437,436,1,0.02185,0.02676711882582641,0.02676711882582475,0.05|0.1|0.2,215,0,"original violation OR unknown; known/unknown exclusive, no state dropped",Q2
dev_case_v3a__SD-H0__C0__trainr0,dev_case_v3a,0,SD-H0,C0,Q2_postUA_0p5,20000,731,725,6,0.03655,0.042749851616594406,0.042749851616592296,0.05|0.1|0.2,183,0,"original violation OR unknown; known/unknown exclusive, no state dropped",Q2
dev_case_v3a__SD-H0__C0__trainr1,dev_case_v3a,1,SD-H0,C0,Q3_ideal_delta,20000,496,487,9,0.0248,0.03000566273342331,0.03000566273342157,0.05|0.1|0.2,21,9,"original violation OR unknown; known/unknown exclusive, no state dropped",Q3
dev_case_v3a__SD-H0__C0__trainr1,dev_case_v3a,1,SD-H0,C0,Q3_raw_noise_0p1,20000,522,513,9,0.0261,0.031426907251904036,0.03142690725190224,0.05|0.1|0.2,21,12,"original violation OR unknown; known/unknown exclusive, no state dropped",Q3
dev_case_v3a__SD-H0__C0__trainr1,dev_case_v3a,1,SD-H0,C0,Q3_raw_noise_0p5,20000,1338,1329,9,0.0669,0.07501971133759265,0.07501971133758997,0.1|0.2,21,37,"original violation OR unknown; known/unknown exclusive, no state dropped",Q3
dev_case_v3a__SD-H0__C0__trainr1,dev_case_v3a,1,SD-H0,C0,Q3_postmean_0p1,20000,523,514,9,0.02615,0.03148150423537333,0.031481504235371556,0.05|0.1|0.2,21,10,"original violation OR unknown; known/unknown exclusive, no state dropped",Q3
dev_case_v3a__SD-H0__C0__trainr1,dev_case_v3a,1,SD-H0,C0,Q3_postmean_0p5,20000,2121,2113,8,0.10605,0.1159551165867119,0.11595511658670868,0.2,21,0,"original violation OR unknown; known/unknown exclusive, no state dropped",Q3
dev_case_v3a__SD-H0__C0__trainr1,dev_case_v3a,1,SD-H0,C0,Q3_postUA_0p1,20000,520,511,9,0.026,0.03131769889031676,0.03131769889031496,0.05|0.1|0.2,21,10,"original violation OR unknown; known/unknown exclusive, no state dropped",Q3
dev_case_v3a__SD-H0__C0__trainr1,dev_case_v3a,1,SD-H0,C0,Q3_postUA_0p5,20000,832,823,9,0.0416,0.04817132823283149,0.04817132823282934,0.05|0.1|0.2,19,0,"original violation OR unknown; known/unknown exclusive, no state dropped",Q3
dev_case_v3a__SD-H0__C0__trainr1,dev_case_v3a,1,SD-H0,C0,Q2_ideal_delta,20000,383,383,0,0.01915,0.023784084630991582,0.023784084630990014,0.05|0.1|0.2,232,0,"original violation OR unknown; known/unknown exclusive, no state dropped",Q2
dev_case_v3a__SD-H0__C0__trainr1,dev_case_v3a,1,SD-H0,C0,Q2_postUA_0p1,20000,401,401,0,0.02005,0.02478066571615188,0.02478066571615027,0.05|0.1|0.2,230,0,"original violation OR unknown; known/unknown exclusive, no state dropped",Q2
dev_case_v3a__SD-H0__C0__trainr1,dev_case_v3a,1,SD-H0,C0,Q2_postUA_0p5,20000,722,713,9,0.0361,0.042265373669866914,0.04226537366986483,0.05|0.1|0.2,185,0,"original violation OR unknown; known/unknown exclusive, no state dropped",Q2
dev_case_v3a__SD-H0__C0__trainr2,dev_case_v3a,2,SD-H0,C0,Q3_ideal_delta,20000,494,489,5,0.0247,0.029896194930882917,0.029896194930881158,0.05|0.1|0.2,18,5,"original violation OR unknown; known/unknown exclusive, no state dropped",Q3
dev_case_v3a__SD-H0__C0__trainr2,dev_case_v3a,2,SD-H0,C0,Q3_raw_noise_0p1,20000,520,515,5,0.026,0.03131769889031676,0.03131769889031496,0.05|0.1|0.2,18,8,"original violation OR unknown; known/unknown exclusive, no state dropped",Q3
dev_case_v3a__SD-H0__C0__trainr2,dev_case_v3a,2,SD-H0,C0,Q3_raw_noise_0p5,20000,1244,1239,5,0.0622,0.0700629402679356,0.07006294026793299,0.1|0.2,18,31,"original violation OR unknown; known/unknown exclusive, no state dropped",Q3
dev_case_v3a__SD-H0__C0__trainr2,dev_case_v3a,2,SD-H0,C0,Q3_postmean_0p1,20000,525,520,5,0.02625,0.03159068387432717,0.03159068387432534,0.05|0.1|0.2,18,7,"original violation OR unknown; known/unknown exclusive, no state dropped",Q3
dev_case_v3a__SD-H0__C0__trainr2,dev_case_v3a,2,SD-H0,C0,Q3_postmean_0p5,20000,2100,2095,5,0.105,0.11486374332687949,0.11486374332687638,0.2,18,0,"original violation OR unknown; known/unknown exclusive, no state dropped",Q3
dev_case_v3a__SD-H0__C0__trainr2,dev_case_v3a,2,SD-H0,C0,Q3_postUA_0p1,20000,514,509,5,0.0257,0.03098995767572881,0.030989957675727004,0.05|0.1|0.2,18,7,"original violation OR unknown; known/unknown exclusive, no state dropped",Q3
dev_case_v3a__SD-H0__C0__trainr2,dev_case_v3a,2,SD-H0,C0,Q3_postUA_0p5,20000,840,835,5,0.042,0.04859962476036657,0.048599624760364384,0.05|0.1|0.2,17,0,"original violation OR unknown; known/unknown exclusive, no state dropped",Q3
dev_case_v3a__SD-H0__C0__trainr2,dev_case_v3a,2,SD-H0,C0,Q2_ideal_delta,20000,361,361,0,0.01805,0.022562706244257946,0.02256270624425642,0.05|0.1|0.2,218,0,"original violation OR unknown; known/unknown exclusive, no state dropped",Q2
dev_case_v3a__SD-H0__C0__trainr2,dev_case_v3a,2,SD-H0,C0,Q2_postUA_0p1,20000,397,396,1,0.01985,0.02455940593041136,0.024559405930409766,0.05|0.1|0.2,221,0,"original violation OR unknown; known/unknown exclusive, no state dropped",Q2
dev_case_v3a__SD-H0__C0__trainr2,dev_case_v3a,2,SD-H0,C0,Q2_postUA_0p5,20000,699,694,5,0.03495,0.04102615004050047,0.041026150040498414,0.05|0.1|0.2,201,0,"original violation OR unknown; known/unknown exclusive, no state dropped",Q2
dev_case_v3c__SD-H0__C0__trainr0,dev_case_v3c,0,SD-H0,C0,Q3_ideal_delta,20000,209,198,11,0.01045,0.013989002013187946,0.01398900201318671,0.02|0.05|0.1|0.2,13,11,"original violation OR unknown; known/unknown exclusive, no state dropped",Q3
dev_case_v3c__SD-H0__C0__trainr0,dev_case_v3c,0,SD-H0,C0,Q3_raw_noise_0p1,20000,230,219,11,0.0115,0.015191655333826593,0.015191655333825323,0.02|0.05|0.1|0.2,13,11,"original violation OR unknown; known/unknown exclusive, no state dropped",Q3
dev_case_v3c__SD-H0__C0__trainr0,dev_case_v3c,0,SD-H0,C0,Q3_raw_noise_0p5,20000,899,888,11,0.04495,0.051753678093861256,0.051753678093859015,0.1|0.2,13,43,"original violation OR unknown; known/unknown exclusive, no state dropped",Q3
dev_case_v3c__SD-H0__C0__trainr0,dev_case_v3c,0,SD-H0,C0,Q3_postmean_0p1,20000,238,227,11,0.0119,0.01564790502027318,0.015647905020271895,0.02|0.05|0.1|0.2,13,10,"original violation OR unknown; known/unknown exclusive, no state dropped",Q3
dev_case_v3c__SD-H0__C0__trainr0,dev_case_v3c,0,SD-H0,C0,Q3_postmean_0p5,20000,1687,1676,11,0.08435,0.09333372628055214,0.09333372628054919,0.1|0.2,13,0,"original violation OR unknown; known/unknown exclusive, no state dropped",Q3
dev_case_v3c__SD-H0__C0__trainr0,dev_case_v3c,0,SD-H0,C0,Q3_postUA_0p1,20000,224,213,11,0.0112,0.014848801315873274,0.014848801315872013,0.02|0.05|0.1|0.2,13,10,"original violation OR unknown; known/unknown exclusive, no state dropped",Q3
dev_case_v3c__SD-H0__C0__trainr0,dev_case_v3c,0,SD-H0,C0,Q3_postUA_0p5,20000,429,418,11,0.02145,0.026326416604076915,0.02632641660407526,0.05|0.1|0.2,13,0,"original violation OR unknown; known/unknown exclusive, no state dropped",Q3
dev_case_v3c__SD-H0__C0__trainr0,dev_case_v3c,0,SD-H0,C0,Q2_ideal_delta,20000,125,125,0,0.00625,0.009080968336547169,0.009080968336546159,0.01|0.02|0.05|0.1|0.2,241,0,"original violation OR unknown; known/unknown exclusive, no state dropped",Q2
dev_case_v3c__SD-H0__C0__trainr0,dev_case_v3c,0,SD-H0,C0,Q2_postUA_0p1,20000,133,131,2,0.00665,0.009557236352062091,0.00955723635206106,0.01|0.02|0.05|0.1|0.2,247,0,"original violation OR unknown; known/unknown exclusive, no state dropped",Q2
dev_case_v3c__SD-H0__C0__trainr0,dev_case_v3c,0,SD-H0,C0,Q2_postUA_0p5,20000,322,311,11,0.0161,0.020387509336987512,0.02038750933698604,0.05|0.1|0.2,217,0,"original violation OR unknown; known/unknown exclusive, no state dropped",Q2
dev_case_v3c__SD-H0__C0__trainr1,dev_case_v3c,1,SD-H0,C0,Q3_ideal_delta,20000,240,240,0,0.012,0.015761813965202688,0.015761813965201384,0.02|0.05|0.1|0.2,15,0,"original violation OR unknown; known/unknown exclusive, no state dropped",Q3
dev_case_v3c__SD-H0__C0__trainr1,dev_case_v3c,1,SD-H0,C0,Q3_raw_noise_0p1,20000,282,279,3,0.0141,0.018141090953282604,0.018141090953281223,0.02|0.05|0.1|0.2,15,0,"original violation OR unknown; known/unknown exclusive, no state dropped",Q3
dev_case_v3c__SD-H0__C0__trainr1,dev_case_v3c,1,SD-H0,C0,Q3_raw_noise_0p5,20000,803,798,5,0.04015,0.04661742567232474,0.04661742567232261,0.05|0.1|0.2,15,0,"original violation OR unknown; known/unknown exclusive, no state dropped",Q3
dev_case_v3c__SD-H0__C0__trainr1,dev_case_v3c,1,SD-H0,C0,Q3_postmean_0p1,20000,288,285,3,0.0144,0.01847916969634598,0.018479169696344565,0.02|0.05|0.1|0.2,15,0,"original violation OR unknown; known/unknown exclusive, no state dropped",Q3
dev_case_v3c__SD-H0__C0__trainr1,dev_case_v3c,1,SD-H0,C0,Q3_postmean_0p5,20000,1283,1275,8,0.06415,0.07212088559974963,0.07212088559974705,0.1|0.2,15,0,"original violation OR unknown; known/unknown exclusive, no state dropped",Q3
dev_case_v3c__SD-H0__C0__trainr1,dev_case_v3c,1,SD-H0,C0,Q3_postUA_0p1,20000,270,267,3,0.0135,0.017463644363587313,0.017463644363585943,0.02|0.05|0.1|0.2,15,0,"original violation OR unknown; known/unknown exclusive, no state dropped",Q3
dev_case_v3c__SD-H0__C0__trainr1,dev_case_v3c,1,SD-H0,C0,Q3_postUA_0p5,20000,478,470,8,0.0239,0.02901969399127898,0.029019693991277243,0.05|0.1|0.2,14,0,"original violation OR unknown; known/unknown exclusive, no state dropped",Q3
dev_case_v3c__SD-H0__C0__trainr1,dev_case_v3c,1,SD-H0,C0,Q2_ideal_delta,20000,151,151,0,0.00755,0.010620755851951774,0.010620755851950688,0.02|0.05|0.1|0.2,232,0,"original violation OR unknown; known/unknown exclusive, no state dropped",Q2
dev_case_v3c__SD-H0__C0__trainr1,dev_case_v3c,1,SD-H0,C0,Q2_postUA_0p1,20000,166,163,3,0.0083,0.011499588629985012,0.011499588629983891,0.02|0.05|0.1|0.2,236,0,"original violation OR unknown; known/unknown exclusive, no state dropped",Q2
dev_case_v3c__SD-H0__C0__trainr1,dev_case_v3c,1,SD-H0,C0,Q2_postUA_0p5,20000,335,327,8,0.01675,0.021114097077416714,0.021114097077415208,0.05|0.1|0.2,195,0,"original violation OR unknown; known/unknown exclusive, no state dropped",Q2
dev_case_v3c__SD-H0__C0__trainr2,dev_case_v3c,2,SD-H0,C0,Q3_ideal_delta,20000,221,213,8,0.01105,0.01467715203191467,0.014677152031913413,0.02|0.05|0.1|0.2,11,8,"original violation OR unknown; known/unknown exclusive, no state dropped",Q3
dev_case_v3c__SD-H0__C0__trainr2,dev_case_v3c,2,SD-H0,C0,Q3_raw_noise_0p1,20000,254,246,8,0.0127,0.016557539590673534,0.01655753959067221,0.02|0.05|0.1|0.2,11,6,"original violation OR unknown; known/unknown exclusive, no state dropped",Q3
dev_case_v3c__SD-H0__C0__trainr2,dev_case_v3c,2,SD-H0,C0,Q3_raw_noise_0p5,20000,896,888,8,0.0448,0.05159349260365151,0.0515934926036492,0.1|0.2,11,32,"original violation OR unknown; known/unknown exclusive, no state dropped",Q3
dev_case_v3c__SD-H0__C0__trainr2,dev_case_v3c,2,SD-H0,C0,Q3_postmean_0p1,20000,259,251,8,0.01295,0.016841061308483743,0.016841061308482404,0.02|0.05|0.1|0.2,11,6,"original violation OR unknown; known/unknown exclusive, no state dropped",Q3
dev_case_v3c__SD-H0__C0__trainr2,dev_case_v3c,2,SD-H0,C0,Q3_postmean_0p5,20000,1521,1515,6,0.07605,0.0846387945833996,0.08463879458339668,0.1|0.2,11,0,"original violation OR unknown; known/unknown exclusive, no state dropped",Q3
dev_case_v3c__SD-H0__C0__trainr2,dev_case_v3c,2,SD-H0,C0,Q3_postUA_0p1,20000,244,236,8,0.0122,0.015989452935583345,0.015989452935582033,0.02|0.05|0.1|0.2,11,6,"original violation OR unknown; known/unknown exclusive, no state dropped",Q3
dev_case_v3c__SD-H0__C0__trainr2,dev_case_v3c,2,SD-H0,C0,Q3_postUA_0p5,20000,468,460,8,0.0234,0.028471176560438242,0.028471176560436528,0.05|0.1|0.2,10,0,"original violation OR unknown; known/unknown exclusive, no state dropped",Q3
dev_case_v3c__SD-H0__C0__trainr2,dev_case_v3c,2,SD-H0,C0,Q2_ideal_delta,20000,140,140,0,0.007,0.009972086469451292,0.009972086469450242,0.01|0.02|0.05|0.1|0.2,232,0,"original violation OR unknown; known/unknown exclusive, no state dropped",Q2
dev_case_v3c__SD-H0__C0__trainr2,dev_case_v3c,2,SD-H0,C0,Q2_postUA_0p1,20000,158,155,3,0.0079,0.011031652004957959,0.01103165200495686,0.02|0.05|0.1|0.2,232,0,"original violation OR unknown; known/unknown exclusive, no state dropped",Q2
dev_case_v3c__SD-H0__C0__trainr2,dev_case_v3c,2,SD-H0,C0,Q2_postUA_0p5,20000,337,329,8,0.01685,0.021225740013340974,0.02122574001333948,0.05|0.1|0.2,209,0,"original violation OR unknown; known/unknown exclusive, no state dropped",Q2
