case,world,scenario,root_index,policy,n_states,exclusive_pattern,count,event_unknown_denominator
R0,TAB,C0,0,old_static,20000,energy_support_violation,1,1
R0,TAB,C0,0,old_delta,20000,energy_support_violation,1,1
R0,TAB,C0,0,expanded_static,20000,energy_support_violation,1,1
R0,TAB,C0,0,expanded_delta,20000,energy_support_violation,1,1
R0,TAB,C0,1,old_static,20000,energy_support_violation,1,1
R0,TAB,C0,1,old_delta,20000,energy_support_violation,1,1
R0,TAB,C0,1,expanded_static,20000,energy_support_violation,1,1
R0,TAB,C0,1,expanded_delta,20000,energy_support_violation,1,1
R0,TAB,C1,1,old_static,20000,energy_support_violation,2,2
R0,TAB,C1,1,old_delta,20000,energy_support_violation,2,2
R0,TAB,C1,1,expanded_static,20000,energy_support_violation,2,2
R0,TAB,C1,1,expanded_delta,20000,energy_support_violation,2,2
R0,TAB,C2,0,old_static,20000,energy_support_violation,1,1
R0,TAB,C2,0,old_delta,20000,energy_support_violation,1,1
R0,TAB,C2,0,expanded_static,20000,energy_support_violation,1,1
R0,TAB,C2,0,expanded_delta,20000,energy_support_violation,1,1
R0,TAB,C2,0,joint64,20000,energy_support_violation,1,1
R0,TAB,C2,0,rb16,20000,energy_support_violation,1,1
R0,TAB,C2,0,joint64_prior,20000,energy_support_violation,1,1
A,TAB,C0,0,old_static,20000,energy_support_violation,7,7
A,TAB,C0,0,expanded_static,20000,energy_support_violation,9,9
A,TAB,C0,0,joint64,20000,energy_support_violation,1,1
A,TAB,C0,0,rb16,20000,energy_support_violation,1,1
A,TAB,C0,0,joint64_prior,20000,energy_support_violation,1,1
A,TAB,C0,1,old_static,20000,energy_support_violation,6,6
A,TAB,C0,1,expanded_static,20000,energy_support_violation,6,6
A,TAB,C0,1,expanded_delta,20000,energy_support_violation,6,6
A,TAB,C0,1,joint64,20000,energy_support_violation,4,4
A,TAB,C0,1,rb16,20000,energy_support_violation,4,4
A,TAB,C0,1,joint64_prior,20000,energy_support_violation,4,4
A,TAB,C0,2,old_static,20000,energy_support_violation,6,6
A,TAB,C0,2,expanded_static,20000,energy_support_violation,7,7
A,TAB,C0,2,expanded_delta,20000,energy_support_violation,7,7
A,TAB,C0,2,joint64,20000,energy_support_violation,4,4
A,TAB,C0,2,rb16,20000,energy_support_violation,4,4
A,TAB,C0,2,joint64_prior,20000,energy_support_violation,4,4
A,TAB,C1,0,old_static,20000,energy_support_violation,7,7
A,TAB,C1,0,expanded_static,20000,energy_support_violation,7,7
A,TAB,C1,0,expanded_delta,20000,energy_support_violation,7,7
A,TAB,C1,0,joint64,20000,energy_support_violation,4,4
A,TAB,C1,0,rb16,20000,energy_support_violation,4,4
A,TAB,C1,0,joint64_prior,20000,energy_support_violation,4,4
A,TAB,C1,1,old_static,20000,energy_support_violation,6,6
A,TAB,C1,1,expanded_static,20000,energy_support_violation,6,6
A,TAB,C1,2,old_static,20000,energy_support_violation,11,11
A,TAB,C1,2,expanded_static,20000,energy_support_violation,11,11
A,TAB,C1,2,joint64,20000,energy_support_violation,6,6
A,TAB,C1,2,rb16,20000,energy_support_violation,6,6
A,TAB,C1,2,joint64_prior,20000,energy_support_violation,6,6
A,TAB,C2,0,old_static,20000,energy_support_violation,5,5
A,TAB,C2,0,expanded_static,20000,energy_support_violation,6,6
A,TAB,C2,0,joint64,20000,energy_support_violation,1,1
A,TAB,C2,0,rb16,20000,energy_support_violation,1,1
A,TAB,C2,0,joint64_prior,20000,energy_support_violation,1,1
A,TAB,C2,1,old_static,20000,energy_support_violation,6,6
A,TAB,C2,1,expanded_static,20000,energy_support_violation,8,8
A,TAB,C2,1,expanded_delta,20000,energy_support_violation,8,8
A,TAB,C2,1,joint64,20000,energy_support_violation,8,8
A,TAB,C2,1,rb16,20000,energy_support_violation,8,8
A,TAB,C2,1,joint64_prior,20000,energy_support_violation,8,8
A,TAB,C2,2,old_static,20000,energy_support_violation,7,7
A,TAB,C2,2,expanded_static,20000,energy_support_violation,7,7
A,TAB,C2,2,expanded_delta,20000,energy_support_violation,7,7
A,TAB,C2,2,joint64,20000,energy_support_violation,5,5
A,TAB,C2,2,rb16,20000,energy_support_violation,5,5
A,TAB,C2,2,joint64_prior,20000,energy_support_violation,5,5
B,TAB,C0,0,expanded_static,20000,energy_support_violation,1,1
B,TAB,C0,0,expanded_delta,20000,energy_support_violation,1,1
B,TAB,C0,1,expanded_static,20000,energy_support_violation,1,1
B,TAB,C0,1,expanded_delta,20000,energy_support_violation,1,1
B,TAB,C0,2,old_static,20000,energy_support_violation,1,1
B,TAB,C0,2,old_delta,20000,energy_support_violation,1,1
B,TAB,C0,2,expanded_static,20000,energy_support_violation,1,1
B,TAB,C0,2,expanded_delta,20000,energy_support_violation,1,1
B,TAB,C0,2,joint64,20000,energy_support_violation,1,1
B,TAB,C0,2,rb16,20000,energy_support_violation,1,1
B,TAB,C0,2,joint64_prior,20000,energy_support_violation,1,1
B,TAB,C1,1,old_static,20000,energy_support_violation,1,1
B,TAB,C1,1,old_delta,20000,energy_support_violation,1,1
B,TAB,C1,1,joint64,20000,energy_support_violation,1,1
B,TAB,C1,1,rb16,20000,energy_support_violation,1,1
B,TAB,C1,1,joint64_prior,20000,energy_support_violation,1,1
B,TAB,C1,2,expanded_static,20000,energy_support_violation,1,1
B,TAB,C1,2,expanded_delta,20000,energy_support_violation,1,1
B,TAB,C2,1,expanded_static,20000,energy_support_violation,1,1
B,TAB,C2,1,expanded_delta,20000,energy_support_violation,1,1
C,TAB,C0,0,old_static,20000,energy_support_violation,3,3
C,TAB,C0,0,expanded_static,20000,energy_support_violation,4,4
C,TAB,C0,1,old_static,20000,energy_support_violation,3,3
C,TAB,C0,1,expanded_static,20000,energy_support_violation,3,3
C,TAB,C0,2,old_static,20000,energy_support_violation,10,10
C,TAB,C0,2,expanded_static,20000,energy_support_violation,10,10
C,TAB,C1,0,old_static,20000,energy_support_violation,10,10
C,TAB,C1,0,expanded_static,20000,energy_support_violation,10,10
C,TAB,C1,1,old_static,20000,energy_support_violation,5,5
C,TAB,C1,1,expanded_static,20000,energy_support_violation,5,5
C,TAB,C1,2,old_static,20000,energy_support_violation,6,6
C,TAB,C1,2,expanded_static,20000,energy_support_violation,5,5
C,TAB,C1,2,expanded_delta,20000,energy_support_violation,5,5
C,TAB,C1,2,joint64,20000,energy_support_violation,6,6
C,TAB,C1,2,rb16,20000,energy_support_violation,6,6
C,TAB,C1,2,joint64_prior,20000,energy_support_violation,6,6
C,TAB,C2,0,old_static,20000,energy_support_violation,7,7
C,TAB,C2,0,expanded_static,20000,energy_support_violation,7,7
C,TAB,C2,1,old_static,20000,energy_support_violation,10,10
C,TAB,C2,1,expanded_static,20000,energy_support_violation,10,10
C,TAB,C2,2,old_static,20000,energy_support_violation,8,8
C,TAB,C2,2,expanded_static,20000,energy_support_violation,10,10
