root_k,evaluation_world,sd_label,target_alpha,strategy_a,strategy_b,n_cells,n_feasible_a,n_feasible_b,n_common_feasible,mean_diff_rate_upper_a_minus_b,min_diff,max_diff
0,SD-H0,TAB,0.1,M0,M1,9,9,0,0,not comparable,,
0,SD-H0,TAB,0.1,M0,M2 N=128,9,9,0,0,not comparable,,
0,SD-H0,TAB,0.1,M0,M2 N=512,9,9,0,0,not comparable,,
0,SD-H0,TAB,0.1,M0,M2 N=1024,9,9,0,0,not comparable,,
0,SD-H0,TAB,0.1,M0,M3a,9,9,0,0,not comparable,,
0,SD-H0,TAB,0.1,M0,M3b,9,9,0,0,not comparable,,
0,SD-H0,TAB,0.1,M1,M2 N=128,9,0,0,0,not comparable,,
0,SD-H0,TAB,0.1,M1,M2 N=512,9,0,0,0,not comparable,,
0,SD-H0,TAB,0.1,M1,M2 N=1024,9,0,0,0,not comparable,,
0,SD-H0,TAB,0.1,M1,M3a,9,0,0,0,not comparable,,
0,SD-H0,TAB,0.1,M1,M3b,9,0,0,0,not comparable,,
0,SD-H0,TAB,0.1,M2 N=128,M2 N=512,9,0,0,0,not comparable,,
0,SD-H0,TAB,0.1,M2 N=128,M2 N=1024,9,0,0,0,not comparable,,
0,SD-H0,TAB,0.1,M2 N=128,M3a,9,0,0,0,not comparable,,
0,SD-H0,TAB,0.1,M2 N=128,M3b,9,0,0,0,not comparable,,
0,SD-H0,TAB,0.1,M2 N=512,M2 N=1024,9,0,0,0,not comparable,,
0,SD-H0,TAB,0.1,M2 N=512,M3a,9,0,0,0,not comparable,,
0,SD-H0,TAB,0.1,M2 N=512,M3b,9,0,0,0,not comparable,,
0,SD-H0,TAB,0.1,M2 N=1024,M3a,9,0,0,0,not comparable,,
0,SD-H0,TAB,0.1,M2 N=1024,M3b,9,0,0,0,not comparable,,
0,SD-H0,TAB,0.1,M3a,M3b,9,0,0,0,not comparable,,
0,SD-H0,TAB,0.05,M0,M1,9,9,0,0,not comparable,,
0,SD-H0,TAB,0.05,M0,M2 N=128,9,9,0,0,not comparable,,
0,SD-H0,TAB,0.05,M0,M2 N=512,9,9,0,0,not comparable,,
0,SD-H0,TAB,0.05,M0,M2 N=1024,9,9,0,0,not comparable,,
0,SD-H0,TAB,0.05,M0,M3a,9,9,0,0,not comparable,,
0,SD-H0,TAB,0.05,M0,M3b,9,9,0,0,not comparable,,
0,SD-H0,TAB,0.05,M1,M2 N=128,9,0,0,0,not comparable,,
0,SD-H0,TAB,0.05,M1,M2 N=512,9,0,0,0,not comparable,,
0,SD-H0,TAB,0.05,M1,M2 N=1024,9,0,0,0,not comparable,,
0,SD-H0,TAB,0.05,M1,M3a,9,0,0,0,not comparable,,
0,SD-H0,TAB,0.05,M1,M3b,9,0,0,0,not comparable,,
0,SD-H0,TAB,0.05,M2 N=128,M2 N=512,9,0,0,0,not comparable,,
0,SD-H0,TAB,0.05,M2 N=128,M2 N=1024,9,0,0,0,not comparable,,
0,SD-H0,TAB,0.05,M2 N=128,M3a,9,0,0,0,not comparable,,
0,SD-H0,TAB,0.05,M2 N=128,M3b,9,0,0,0,not comparable,,
0,SD-H0,TAB,0.05,M2 N=512,M2 N=1024,9,0,0,0,not comparable,,
0,SD-H0,TAB,0.05,M2 N=512,M3a,9,0,0,0,not comparable,,
0,SD-H0,TAB,0.05,M2 N=512,M3b,9,0,0,0,not comparable,,
0,SD-H0,TAB,0.05,M2 N=1024,M3a,9,0,0,0,not comparable,,
0,SD-H0,TAB,0.05,M2 N=1024,M3b,9,0,0,0,not comparable,,
0,SD-H0,TAB,0.05,M3a,M3b,9,0,0,0,not comparable,,
0,SD-H0,TAB,0.01,M0,M1,9,9,0,0,not comparable,,
0,SD-H0,TAB,0.01,M0,M2 N=128,9,9,0,0,not comparable,,
0,SD-H0,TAB,0.01,M0,M2 N=512,9,9,0,0,not comparable,,
0,SD-H0,TAB,0.01,M0,M2 N=1024,9,9,0,0,not comparable,,
0,SD-H0,TAB,0.01,M0,M3a,9,9,0,0,not comparable,,
0,SD-H0,TAB,0.01,M0,M3b,9,9,0,0,not comparable,,
0,SD-H0,TAB,0.01,M1,M2 N=128,9,0,0,0,not comparable,,
0,SD-H0,TAB,0.01,M1,M2 N=512,9,0,0,0,not comparable,,
0,SD-H0,TAB,0.01,M1,M2 N=1024,9,0,0,0,not comparable,,
0,SD-H0,TAB,0.01,M1,M3a,9,0,0,0,not comparable,,
0,SD-H0,TAB,0.01,M1,M3b,9,0,0,0,not comparable,,
0,SD-H0,TAB,0.01,M2 N=128,M2 N=512,9,0,0,0,not comparable,,
0,SD-H0,TAB,0.01,M2 N=128,M2 N=1024,9,0,0,0,not comparable,,
0,SD-H0,TAB,0.01,M2 N=128,M3a,9,0,0,0,not comparable,,
0,SD-H0,TAB,0.01,M2 N=128,M3b,9,0,0,0,not comparable,,
0,SD-H0,TAB,0.01,M2 N=512,M2 N=1024,9,0,0,0,not comparable,,
0,SD-H0,TAB,0.01,M2 N=512,M3a,9,0,0,0,not comparable,,
0,SD-H0,TAB,0.01,M2 N=512,M3b,9,0,0,0,not comparable,,
0,SD-H0,TAB,0.01,M2 N=1024,M3a,9,0,0,0,not comparable,,
0,SD-H0,TAB,0.01,M2 N=1024,M3b,9,0,0,0,not comparable,,
0,SD-H0,TAB,0.01,M3a,M3b,9,0,0,0,not comparable,,
0,SD-SRC12,SRC12,0.1,M0,M1,9,9,0,0,not comparable,,
0,SD-SRC12,SRC12,0.1,M0,M2 N=128,9,9,0,0,not comparable,,
0,SD-SRC12,SRC12,0.1,M0,M2 N=512,9,9,0,0,not comparable,,
0,SD-SRC12,SRC12,0.1,M0,M2 N=1024,9,9,0,0,not comparable,,
0,SD-SRC12,SRC12,0.1,M0,M3a,9,9,0,0,not comparable,,
0,SD-SRC12,SRC12,0.1,M0,M3b,9,9,0,0,not comparable,,
0,SD-SRC12,SRC12,0.1,M1,M2 N=128,9,0,0,0,not comparable,,
0,SD-SRC12,SRC12,0.1,M1,M2 N=512,9,0,0,0,not comparable,,
0,SD-SRC12,SRC12,0.1,M1,M2 N=1024,9,0,0,0,not comparable,,
0,SD-SRC12,SRC12,0.1,M1,M3a,9,0,0,0,not comparable,,
0,SD-SRC12,SRC12,0.1,M1,M3b,9,0,0,0,not comparable,,
0,SD-SRC12,SRC12,0.1,M2 N=128,M2 N=512,9,0,0,0,not comparable,,
0,SD-SRC12,SRC12,0.1,M2 N=128,M2 N=1024,9,0,0,0,not comparable,,
0,SD-SRC12,SRC12,0.1,M2 N=128,M3a,9,0,0,0,not comparable,,
0,SD-SRC12,SRC12,0.1,M2 N=128,M3b,9,0,0,0,not comparable,,
0,SD-SRC12,SRC12,0.1,M2 N=512,M2 N=1024,9,0,0,0,not comparable,,
0,SD-SRC12,SRC12,0.1,M2 N=512,M3a,9,0,0,0,not comparable,,
0,SD-SRC12,SRC12,0.1,M2 N=512,M3b,9,0,0,0,not comparable,,
0,SD-SRC12,SRC12,0.1,M2 N=1024,M3a,9,0,0,0,not comparable,,
0,SD-SRC12,SRC12,0.1,M2 N=1024,M3b,9,0,0,0,not comparable,,
0,SD-SRC12,SRC12,0.1,M3a,M3b,9,0,0,0,not comparable,,
0,SD-SRC12,SRC12,0.05,M0,M1,9,9,0,0,not comparable,,
0,SD-SRC12,SRC12,0.05,M0,M2 N=128,9,9,0,0,not comparable,,
0,SD-SRC12,SRC12,0.05,M0,M2 N=512,9,9,0,0,not comparable,,
0,SD-SRC12,SRC12,0.05,M0,M2 N=1024,9,9,0,0,not comparable,,
0,SD-SRC12,SRC12,0.05,M0,M3a,9,9,0,0,not comparable,,
0,SD-SRC12,SRC12,0.05,M0,M3b,9,9,0,0,not comparable,,
0,SD-SRC12,SRC12,0.05,M1,M2 N=128,9,0,0,0,not comparable,,
0,SD-SRC12,SRC12,0.05,M1,M2 N=512,9,0,0,0,not comparable,,
0,SD-SRC12,SRC12,0.05,M1,M2 N=1024,9,0,0,0,not comparable,,
0,SD-SRC12,SRC12,0.05,M1,M3a,9,0,0,0,not comparable,,
0,SD-SRC12,SRC12,0.05,M1,M3b,9,0,0,0,not comparable,,
0,SD-SRC12,SRC12,0.05,M2 N=128,M2 N=512,9,0,0,0,not comparable,,
0,SD-SRC12,SRC12,0.05,M2 N=128,M2 N=1024,9,0,0,0,not comparable,,
0,SD-SRC12,SRC12,0.05,M2 N=128,M3a,9,0,0,0,not comparable,,
0,SD-SRC12,SRC12,0.05,M2 N=128,M3b,9,0,0,0,not comparable,,
0,SD-SRC12,SRC12,0.05,M2 N=512,M2 N=1024,9,0,0,0,not comparable,,
0,SD-SRC12,SRC12,0.05,M2 N=512,M3a,9,0,0,0,not comparable,,
0,SD-SRC12,SRC12,0.05,M2 N=512,M3b,9,0,0,0,not comparable,,
0,SD-SRC12,SRC12,0.05,M2 N=1024,M3a,9,0,0,0,not comparable,,
0,SD-SRC12,SRC12,0.05,M2 N=1024,M3b,9,0,0,0,not comparable,,
0,SD-SRC12,SRC12,0.05,M3a,M3b,9,0,0,0,not comparable,,
0,SD-SRC12,SRC12,0.01,M0,M1,9,9,0,0,not comparable,,
0,SD-SRC12,SRC12,0.01,M0,M2 N=128,9,9,0,0,not comparable,,
0,SD-SRC12,SRC12,0.01,M0,M2 N=512,9,9,0,0,not comparable,,
0,SD-SRC12,SRC12,0.01,M0,M2 N=1024,9,9,0,0,not comparable,,
0,SD-SRC12,SRC12,0.01,M0,M3a,9,9,0,0,not comparable,,
0,SD-SRC12,SRC12,0.01,M0,M3b,9,9,0,0,not comparable,,
0,SD-SRC12,SRC12,0.01,M1,M2 N=128,9,0,0,0,not comparable,,
0,SD-SRC12,SRC12,0.01,M1,M2 N=512,9,0,0,0,not comparable,,
0,SD-SRC12,SRC12,0.01,M1,M2 N=1024,9,0,0,0,not comparable,,
0,SD-SRC12,SRC12,0.01,M1,M3a,9,0,0,0,not comparable,,
0,SD-SRC12,SRC12,0.01,M1,M3b,9,0,0,0,not comparable,,
0,SD-SRC12,SRC12,0.01,M2 N=128,M2 N=512,9,0,0,0,not comparable,,
0,SD-SRC12,SRC12,0.01,M2 N=128,M2 N=1024,9,0,0,0,not comparable,,
0,SD-SRC12,SRC12,0.01,M2 N=128,M3a,9,0,0,0,not comparable,,
0,SD-SRC12,SRC12,0.01,M2 N=128,M3b,9,0,0,0,not comparable,,
0,SD-SRC12,SRC12,0.01,M2 N=512,M2 N=1024,9,0,0,0,not comparable,,
0,SD-SRC12,SRC12,0.01,M2 N=512,M3a,9,0,0,0,not comparable,,
0,SD-SRC12,SRC12,0.01,M2 N=512,M3b,9,0,0,0,not comparable,,
0,SD-SRC12,SRC12,0.01,M2 N=1024,M3a,9,0,0,0,not comparable,,
0,SD-SRC12,SRC12,0.01,M2 N=1024,M3b,9,0,0,0,not comparable,,
0,SD-SRC12,SRC12,0.01,M3a,M3b,9,0,0,0,not comparable,,
0,SD-SRC14,SRC14,0.1,M0,M1,9,9,0,0,not comparable,,
0,SD-SRC14,SRC14,0.1,M0,M2 N=128,9,9,0,0,not comparable,,
0,SD-SRC14,SRC14,0.1,M0,M2 N=512,9,9,0,0,not comparable,,
0,SD-SRC14,SRC14,0.1,M0,M2 N=1024,9,9,0,0,not comparable,,
0,SD-SRC14,SRC14,0.1,M0,M3a,9,9,0,0,not comparable,,
0,SD-SRC14,SRC14,0.1,M0,M3b,9,9,0,0,not comparable,,
0,SD-SRC14,SRC14,0.1,M1,M2 N=128,9,0,0,0,not comparable,,
0,SD-SRC14,SRC14,0.1,M1,M2 N=512,9,0,0,0,not comparable,,
0,SD-SRC14,SRC14,0.1,M1,M2 N=1024,9,0,0,0,not comparable,,
0,SD-SRC14,SRC14,0.1,M1,M3a,9,0,0,0,not comparable,,
0,SD-SRC14,SRC14,0.1,M1,M3b,9,0,0,0,not comparable,,
0,SD-SRC14,SRC14,0.1,M2 N=128,M2 N=512,9,0,0,0,not comparable,,
0,SD-SRC14,SRC14,0.1,M2 N=128,M2 N=1024,9,0,0,0,not comparable,,
0,SD-SRC14,SRC14,0.1,M2 N=128,M3a,9,0,0,0,not comparable,,
0,SD-SRC14,SRC14,0.1,M2 N=128,M3b,9,0,0,0,not comparable,,
0,SD-SRC14,SRC14,0.1,M2 N=512,M2 N=1024,9,0,0,0,not comparable,,
0,SD-SRC14,SRC14,0.1,M2 N=512,M3a,9,0,0,0,not comparable,,
0,SD-SRC14,SRC14,0.1,M2 N=512,M3b,9,0,0,0,not comparable,,
0,SD-SRC14,SRC14,0.1,M2 N=1024,M3a,9,0,0,0,not comparable,,
0,SD-SRC14,SRC14,0.1,M2 N=1024,M3b,9,0,0,0,not comparable,,
0,SD-SRC14,SRC14,0.1,M3a,M3b,9,0,0,0,not comparable,,
0,SD-SRC14,SRC14,0.05,M0,M1,9,9,0,0,not comparable,,
0,SD-SRC14,SRC14,0.05,M0,M2 N=128,9,9,0,0,not comparable,,
0,SD-SRC14,SRC14,0.05,M0,M2 N=512,9,9,0,0,not comparable,,
0,SD-SRC14,SRC14,0.05,M0,M2 N=1024,9,9,0,0,not comparable,,
0,SD-SRC14,SRC14,0.05,M0,M3a,9,9,0,0,not comparable,,
0,SD-SRC14,SRC14,0.05,M0,M3b,9,9,0,0,not comparable,,
0,SD-SRC14,SRC14,0.05,M1,M2 N=128,9,0,0,0,not comparable,,
0,SD-SRC14,SRC14,0.05,M1,M2 N=512,9,0,0,0,not comparable,,
0,SD-SRC14,SRC14,0.05,M1,M2 N=1024,9,0,0,0,not comparable,,
0,SD-SRC14,SRC14,0.05,M1,M3a,9,0,0,0,not comparable,,
0,SD-SRC14,SRC14,0.05,M1,M3b,9,0,0,0,not comparable,,
0,SD-SRC14,SRC14,0.05,M2 N=128,M2 N=512,9,0,0,0,not comparable,,
0,SD-SRC14,SRC14,0.05,M2 N=128,M2 N=1024,9,0,0,0,not comparable,,
0,SD-SRC14,SRC14,0.05,M2 N=128,M3a,9,0,0,0,not comparable,,
0,SD-SRC14,SRC14,0.05,M2 N=128,M3b,9,0,0,0,not comparable,,
0,SD-SRC14,SRC14,0.05,M2 N=512,M2 N=1024,9,0,0,0,not comparable,,
0,SD-SRC14,SRC14,0.05,M2 N=512,M3a,9,0,0,0,not comparable,,
0,SD-SRC14,SRC14,0.05,M2 N=512,M3b,9,0,0,0,not comparable,,
0,SD-SRC14,SRC14,0.05,M2 N=1024,M3a,9,0,0,0,not comparable,,
0,SD-SRC14,SRC14,0.05,M2 N=1024,M3b,9,0,0,0,not comparable,,
0,SD-SRC14,SRC14,0.05,M3a,M3b,9,0,0,0,not comparable,,
0,SD-SRC14,SRC14,0.01,M0,M1,9,9,0,0,not comparable,,
0,SD-SRC14,SRC14,0.01,M0,M2 N=128,9,9,0,0,not comparable,,
0,SD-SRC14,SRC14,0.01,M0,M2 N=512,9,9,0,0,not comparable,,
0,SD-SRC14,SRC14,0.01,M0,M2 N=1024,9,9,0,0,not comparable,,
0,SD-SRC14,SRC14,0.01,M0,M3a,9,9,0,0,not comparable,,
0,SD-SRC14,SRC14,0.01,M0,M3b,9,9,0,0,not comparable,,
0,SD-SRC14,SRC14,0.01,M1,M2 N=128,9,0,0,0,not comparable,,
0,SD-SRC14,SRC14,0.01,M1,M2 N=512,9,0,0,0,not comparable,,
0,SD-SRC14,SRC14,0.01,M1,M2 N=1024,9,0,0,0,not comparable,,
0,SD-SRC14,SRC14,0.01,M1,M3a,9,0,0,0,not comparable,,
0,SD-SRC14,SRC14,0.01,M1,M3b,9,0,0,0,not comparable,,
0,SD-SRC14,SRC14,0.01,M2 N=128,M2 N=512,9,0,0,0,not comparable,,
0,SD-SRC14,SRC14,0.01,M2 N=128,M2 N=1024,9,0,0,0,not comparable,,
0,SD-SRC14,SRC14,0.01,M2 N=128,M3a,9,0,0,0,not comparable,,
0,SD-SRC14,SRC14,0.01,M2 N=128,M3b,9,0,0,0,not comparable,,
0,SD-SRC14,SRC14,0.01,M2 N=512,M2 N=1024,9,0,0,0,not comparable,,
0,SD-SRC14,SRC14,0.01,M2 N=512,M3a,9,0,0,0,not comparable,,
0,SD-SRC14,SRC14,0.01,M2 N=512,M3b,9,0,0,0,not comparable,,
0,SD-SRC14,SRC14,0.01,M2 N=1024,M3a,9,0,0,0,not comparable,,
0,SD-SRC14,SRC14,0.01,M2 N=1024,M3b,9,0,0,0,not comparable,,
0,SD-SRC14,SRC14,0.01,M3a,M3b,9,0,0,0,not comparable,,
0,SD-12MO,MO12,0.1,M0,M1,9,9,0,0,not comparable,,
0,SD-12MO,MO12,0.1,M0,M2 N=128,9,9,0,0,not comparable,,
0,SD-12MO,MO12,0.1,M0,M2 N=512,9,9,0,0,not comparable,,
0,SD-12MO,MO12,0.1,M0,M2 N=1024,9,9,0,0,not comparable,,
0,SD-12MO,MO12,0.1,M0,M3a,9,9,0,0,not comparable,,
0,SD-12MO,MO12,0.1,M0,M3b,9,9,0,0,not comparable,,
0,SD-12MO,MO12,0.1,M1,M2 N=128,9,0,0,0,not comparable,,
0,SD-12MO,MO12,0.1,M1,M2 N=512,9,0,0,0,not comparable,,
0,SD-12MO,MO12,0.1,M1,M2 N=1024,9,0,0,0,not comparable,,
0,SD-12MO,MO12,0.1,M1,M3a,9,0,0,0,not comparable,,
0,SD-12MO,MO12,0.1,M1,M3b,9,0,0,0,not comparable,,
0,SD-12MO,MO12,0.1,M2 N=128,M2 N=512,9,0,0,0,not comparable,,
0,SD-12MO,MO12,0.1,M2 N=128,M2 N=1024,9,0,0,0,not comparable,,
0,SD-12MO,MO12,0.1,M2 N=128,M3a,9,0,0,0,not comparable,,
0,SD-12MO,MO12,0.1,M2 N=128,M3b,9,0,0,0,not comparable,,
0,SD-12MO,MO12,0.1,M2 N=512,M2 N=1024,9,0,0,0,not comparable,,
0,SD-12MO,MO12,0.1,M2 N=512,M3a,9,0,0,0,not comparable,,
0,SD-12MO,MO12,0.1,M2 N=512,M3b,9,0,0,0,not comparable,,
0,SD-12MO,MO12,0.1,M2 N=1024,M3a,9,0,0,0,not comparable,,
0,SD-12MO,MO12,0.1,M2 N=1024,M3b,9,0,0,0,not comparable,,
0,SD-12MO,MO12,0.1,M3a,M3b,9,0,0,0,not comparable,,
0,SD-12MO,MO12,0.05,M0,M1,9,9,0,0,not comparable,,
0,SD-12MO,MO12,0.05,M0,M2 N=128,9,9,0,0,not comparable,,
0,SD-12MO,MO12,0.05,M0,M2 N=512,9,9,0,0,not comparable,,
0,SD-12MO,MO12,0.05,M0,M2 N=1024,9,9,0,0,not comparable,,
0,SD-12MO,MO12,0.05,M0,M3a,9,9,0,0,not comparable,,
0,SD-12MO,MO12,0.05,M0,M3b,9,9,0,0,not comparable,,
0,SD-12MO,MO12,0.05,M1,M2 N=128,9,0,0,0,not comparable,,
0,SD-12MO,MO12,0.05,M1,M2 N=512,9,0,0,0,not comparable,,
0,SD-12MO,MO12,0.05,M1,M2 N=1024,9,0,0,0,not comparable,,
0,SD-12MO,MO12,0.05,M1,M3a,9,0,0,0,not comparable,,
0,SD-12MO,MO12,0.05,M1,M3b,9,0,0,0,not comparable,,
0,SD-12MO,MO12,0.05,M2 N=128,M2 N=512,9,0,0,0,not comparable,,
0,SD-12MO,MO12,0.05,M2 N=128,M2 N=1024,9,0,0,0,not comparable,,
0,SD-12MO,MO12,0.05,M2 N=128,M3a,9,0,0,0,not comparable,,
0,SD-12MO,MO12,0.05,M2 N=128,M3b,9,0,0,0,not comparable,,
0,SD-12MO,MO12,0.05,M2 N=512,M2 N=1024,9,0,0,0,not comparable,,
0,SD-12MO,MO12,0.05,M2 N=512,M3a,9,0,0,0,not comparable,,
0,SD-12MO,MO12,0.05,M2 N=512,M3b,9,0,0,0,not comparable,,
0,SD-12MO,MO12,0.05,M2 N=1024,M3a,9,0,0,0,not comparable,,
0,SD-12MO,MO12,0.05,M2 N=1024,M3b,9,0,0,0,not comparable,,
0,SD-12MO,MO12,0.05,M3a,M3b,9,0,0,0,not comparable,,
0,SD-12MO,MO12,0.01,M0,M1,9,9,0,0,not comparable,,
0,SD-12MO,MO12,0.01,M0,M2 N=128,9,9,0,0,not comparable,,
0,SD-12MO,MO12,0.01,M0,M2 N=512,9,9,0,0,not comparable,,
0,SD-12MO,MO12,0.01,M0,M2 N=1024,9,9,0,0,not comparable,,
0,SD-12MO,MO12,0.01,M0,M3a,9,9,0,0,not comparable,,
0,SD-12MO,MO12,0.01,M0,M3b,9,9,0,0,not comparable,,
0,SD-12MO,MO12,0.01,M1,M2 N=128,9,0,0,0,not comparable,,
0,SD-12MO,MO12,0.01,M1,M2 N=512,9,0,0,0,not comparable,,
0,SD-12MO,MO12,0.01,M1,M2 N=1024,9,0,0,0,not comparable,,
0,SD-12MO,MO12,0.01,M1,M3a,9,0,0,0,not comparable,,
0,SD-12MO,MO12,0.01,M1,M3b,9,0,0,0,not comparable,,
0,SD-12MO,MO12,0.01,M2 N=128,M2 N=512,9,0,0,0,not comparable,,
0,SD-12MO,MO12,0.01,M2 N=128,M2 N=1024,9,0,0,0,not comparable,,
0,SD-12MO,MO12,0.01,M2 N=128,M3a,9,0,0,0,not comparable,,
0,SD-12MO,MO12,0.01,M2 N=128,M3b,9,0,0,0,not comparable,,
0,SD-12MO,MO12,0.01,M2 N=512,M2 N=1024,9,0,0,0,not comparable,,
0,SD-12MO,MO12,0.01,M2 N=512,M3a,9,0,0,0,not comparable,,
0,SD-12MO,MO12,0.01,M2 N=512,M3b,9,0,0,0,not comparable,,
0,SD-12MO,MO12,0.01,M2 N=1024,M3a,9,0,0,0,not comparable,,
0,SD-12MO,MO12,0.01,M2 N=1024,M3b,9,0,0,0,not comparable,,
0,SD-12MO,MO12,0.01,M3a,M3b,9,0,0,0,not comparable,,
0,SD-S2,NARROW,0.1,M0,M1,9,9,0,0,not comparable,,
0,SD-S2,NARROW,0.1,M0,M2 N=128,9,9,0,0,not comparable,,
0,SD-S2,NARROW,0.1,M0,M2 N=512,9,9,0,0,not comparable,,
0,SD-S2,NARROW,0.1,M0,M2 N=1024,9,9,0,0,not comparable,,
0,SD-S2,NARROW,0.1,M0,M3a,9,9,0,0,not comparable,,
0,SD-S2,NARROW,0.1,M0,M3b,9,9,0,0,not comparable,,
0,SD-S2,NARROW,0.1,M1,M2 N=128,9,0,0,0,not comparable,,
0,SD-S2,NARROW,0.1,M1,M2 N=512,9,0,0,0,not comparable,,
0,SD-S2,NARROW,0.1,M1,M2 N=1024,9,0,0,0,not comparable,,
0,SD-S2,NARROW,0.1,M1,M3a,9,0,0,0,not comparable,,
0,SD-S2,NARROW,0.1,M1,M3b,9,0,0,0,not comparable,,
0,SD-S2,NARROW,0.1,M2 N=128,M2 N=512,9,0,0,0,not comparable,,
0,SD-S2,NARROW,0.1,M2 N=128,M2 N=1024,9,0,0,0,not comparable,,
0,SD-S2,NARROW,0.1,M2 N=128,M3a,9,0,0,0,not comparable,,
0,SD-S2,NARROW,0.1,M2 N=128,M3b,9,0,0,0,not comparable,,
0,SD-S2,NARROW,0.1,M2 N=512,M2 N=1024,9,0,0,0,not comparable,,
0,SD-S2,NARROW,0.1,M2 N=512,M3a,9,0,0,0,not comparable,,
0,SD-S2,NARROW,0.1,M2 N=512,M3b,9,0,0,0,not comparable,,
0,SD-S2,NARROW,0.1,M2 N=1024,M3a,9,0,0,0,not comparable,,
0,SD-S2,NARROW,0.1,M2 N=1024,M3b,9,0,0,0,not comparable,,
0,SD-S2,NARROW,0.1,M3a,M3b,9,0,0,0,not comparable,,
0,SD-S2,NARROW,0.05,M0,M1,9,9,0,0,not comparable,,
0,SD-S2,NARROW,0.05,M0,M2 N=128,9,9,0,0,not comparable,,
0,SD-S2,NARROW,0.05,M0,M2 N=512,9,9,0,0,not comparable,,
0,SD-S2,NARROW,0.05,M0,M2 N=1024,9,9,0,0,not comparable,,
0,SD-S2,NARROW,0.05,M0,M3a,9,9,0,0,not comparable,,
0,SD-S2,NARROW,0.05,M0,M3b,9,9,0,0,not comparable,,
0,SD-S2,NARROW,0.05,M1,M2 N=128,9,0,0,0,not comparable,,
0,SD-S2,NARROW,0.05,M1,M2 N=512,9,0,0,0,not comparable,,
0,SD-S2,NARROW,0.05,M1,M2 N=1024,9,0,0,0,not comparable,,
0,SD-S2,NARROW,0.05,M1,M3a,9,0,0,0,not comparable,,
0,SD-S2,NARROW,0.05,M1,M3b,9,0,0,0,not comparable,,
0,SD-S2,NARROW,0.05,M2 N=128,M2 N=512,9,0,0,0,not comparable,,
0,SD-S2,NARROW,0.05,M2 N=128,M2 N=1024,9,0,0,0,not comparable,,
0,SD-S2,NARROW,0.05,M2 N=128,M3a,9,0,0,0,not comparable,,
0,SD-S2,NARROW,0.05,M2 N=128,M3b,9,0,0,0,not comparable,,
0,SD-S2,NARROW,0.05,M2 N=512,M2 N=1024,9,0,0,0,not comparable,,
0,SD-S2,NARROW,0.05,M2 N=512,M3a,9,0,0,0,not comparable,,
0,SD-S2,NARROW,0.05,M2 N=512,M3b,9,0,0,0,not comparable,,
0,SD-S2,NARROW,0.05,M2 N=1024,M3a,9,0,0,0,not comparable,,
0,SD-S2,NARROW,0.05,M2 N=1024,M3b,9,0,0,0,not comparable,,
0,SD-S2,NARROW,0.05,M3a,M3b,9,0,0,0,not comparable,,
0,SD-S2,NARROW,0.01,M0,M1,9,9,0,0,not comparable,,
0,SD-S2,NARROW,0.01,M0,M2 N=128,9,9,0,0,not comparable,,
0,SD-S2,NARROW,0.01,M0,M2 N=512,9,9,0,0,not comparable,,
0,SD-S2,NARROW,0.01,M0,M2 N=1024,9,9,0,0,not comparable,,
0,SD-S2,NARROW,0.01,M0,M3a,9,9,0,0,not comparable,,
0,SD-S2,NARROW,0.01,M0,M3b,9,9,0,0,not comparable,,
0,SD-S2,NARROW,0.01,M1,M2 N=128,9,0,0,0,not comparable,,
0,SD-S2,NARROW,0.01,M1,M2 N=512,9,0,0,0,not comparable,,
0,SD-S2,NARROW,0.01,M1,M2 N=1024,9,0,0,0,not comparable,,
0,SD-S2,NARROW,0.01,M1,M3a,9,0,0,0,not comparable,,
0,SD-S2,NARROW,0.01,M1,M3b,9,0,0,0,not comparable,,
0,SD-S2,NARROW,0.01,M2 N=128,M2 N=512,9,0,0,0,not comparable,,
0,SD-S2,NARROW,0.01,M2 N=128,M2 N=1024,9,0,0,0,not comparable,,
0,SD-S2,NARROW,0.01,M2 N=128,M3a,9,0,0,0,not comparable,,
0,SD-S2,NARROW,0.01,M2 N=128,M3b,9,0,0,0,not comparable,,
0,SD-S2,NARROW,0.01,M2 N=512,M2 N=1024,9,0,0,0,not comparable,,
0,SD-S2,NARROW,0.01,M2 N=512,M3a,9,0,0,0,not comparable,,
0,SD-S2,NARROW,0.01,M2 N=512,M3b,9,0,0,0,not comparable,,
0,SD-S2,NARROW,0.01,M2 N=1024,M3a,9,0,0,0,not comparable,,
0,SD-S2,NARROW,0.01,M2 N=1024,M3b,9,0,0,0,not comparable,,
0,SD-S2,NARROW,0.01,M3a,M3b,9,0,0,0,not comparable,,
1,SD-H0,TAB,0.1,M0,M1,5,5,0,0,not comparable,,
1,SD-H0,TAB,0.1,M0,M2 N=128,5,5,0,0,not comparable,,
1,SD-H0,TAB,0.1,M0,M2 N=512,5,5,0,0,not comparable,,
1,SD-H0,TAB,0.1,M0,M2 N=1024,5,5,0,0,not comparable,,
1,SD-H0,TAB,0.1,M0,M3a,5,5,0,0,not comparable,,
1,SD-H0,TAB,0.1,M0,M3b,5,5,0,0,not comparable,,
1,SD-H0,TAB,0.1,M1,M2 N=128,5,0,0,0,not comparable,,
1,SD-H0,TAB,0.1,M1,M2 N=512,5,0,0,0,not comparable,,
1,SD-H0,TAB,0.1,M1,M2 N=1024,5,0,0,0,not comparable,,
1,SD-H0,TAB,0.1,M1,M3a,5,0,0,0,not comparable,,
1,SD-H0,TAB,0.1,M1,M3b,5,0,0,0,not comparable,,
1,SD-H0,TAB,0.1,M2 N=128,M2 N=512,5,0,0,0,not comparable,,
1,SD-H0,TAB,0.1,M2 N=128,M2 N=1024,5,0,0,0,not comparable,,
1,SD-H0,TAB,0.1,M2 N=128,M3a,5,0,0,0,not comparable,,
1,SD-H0,TAB,0.1,M2 N=128,M3b,5,0,0,0,not comparable,,
1,SD-H0,TAB,0.1,M2 N=512,M2 N=1024,5,0,0,0,not comparable,,
1,SD-H0,TAB,0.1,M2 N=512,M3a,5,0,0,0,not comparable,,
1,SD-H0,TAB,0.1,M2 N=512,M3b,5,0,0,0,not comparable,,
1,SD-H0,TAB,0.1,M2 N=1024,M3a,5,0,0,0,not comparable,,
1,SD-H0,TAB,0.1,M2 N=1024,M3b,5,0,0,0,not comparable,,
1,SD-H0,TAB,0.1,M3a,M3b,5,0,0,0,not comparable,,
1,SD-H0,TAB,0.05,M0,M1,5,5,0,0,not comparable,,
1,SD-H0,TAB,0.05,M0,M2 N=128,5,5,0,0,not comparable,,
1,SD-H0,TAB,0.05,M0,M2 N=512,5,5,0,0,not comparable,,
1,SD-H0,TAB,0.05,M0,M2 N=1024,5,5,0,0,not comparable,,
1,SD-H0,TAB,0.05,M0,M3a,5,5,0,0,not comparable,,
1,SD-H0,TAB,0.05,M0,M3b,5,5,0,0,not comparable,,
1,SD-H0,TAB,0.05,M1,M2 N=128,5,0,0,0,not comparable,,
1,SD-H0,TAB,0.05,M1,M2 N=512,5,0,0,0,not comparable,,
1,SD-H0,TAB,0.05,M1,M2 N=1024,5,0,0,0,not comparable,,
1,SD-H0,TAB,0.05,M1,M3a,5,0,0,0,not comparable,,
1,SD-H0,TAB,0.05,M1,M3b,5,0,0,0,not comparable,,
1,SD-H0,TAB,0.05,M2 N=128,M2 N=512,5,0,0,0,not comparable,,
1,SD-H0,TAB,0.05,M2 N=128,M2 N=1024,5,0,0,0,not comparable,,
1,SD-H0,TAB,0.05,M2 N=128,M3a,5,0,0,0,not comparable,,
1,SD-H0,TAB,0.05,M2 N=128,M3b,5,0,0,0,not comparable,,
1,SD-H0,TAB,0.05,M2 N=512,M2 N=1024,5,0,0,0,not comparable,,
1,SD-H0,TAB,0.05,M2 N=512,M3a,5,0,0,0,not comparable,,
1,SD-H0,TAB,0.05,M2 N=512,M3b,5,0,0,0,not comparable,,
1,SD-H0,TAB,0.05,M2 N=1024,M3a,5,0,0,0,not comparable,,
1,SD-H0,TAB,0.05,M2 N=1024,M3b,5,0,0,0,not comparable,,
1,SD-H0,TAB,0.05,M3a,M3b,5,0,0,0,not comparable,,
1,SD-H0,TAB,0.01,M0,M1,5,5,0,0,not comparable,,
1,SD-H0,TAB,0.01,M0,M2 N=128,5,5,0,0,not comparable,,
1,SD-H0,TAB,0.01,M0,M2 N=512,5,5,0,0,not comparable,,
1,SD-H0,TAB,0.01,M0,M2 N=1024,5,5,0,0,not comparable,,
1,SD-H0,TAB,0.01,M0,M3a,5,5,0,0,not comparable,,
1,SD-H0,TAB,0.01,M0,M3b,5,5,0,0,not comparable,,
1,SD-H0,TAB,0.01,M1,M2 N=128,5,0,0,0,not comparable,,
1,SD-H0,TAB,0.01,M1,M2 N=512,5,0,0,0,not comparable,,
1,SD-H0,TAB,0.01,M1,M2 N=1024,5,0,0,0,not comparable,,
1,SD-H0,TAB,0.01,M1,M3a,5,0,0,0,not comparable,,
1,SD-H0,TAB,0.01,M1,M3b,5,0,0,0,not comparable,,
1,SD-H0,TAB,0.01,M2 N=128,M2 N=512,5,0,0,0,not comparable,,
1,SD-H0,TAB,0.01,M2 N=128,M2 N=1024,5,0,0,0,not comparable,,
1,SD-H0,TAB,0.01,M2 N=128,M3a,5,0,0,0,not comparable,,
1,SD-H0,TAB,0.01,M2 N=128,M3b,5,0,0,0,not comparable,,
1,SD-H0,TAB,0.01,M2 N=512,M2 N=1024,5,0,0,0,not comparable,,
1,SD-H0,TAB,0.01,M2 N=512,M3a,5,0,0,0,not comparable,,
1,SD-H0,TAB,0.01,M2 N=512,M3b,5,0,0,0,not comparable,,
1,SD-H0,TAB,0.01,M2 N=1024,M3a,5,0,0,0,not comparable,,
1,SD-H0,TAB,0.01,M2 N=1024,M3b,5,0,0,0,not comparable,,
1,SD-H0,TAB,0.01,M3a,M3b,5,0,0,0,not comparable,,
1,SD-SRC12,SRC12,0.1,M0,M1,5,5,0,0,not comparable,,
1,SD-SRC12,SRC12,0.1,M0,M2 N=128,5,5,0,0,not comparable,,
1,SD-SRC12,SRC12,0.1,M0,M2 N=512,5,5,0,0,not comparable,,
1,SD-SRC12,SRC12,0.1,M0,M2 N=1024,5,5,0,0,not comparable,,
1,SD-SRC12,SRC12,0.1,M0,M3a,5,5,0,0,not comparable,,
1,SD-SRC12,SRC12,0.1,M0,M3b,5,5,0,0,not comparable,,
1,SD-SRC12,SRC12,0.1,M1,M2 N=128,5,0,0,0,not comparable,,
1,SD-SRC12,SRC12,0.1,M1,M2 N=512,5,0,0,0,not comparable,,
1,SD-SRC12,SRC12,0.1,M1,M2 N=1024,5,0,0,0,not comparable,,
1,SD-SRC12,SRC12,0.1,M1,M3a,5,0,0,0,not comparable,,
1,SD-SRC12,SRC12,0.1,M1,M3b,5,0,0,0,not comparable,,
1,SD-SRC12,SRC12,0.1,M2 N=128,M2 N=512,5,0,0,0,not comparable,,
1,SD-SRC12,SRC12,0.1,M2 N=128,M2 N=1024,5,0,0,0,not comparable,,
1,SD-SRC12,SRC12,0.1,M2 N=128,M3a,5,0,0,0,not comparable,,
1,SD-SRC12,SRC12,0.1,M2 N=128,M3b,5,0,0,0,not comparable,,
1,SD-SRC12,SRC12,0.1,M2 N=512,M2 N=1024,5,0,0,0,not comparable,,
1,SD-SRC12,SRC12,0.1,M2 N=512,M3a,5,0,0,0,not comparable,,
1,SD-SRC12,SRC12,0.1,M2 N=512,M3b,5,0,0,0,not comparable,,
1,SD-SRC12,SRC12,0.1,M2 N=1024,M3a,5,0,0,0,not comparable,,
1,SD-SRC12,SRC12,0.1,M2 N=1024,M3b,5,0,0,0,not comparable,,
1,SD-SRC12,SRC12,0.1,M3a,M3b,5,0,0,0,not comparable,,
1,SD-SRC12,SRC12,0.05,M0,M1,5,5,0,0,not comparable,,
1,SD-SRC12,SRC12,0.05,M0,M2 N=128,5,5,0,0,not comparable,,
1,SD-SRC12,SRC12,0.05,M0,M2 N=512,5,5,0,0,not comparable,,
1,SD-SRC12,SRC12,0.05,M0,M2 N=1024,5,5,0,0,not comparable,,
1,SD-SRC12,SRC12,0.05,M0,M3a,5,5,0,0,not comparable,,
1,SD-SRC12,SRC12,0.05,M0,M3b,5,5,0,0,not comparable,,
1,SD-SRC12,SRC12,0.05,M1,M2 N=128,5,0,0,0,not comparable,,
1,SD-SRC12,SRC12,0.05,M1,M2 N=512,5,0,0,0,not comparable,,
1,SD-SRC12,SRC12,0.05,M1,M2 N=1024,5,0,0,0,not comparable,,
1,SD-SRC12,SRC12,0.05,M1,M3a,5,0,0,0,not comparable,,
1,SD-SRC12,SRC12,0.05,M1,M3b,5,0,0,0,not comparable,,
1,SD-SRC12,SRC12,0.05,M2 N=128,M2 N=512,5,0,0,0,not comparable,,
1,SD-SRC12,SRC12,0.05,M2 N=128,M2 N=1024,5,0,0,0,not comparable,,
1,SD-SRC12,SRC12,0.05,M2 N=128,M3a,5,0,0,0,not comparable,,
1,SD-SRC12,SRC12,0.05,M2 N=128,M3b,5,0,0,0,not comparable,,
1,SD-SRC12,SRC12,0.05,M2 N=512,M2 N=1024,5,0,0,0,not comparable,,
1,SD-SRC12,SRC12,0.05,M2 N=512,M3a,5,0,0,0,not comparable,,
1,SD-SRC12,SRC12,0.05,M2 N=512,M3b,5,0,0,0,not comparable,,
1,SD-SRC12,SRC12,0.05,M2 N=1024,M3a,5,0,0,0,not comparable,,
1,SD-SRC12,SRC12,0.05,M2 N=1024,M3b,5,0,0,0,not comparable,,
1,SD-SRC12,SRC12,0.05,M3a,M3b,5,0,0,0,not comparable,,
1,SD-SRC12,SRC12,0.01,M0,M1,5,5,0,0,not comparable,,
1,SD-SRC12,SRC12,0.01,M0,M2 N=128,5,5,0,0,not comparable,,
1,SD-SRC12,SRC12,0.01,M0,M2 N=512,5,5,0,0,not comparable,,
1,SD-SRC12,SRC12,0.01,M0,M2 N=1024,5,5,0,0,not comparable,,
1,SD-SRC12,SRC12,0.01,M0,M3a,5,5,0,0,not comparable,,
1,SD-SRC12,SRC12,0.01,M0,M3b,5,5,0,0,not comparable,,
1,SD-SRC12,SRC12,0.01,M1,M2 N=128,5,0,0,0,not comparable,,
1,SD-SRC12,SRC12,0.01,M1,M2 N=512,5,0,0,0,not comparable,,
1,SD-SRC12,SRC12,0.01,M1,M2 N=1024,5,0,0,0,not comparable,,
1,SD-SRC12,SRC12,0.01,M1,M3a,5,0,0,0,not comparable,,
1,SD-SRC12,SRC12,0.01,M1,M3b,5,0,0,0,not comparable,,
1,SD-SRC12,SRC12,0.01,M2 N=128,M2 N=512,5,0,0,0,not comparable,,
1,SD-SRC12,SRC12,0.01,M2 N=128,M2 N=1024,5,0,0,0,not comparable,,
1,SD-SRC12,SRC12,0.01,M2 N=128,M3a,5,0,0,0,not comparable,,
1,SD-SRC12,SRC12,0.01,M2 N=128,M3b,5,0,0,0,not comparable,,
1,SD-SRC12,SRC12,0.01,M2 N=512,M2 N=1024,5,0,0,0,not comparable,,
1,SD-SRC12,SRC12,0.01,M2 N=512,M3a,5,0,0,0,not comparable,,
1,SD-SRC12,SRC12,0.01,M2 N=512,M3b,5,0,0,0,not comparable,,
1,SD-SRC12,SRC12,0.01,M2 N=1024,M3a,5,0,0,0,not comparable,,
1,SD-SRC12,SRC12,0.01,M2 N=1024,M3b,5,0,0,0,not comparable,,
1,SD-SRC12,SRC12,0.01,M3a,M3b,5,0,0,0,not comparable,,
1,SD-SRC14,SRC14,0.1,M0,M1,5,5,0,0,not comparable,,
1,SD-SRC14,SRC14,0.1,M0,M2 N=128,5,5,0,0,not comparable,,
1,SD-SRC14,SRC14,0.1,M0,M2 N=512,5,5,0,0,not comparable,,
1,SD-SRC14,SRC14,0.1,M0,M2 N=1024,5,5,0,0,not comparable,,
1,SD-SRC14,SRC14,0.1,M0,M3a,5,5,0,0,not comparable,,
1,SD-SRC14,SRC14,0.1,M0,M3b,5,5,0,0,not comparable,,
1,SD-SRC14,SRC14,0.1,M1,M2 N=128,5,0,0,0,not comparable,,
1,SD-SRC14,SRC14,0.1,M1,M2 N=512,5,0,0,0,not comparable,,
1,SD-SRC14,SRC14,0.1,M1,M2 N=1024,5,0,0,0,not comparable,,
1,SD-SRC14,SRC14,0.1,M1,M3a,5,0,0,0,not comparable,,
1,SD-SRC14,SRC14,0.1,M1,M3b,5,0,0,0,not comparable,,
1,SD-SRC14,SRC14,0.1,M2 N=128,M2 N=512,5,0,0,0,not comparable,,
1,SD-SRC14,SRC14,0.1,M2 N=128,M2 N=1024,5,0,0,0,not comparable,,
1,SD-SRC14,SRC14,0.1,M2 N=128,M3a,5,0,0,0,not comparable,,
1,SD-SRC14,SRC14,0.1,M2 N=128,M3b,5,0,0,0,not comparable,,
1,SD-SRC14,SRC14,0.1,M2 N=512,M2 N=1024,5,0,0,0,not comparable,,
1,SD-SRC14,SRC14,0.1,M2 N=512,M3a,5,0,0,0,not comparable,,
1,SD-SRC14,SRC14,0.1,M2 N=512,M3b,5,0,0,0,not comparable,,
1,SD-SRC14,SRC14,0.1,M2 N=1024,M3a,5,0,0,0,not comparable,,
1,SD-SRC14,SRC14,0.1,M2 N=1024,M3b,5,0,0,0,not comparable,,
1,SD-SRC14,SRC14,0.1,M3a,M3b,5,0,0,0,not comparable,,
1,SD-SRC14,SRC14,0.05,M0,M1,5,5,0,0,not comparable,,
1,SD-SRC14,SRC14,0.05,M0,M2 N=128,5,5,0,0,not comparable,,
1,SD-SRC14,SRC14,0.05,M0,M2 N=512,5,5,0,0,not comparable,,
1,SD-SRC14,SRC14,0.05,M0,M2 N=1024,5,5,0,0,not comparable,,
1,SD-SRC14,SRC14,0.05,M0,M3a,5,5,0,0,not comparable,,
1,SD-SRC14,SRC14,0.05,M0,M3b,5,5,0,0,not comparable,,
1,SD-SRC14,SRC14,0.05,M1,M2 N=128,5,0,0,0,not comparable,,
1,SD-SRC14,SRC14,0.05,M1,M2 N=512,5,0,0,0,not comparable,,
1,SD-SRC14,SRC14,0.05,M1,M2 N=1024,5,0,0,0,not comparable,,
1,SD-SRC14,SRC14,0.05,M1,M3a,5,0,0,0,not comparable,,
1,SD-SRC14,SRC14,0.05,M1,M3b,5,0,0,0,not comparable,,
1,SD-SRC14,SRC14,0.05,M2 N=128,M2 N=512,5,0,0,0,not comparable,,
1,SD-SRC14,SRC14,0.05,M2 N=128,M2 N=1024,5,0,0,0,not comparable,,
1,SD-SRC14,SRC14,0.05,M2 N=128,M3a,5,0,0,0,not comparable,,
1,SD-SRC14,SRC14,0.05,M2 N=128,M3b,5,0,0,0,not comparable,,
1,SD-SRC14,SRC14,0.05,M2 N=512,M2 N=1024,5,0,0,0,not comparable,,
1,SD-SRC14,SRC14,0.05,M2 N=512,M3a,5,0,0,0,not comparable,,
1,SD-SRC14,SRC14,0.05,M2 N=512,M3b,5,0,0,0,not comparable,,
1,SD-SRC14,SRC14,0.05,M2 N=1024,M3a,5,0,0,0,not comparable,,
1,SD-SRC14,SRC14,0.05,M2 N=1024,M3b,5,0,0,0,not comparable,,
1,SD-SRC14,SRC14,0.05,M3a,M3b,5,0,0,0,not comparable,,
1,SD-SRC14,SRC14,0.01,M0,M1,5,5,0,0,not comparable,,
1,SD-SRC14,SRC14,0.01,M0,M2 N=128,5,5,0,0,not comparable,,
1,SD-SRC14,SRC14,0.01,M0,M2 N=512,5,5,0,0,not comparable,,
1,SD-SRC14,SRC14,0.01,M0,M2 N=1024,5,5,0,0,not comparable,,
1,SD-SRC14,SRC14,0.01,M0,M3a,5,5,0,0,not comparable,,
1,SD-SRC14,SRC14,0.01,M0,M3b,5,5,0,0,not comparable,,
1,SD-SRC14,SRC14,0.01,M1,M2 N=128,5,0,0,0,not comparable,,
1,SD-SRC14,SRC14,0.01,M1,M2 N=512,5,0,0,0,not comparable,,
1,SD-SRC14,SRC14,0.01,M1,M2 N=1024,5,0,0,0,not comparable,,
1,SD-SRC14,SRC14,0.01,M1,M3a,5,0,0,0,not comparable,,
1,SD-SRC14,SRC14,0.01,M1,M3b,5,0,0,0,not comparable,,
1,SD-SRC14,SRC14,0.01,M2 N=128,M2 N=512,5,0,0,0,not comparable,,
1,SD-SRC14,SRC14,0.01,M2 N=128,M2 N=1024,5,0,0,0,not comparable,,
1,SD-SRC14,SRC14,0.01,M2 N=128,M3a,5,0,0,0,not comparable,,
1,SD-SRC14,SRC14,0.01,M2 N=128,M3b,5,0,0,0,not comparable,,
1,SD-SRC14,SRC14,0.01,M2 N=512,M2 N=1024,5,0,0,0,not comparable,,
1,SD-SRC14,SRC14,0.01,M2 N=512,M3a,5,0,0,0,not comparable,,
1,SD-SRC14,SRC14,0.01,M2 N=512,M3b,5,0,0,0,not comparable,,
1,SD-SRC14,SRC14,0.01,M2 N=1024,M3a,5,0,0,0,not comparable,,
1,SD-SRC14,SRC14,0.01,M2 N=1024,M3b,5,0,0,0,not comparable,,
1,SD-SRC14,SRC14,0.01,M3a,M3b,5,0,0,0,not comparable,,
1,SD-12MO,MO12,0.1,M0,M1,5,5,0,0,not comparable,,
1,SD-12MO,MO12,0.1,M0,M2 N=128,5,5,0,0,not comparable,,
1,SD-12MO,MO12,0.1,M0,M2 N=512,5,5,0,0,not comparable,,
1,SD-12MO,MO12,0.1,M0,M2 N=1024,5,5,0,0,not comparable,,
1,SD-12MO,MO12,0.1,M0,M3a,5,5,0,0,not comparable,,
1,SD-12MO,MO12,0.1,M0,M3b,5,5,0,0,not comparable,,
1,SD-12MO,MO12,0.1,M1,M2 N=128,5,0,0,0,not comparable,,
1,SD-12MO,MO12,0.1,M1,M2 N=512,5,0,0,0,not comparable,,
1,SD-12MO,MO12,0.1,M1,M2 N=1024,5,0,0,0,not comparable,,
1,SD-12MO,MO12,0.1,M1,M3a,5,0,0,0,not comparable,,
1,SD-12MO,MO12,0.1,M1,M3b,5,0,0,0,not comparable,,
1,SD-12MO,MO12,0.1,M2 N=128,M2 N=512,5,0,0,0,not comparable,,
1,SD-12MO,MO12,0.1,M2 N=128,M2 N=1024,5,0,0,0,not comparable,,
1,SD-12MO,MO12,0.1,M2 N=128,M3a,5,0,0,0,not comparable,,
1,SD-12MO,MO12,0.1,M2 N=128,M3b,5,0,0,0,not comparable,,
1,SD-12MO,MO12,0.1,M2 N=512,M2 N=1024,5,0,0,0,not comparable,,
1,SD-12MO,MO12,0.1,M2 N=512,M3a,5,0,0,0,not comparable,,
1,SD-12MO,MO12,0.1,M2 N=512,M3b,5,0,0,0,not comparable,,
1,SD-12MO,MO12,0.1,M2 N=1024,M3a,5,0,0,0,not comparable,,
1,SD-12MO,MO12,0.1,M2 N=1024,M3b,5,0,0,0,not comparable,,
1,SD-12MO,MO12,0.1,M3a,M3b,5,0,0,0,not comparable,,
1,SD-12MO,MO12,0.05,M0,M1,5,5,0,0,not comparable,,
1,SD-12MO,MO12,0.05,M0,M2 N=128,5,5,0,0,not comparable,,
1,SD-12MO,MO12,0.05,M0,M2 N=512,5,5,0,0,not comparable,,
1,SD-12MO,MO12,0.05,M0,M2 N=1024,5,5,0,0,not comparable,,
1,SD-12MO,MO12,0.05,M0,M3a,5,5,0,0,not comparable,,
1,SD-12MO,MO12,0.05,M0,M3b,5,5,0,0,not comparable,,
1,SD-12MO,MO12,0.05,M1,M2 N=128,5,0,0,0,not comparable,,
1,SD-12MO,MO12,0.05,M1,M2 N=512,5,0,0,0,not comparable,,
1,SD-12MO,MO12,0.05,M1,M2 N=1024,5,0,0,0,not comparable,,
1,SD-12MO,MO12,0.05,M1,M3a,5,0,0,0,not comparable,,
1,SD-12MO,MO12,0.05,M1,M3b,5,0,0,0,not comparable,,
1,SD-12MO,MO12,0.05,M2 N=128,M2 N=512,5,0,0,0,not comparable,,
1,SD-12MO,MO12,0.05,M2 N=128,M2 N=1024,5,0,0,0,not comparable,,
1,SD-12MO,MO12,0.05,M2 N=128,M3a,5,0,0,0,not comparable,,
1,SD-12MO,MO12,0.05,M2 N=128,M3b,5,0,0,0,not comparable,,
1,SD-12MO,MO12,0.05,M2 N=512,M2 N=1024,5,0,0,0,not comparable,,
1,SD-12MO,MO12,0.05,M2 N=512,M3a,5,0,0,0,not comparable,,
1,SD-12MO,MO12,0.05,M2 N=512,M3b,5,0,0,0,not comparable,,
1,SD-12MO,MO12,0.05,M2 N=1024,M3a,5,0,0,0,not comparable,,
1,SD-12MO,MO12,0.05,M2 N=1024,M3b,5,0,0,0,not comparable,,
1,SD-12MO,MO12,0.05,M3a,M3b,5,0,0,0,not comparable,,
1,SD-12MO,MO12,0.01,M0,M1,5,5,0,0,not comparable,,
1,SD-12MO,MO12,0.01,M0,M2 N=128,5,5,0,0,not comparable,,
1,SD-12MO,MO12,0.01,M0,M2 N=512,5,5,0,0,not comparable,,
1,SD-12MO,MO12,0.01,M0,M2 N=1024,5,5,0,0,not comparable,,
1,SD-12MO,MO12,0.01,M0,M3a,5,5,0,0,not comparable,,
1,SD-12MO,MO12,0.01,M0,M3b,5,5,0,0,not comparable,,
1,SD-12MO,MO12,0.01,M1,M2 N=128,5,0,0,0,not comparable,,
1,SD-12MO,MO12,0.01,M1,M2 N=512,5,0,0,0,not comparable,,
1,SD-12MO,MO12,0.01,M1,M2 N=1024,5,0,0,0,not comparable,,
1,SD-12MO,MO12,0.01,M1,M3a,5,0,0,0,not comparable,,
1,SD-12MO,MO12,0.01,M1,M3b,5,0,0,0,not comparable,,
1,SD-12MO,MO12,0.01,M2 N=128,M2 N=512,5,0,0,0,not comparable,,
1,SD-12MO,MO12,0.01,M2 N=128,M2 N=1024,5,0,0,0,not comparable,,
1,SD-12MO,MO12,0.01,M2 N=128,M3a,5,0,0,0,not comparable,,
1,SD-12MO,MO12,0.01,M2 N=128,M3b,5,0,0,0,not comparable,,
1,SD-12MO,MO12,0.01,M2 N=512,M2 N=1024,5,0,0,0,not comparable,,
1,SD-12MO,MO12,0.01,M2 N=512,M3a,5,0,0,0,not comparable,,
1,SD-12MO,MO12,0.01,M2 N=512,M3b,5,0,0,0,not comparable,,
1,SD-12MO,MO12,0.01,M2 N=1024,M3a,5,0,0,0,not comparable,,
1,SD-12MO,MO12,0.01,M2 N=1024,M3b,5,0,0,0,not comparable,,
1,SD-12MO,MO12,0.01,M3a,M3b,5,0,0,0,not comparable,,
1,SD-S2,NARROW,0.1,M0,M1,5,5,0,0,not comparable,,
1,SD-S2,NARROW,0.1,M0,M2 N=128,5,5,0,0,not comparable,,
1,SD-S2,NARROW,0.1,M0,M2 N=512,5,5,0,0,not comparable,,
1,SD-S2,NARROW,0.1,M0,M2 N=1024,5,5,0,0,not comparable,,
1,SD-S2,NARROW,0.1,M0,M3a,5,5,0,0,not comparable,,
1,SD-S2,NARROW,0.1,M0,M3b,5,5,0,0,not comparable,,
1,SD-S2,NARROW,0.1,M1,M2 N=128,5,0,0,0,not comparable,,
1,SD-S2,NARROW,0.1,M1,M2 N=512,5,0,0,0,not comparable,,
1,SD-S2,NARROW,0.1,M1,M2 N=1024,5,0,0,0,not comparable,,
1,SD-S2,NARROW,0.1,M1,M3a,5,0,0,0,not comparable,,
1,SD-S2,NARROW,0.1,M1,M3b,5,0,0,0,not comparable,,
1,SD-S2,NARROW,0.1,M2 N=128,M2 N=512,5,0,0,0,not comparable,,
1,SD-S2,NARROW,0.1,M2 N=128,M2 N=1024,5,0,0,0,not comparable,,
1,SD-S2,NARROW,0.1,M2 N=128,M3a,5,0,0,0,not comparable,,
1,SD-S2,NARROW,0.1,M2 N=128,M3b,5,0,0,0,not comparable,,
1,SD-S2,NARROW,0.1,M2 N=512,M2 N=1024,5,0,0,0,not comparable,,
1,SD-S2,NARROW,0.1,M2 N=512,M3a,5,0,0,0,not comparable,,
1,SD-S2,NARROW,0.1,M2 N=512,M3b,5,0,0,0,not comparable,,
1,SD-S2,NARROW,0.1,M2 N=1024,M3a,5,0,0,0,not comparable,,
1,SD-S2,NARROW,0.1,M2 N=1024,M3b,5,0,0,0,not comparable,,
1,SD-S2,NARROW,0.1,M3a,M3b,5,0,0,0,not comparable,,
1,SD-S2,NARROW,0.05,M0,M1,5,5,0,0,not comparable,,
1,SD-S2,NARROW,0.05,M0,M2 N=128,5,5,0,0,not comparable,,
1,SD-S2,NARROW,0.05,M0,M2 N=512,5,5,0,0,not comparable,,
1,SD-S2,NARROW,0.05,M0,M2 N=1024,5,5,0,0,not comparable,,
1,SD-S2,NARROW,0.05,M0,M3a,5,5,0,0,not comparable,,
1,SD-S2,NARROW,0.05,M0,M3b,5,5,0,0,not comparable,,
1,SD-S2,NARROW,0.05,M1,M2 N=128,5,0,0,0,not comparable,,
1,SD-S2,NARROW,0.05,M1,M2 N=512,5,0,0,0,not comparable,,
1,SD-S2,NARROW,0.05,M1,M2 N=1024,5,0,0,0,not comparable,,
1,SD-S2,NARROW,0.05,M1,M3a,5,0,0,0,not comparable,,
1,SD-S2,NARROW,0.05,M1,M3b,5,0,0,0,not comparable,,
1,SD-S2,NARROW,0.05,M2 N=128,M2 N=512,5,0,0,0,not comparable,,
1,SD-S2,NARROW,0.05,M2 N=128,M2 N=1024,5,0,0,0,not comparable,,
1,SD-S2,NARROW,0.05,M2 N=128,M3a,5,0,0,0,not comparable,,
1,SD-S2,NARROW,0.05,M2 N=128,M3b,5,0,0,0,not comparable,,
1,SD-S2,NARROW,0.05,M2 N=512,M2 N=1024,5,0,0,0,not comparable,,
1,SD-S2,NARROW,0.05,M2 N=512,M3a,5,0,0,0,not comparable,,
1,SD-S2,NARROW,0.05,M2 N=512,M3b,5,0,0,0,not comparable,,
1,SD-S2,NARROW,0.05,M2 N=1024,M3a,5,0,0,0,not comparable,,
1,SD-S2,NARROW,0.05,M2 N=1024,M3b,5,0,0,0,not comparable,,
1,SD-S2,NARROW,0.05,M3a,M3b,5,0,0,0,not comparable,,
1,SD-S2,NARROW,0.01,M0,M1,5,5,0,0,not comparable,,
1,SD-S2,NARROW,0.01,M0,M2 N=128,5,5,0,0,not comparable,,
1,SD-S2,NARROW,0.01,M0,M2 N=512,5,5,0,0,not comparable,,
1,SD-S2,NARROW,0.01,M0,M2 N=1024,5,5,0,0,not comparable,,
1,SD-S2,NARROW,0.01,M0,M3a,5,5,0,0,not comparable,,
1,SD-S2,NARROW,0.01,M0,M3b,5,5,0,0,not comparable,,
1,SD-S2,NARROW,0.01,M1,M2 N=128,5,0,0,0,not comparable,,
1,SD-S2,NARROW,0.01,M1,M2 N=512,5,0,0,0,not comparable,,
1,SD-S2,NARROW,0.01,M1,M2 N=1024,5,0,0,0,not comparable,,
1,SD-S2,NARROW,0.01,M1,M3a,5,0,0,0,not comparable,,
1,SD-S2,NARROW,0.01,M1,M3b,5,0,0,0,not comparable,,
1,SD-S2,NARROW,0.01,M2 N=128,M2 N=512,5,0,0,0,not comparable,,
1,SD-S2,NARROW,0.01,M2 N=128,M2 N=1024,5,0,0,0,not comparable,,
1,SD-S2,NARROW,0.01,M2 N=128,M3a,5,0,0,0,not comparable,,
1,SD-S2,NARROW,0.01,M2 N=128,M3b,5,0,0,0,not comparable,,
1,SD-S2,NARROW,0.01,M2 N=512,M2 N=1024,5,0,0,0,not comparable,,
1,SD-S2,NARROW,0.01,M2 N=512,M3a,5,0,0,0,not comparable,,
1,SD-S2,NARROW,0.01,M2 N=512,M3b,5,0,0,0,not comparable,,
1,SD-S2,NARROW,0.01,M2 N=1024,M3a,5,0,0,0,not comparable,,
1,SD-S2,NARROW,0.01,M2 N=1024,M3b,5,0,0,0,not comparable,,
1,SD-S2,NARROW,0.01,M3a,M3b,5,0,0,0,not comparable,,
2,SD-H0,TAB,0.1,M0,M1,5,5,0,0,not comparable,,
2,SD-H0,TAB,0.1,M0,M2 N=128,5,5,0,0,not comparable,,
2,SD-H0,TAB,0.1,M0,M2 N=512,5,5,0,0,not comparable,,
2,SD-H0,TAB,0.1,M0,M2 N=1024,5,5,0,0,not comparable,,
2,SD-H0,TAB,0.1,M0,M3a,5,5,0,0,not comparable,,
2,SD-H0,TAB,0.1,M0,M3b,5,5,0,0,not comparable,,
2,SD-H0,TAB,0.1,M1,M2 N=128,5,0,0,0,not comparable,,
2,SD-H0,TAB,0.1,M1,M2 N=512,5,0,0,0,not comparable,,
2,SD-H0,TAB,0.1,M1,M2 N=1024,5,0,0,0,not comparable,,
2,SD-H0,TAB,0.1,M1,M3a,5,0,0,0,not comparable,,
2,SD-H0,TAB,0.1,M1,M3b,5,0,0,0,not comparable,,
2,SD-H0,TAB,0.1,M2 N=128,M2 N=512,5,0,0,0,not comparable,,
2,SD-H0,TAB,0.1,M2 N=128,M2 N=1024,5,0,0,0,not comparable,,
2,SD-H0,TAB,0.1,M2 N=128,M3a,5,0,0,0,not comparable,,
2,SD-H0,TAB,0.1,M2 N=128,M3b,5,0,0,0,not comparable,,
2,SD-H0,TAB,0.1,M2 N=512,M2 N=1024,5,0,0,0,not comparable,,
2,SD-H0,TAB,0.1,M2 N=512,M3a,5,0,0,0,not comparable,,
2,SD-H0,TAB,0.1,M2 N=512,M3b,5,0,0,0,not comparable,,
2,SD-H0,TAB,0.1,M2 N=1024,M3a,5,0,0,0,not comparable,,
2,SD-H0,TAB,0.1,M2 N=1024,M3b,5,0,0,0,not comparable,,
2,SD-H0,TAB,0.1,M3a,M3b,5,0,0,0,not comparable,,
2,SD-H0,TAB,0.05,M0,M1,5,5,0,0,not comparable,,
2,SD-H0,TAB,0.05,M0,M2 N=128,5,5,0,0,not comparable,,
2,SD-H0,TAB,0.05,M0,M2 N=512,5,5,0,0,not comparable,,
2,SD-H0,TAB,0.05,M0,M2 N=1024,5,5,0,0,not comparable,,
2,SD-H0,TAB,0.05,M0,M3a,5,5,0,0,not comparable,,
2,SD-H0,TAB,0.05,M0,M3b,5,5,0,0,not comparable,,
2,SD-H0,TAB,0.05,M1,M2 N=128,5,0,0,0,not comparable,,
2,SD-H0,TAB,0.05,M1,M2 N=512,5,0,0,0,not comparable,,
2,SD-H0,TAB,0.05,M1,M2 N=1024,5,0,0,0,not comparable,,
2,SD-H0,TAB,0.05,M1,M3a,5,0,0,0,not comparable,,
2,SD-H0,TAB,0.05,M1,M3b,5,0,0,0,not comparable,,
2,SD-H0,TAB,0.05,M2 N=128,M2 N=512,5,0,0,0,not comparable,,
2,SD-H0,TAB,0.05,M2 N=128,M2 N=1024,5,0,0,0,not comparable,,
2,SD-H0,TAB,0.05,M2 N=128,M3a,5,0,0,0,not comparable,,
2,SD-H0,TAB,0.05,M2 N=128,M3b,5,0,0,0,not comparable,,
2,SD-H0,TAB,0.05,M2 N=512,M2 N=1024,5,0,0,0,not comparable,,
2,SD-H0,TAB,0.05,M2 N=512,M3a,5,0,0,0,not comparable,,
2,SD-H0,TAB,0.05,M2 N=512,M3b,5,0,0,0,not comparable,,
2,SD-H0,TAB,0.05,M2 N=1024,M3a,5,0,0,0,not comparable,,
2,SD-H0,TAB,0.05,M2 N=1024,M3b,5,0,0,0,not comparable,,
2,SD-H0,TAB,0.05,M3a,M3b,5,0,0,0,not comparable,,
2,SD-H0,TAB,0.01,M0,M1,5,5,0,0,not comparable,,
2,SD-H0,TAB,0.01,M0,M2 N=128,5,5,0,0,not comparable,,
2,SD-H0,TAB,0.01,M0,M2 N=512,5,5,0,0,not comparable,,
2,SD-H0,TAB,0.01,M0,M2 N=1024,5,5,0,0,not comparable,,
2,SD-H0,TAB,0.01,M0,M3a,5,5,0,0,not comparable,,
2,SD-H0,TAB,0.01,M0,M3b,5,5,0,0,not comparable,,
2,SD-H0,TAB,0.01,M1,M2 N=128,5,0,0,0,not comparable,,
2,SD-H0,TAB,0.01,M1,M2 N=512,5,0,0,0,not comparable,,
2,SD-H0,TAB,0.01,M1,M2 N=1024,5,0,0,0,not comparable,,
2,SD-H0,TAB,0.01,M1,M3a,5,0,0,0,not comparable,,
2,SD-H0,TAB,0.01,M1,M3b,5,0,0,0,not comparable,,
2,SD-H0,TAB,0.01,M2 N=128,M2 N=512,5,0,0,0,not comparable,,
2,SD-H0,TAB,0.01,M2 N=128,M2 N=1024,5,0,0,0,not comparable,,
2,SD-H0,TAB,0.01,M2 N=128,M3a,5,0,0,0,not comparable,,
2,SD-H0,TAB,0.01,M2 N=128,M3b,5,0,0,0,not comparable,,
2,SD-H0,TAB,0.01,M2 N=512,M2 N=1024,5,0,0,0,not comparable,,
2,SD-H0,TAB,0.01,M2 N=512,M3a,5,0,0,0,not comparable,,
2,SD-H0,TAB,0.01,M2 N=512,M3b,5,0,0,0,not comparable,,
2,SD-H0,TAB,0.01,M2 N=1024,M3a,5,0,0,0,not comparable,,
2,SD-H0,TAB,0.01,M2 N=1024,M3b,5,0,0,0,not comparable,,
2,SD-H0,TAB,0.01,M3a,M3b,5,0,0,0,not comparable,,
2,SD-SRC12,SRC12,0.1,M0,M1,5,5,0,0,not comparable,,
2,SD-SRC12,SRC12,0.1,M0,M2 N=128,5,5,0,0,not comparable,,
2,SD-SRC12,SRC12,0.1,M0,M2 N=512,5,5,0,0,not comparable,,
2,SD-SRC12,SRC12,0.1,M0,M2 N=1024,5,5,0,0,not comparable,,
2,SD-SRC12,SRC12,0.1,M0,M3a,5,5,0,0,not comparable,,
2,SD-SRC12,SRC12,0.1,M0,M3b,5,5,0,0,not comparable,,
2,SD-SRC12,SRC12,0.1,M1,M2 N=128,5,0,0,0,not comparable,,
2,SD-SRC12,SRC12,0.1,M1,M2 N=512,5,0,0,0,not comparable,,
2,SD-SRC12,SRC12,0.1,M1,M2 N=1024,5,0,0,0,not comparable,,
2,SD-SRC12,SRC12,0.1,M1,M3a,5,0,0,0,not comparable,,
2,SD-SRC12,SRC12,0.1,M1,M3b,5,0,0,0,not comparable,,
2,SD-SRC12,SRC12,0.1,M2 N=128,M2 N=512,5,0,0,0,not comparable,,
2,SD-SRC12,SRC12,0.1,M2 N=128,M2 N=1024,5,0,0,0,not comparable,,
2,SD-SRC12,SRC12,0.1,M2 N=128,M3a,5,0,0,0,not comparable,,
2,SD-SRC12,SRC12,0.1,M2 N=128,M3b,5,0,0,0,not comparable,,
2,SD-SRC12,SRC12,0.1,M2 N=512,M2 N=1024,5,0,0,0,not comparable,,
2,SD-SRC12,SRC12,0.1,M2 N=512,M3a,5,0,0,0,not comparable,,
2,SD-SRC12,SRC12,0.1,M2 N=512,M3b,5,0,0,0,not comparable,,
2,SD-SRC12,SRC12,0.1,M2 N=1024,M3a,5,0,0,0,not comparable,,
2,SD-SRC12,SRC12,0.1,M2 N=1024,M3b,5,0,0,0,not comparable,,
2,SD-SRC12,SRC12,0.1,M3a,M3b,5,0,0,0,not comparable,,
2,SD-SRC12,SRC12,0.05,M0,M1,5,5,0,0,not comparable,,
2,SD-SRC12,SRC12,0.05,M0,M2 N=128,5,5,0,0,not comparable,,
2,SD-SRC12,SRC12,0.05,M0,M2 N=512,5,5,0,0,not comparable,,
2,SD-SRC12,SRC12,0.05,M0,M2 N=1024,5,5,0,0,not comparable,,
2,SD-SRC12,SRC12,0.05,M0,M3a,5,5,0,0,not comparable,,
2,SD-SRC12,SRC12,0.05,M0,M3b,5,5,0,0,not comparable,,
2,SD-SRC12,SRC12,0.05,M1,M2 N=128,5,0,0,0,not comparable,,
2,SD-SRC12,SRC12,0.05,M1,M2 N=512,5,0,0,0,not comparable,,
2,SD-SRC12,SRC12,0.05,M1,M2 N=1024,5,0,0,0,not comparable,,
2,SD-SRC12,SRC12,0.05,M1,M3a,5,0,0,0,not comparable,,
2,SD-SRC12,SRC12,0.05,M1,M3b,5,0,0,0,not comparable,,
2,SD-SRC12,SRC12,0.05,M2 N=128,M2 N=512,5,0,0,0,not comparable,,
2,SD-SRC12,SRC12,0.05,M2 N=128,M2 N=1024,5,0,0,0,not comparable,,
2,SD-SRC12,SRC12,0.05,M2 N=128,M3a,5,0,0,0,not comparable,,
2,SD-SRC12,SRC12,0.05,M2 N=128,M3b,5,0,0,0,not comparable,,
2,SD-SRC12,SRC12,0.05,M2 N=512,M2 N=1024,5,0,0,0,not comparable,,
2,SD-SRC12,SRC12,0.05,M2 N=512,M3a,5,0,0,0,not comparable,,
2,SD-SRC12,SRC12,0.05,M2 N=512,M3b,5,0,0,0,not comparable,,
2,SD-SRC12,SRC12,0.05,M2 N=1024,M3a,5,0,0,0,not comparable,,
2,SD-SRC12,SRC12,0.05,M2 N=1024,M3b,5,0,0,0,not comparable,,
2,SD-SRC12,SRC12,0.05,M3a,M3b,5,0,0,0,not comparable,,
2,SD-SRC12,SRC12,0.01,M0,M1,5,5,0,0,not comparable,,
2,SD-SRC12,SRC12,0.01,M0,M2 N=128,5,5,0,0,not comparable,,
2,SD-SRC12,SRC12,0.01,M0,M2 N=512,5,5,0,0,not comparable,,
2,SD-SRC12,SRC12,0.01,M0,M2 N=1024,5,5,0,0,not comparable,,
2,SD-SRC12,SRC12,0.01,M0,M3a,5,5,0,0,not comparable,,
2,SD-SRC12,SRC12,0.01,M0,M3b,5,5,0,0,not comparable,,
2,SD-SRC12,SRC12,0.01,M1,M2 N=128,5,0,0,0,not comparable,,
2,SD-SRC12,SRC12,0.01,M1,M2 N=512,5,0,0,0,not comparable,,
2,SD-SRC12,SRC12,0.01,M1,M2 N=1024,5,0,0,0,not comparable,,
2,SD-SRC12,SRC12,0.01,M1,M3a,5,0,0,0,not comparable,,
2,SD-SRC12,SRC12,0.01,M1,M3b,5,0,0,0,not comparable,,
2,SD-SRC12,SRC12,0.01,M2 N=128,M2 N=512,5,0,0,0,not comparable,,
2,SD-SRC12,SRC12,0.01,M2 N=128,M2 N=1024,5,0,0,0,not comparable,,
2,SD-SRC12,SRC12,0.01,M2 N=128,M3a,5,0,0,0,not comparable,,
2,SD-SRC12,SRC12,0.01,M2 N=128,M3b,5,0,0,0,not comparable,,
2,SD-SRC12,SRC12,0.01,M2 N=512,M2 N=1024,5,0,0,0,not comparable,,
2,SD-SRC12,SRC12,0.01,M2 N=512,M3a,5,0,0,0,not comparable,,
2,SD-SRC12,SRC12,0.01,M2 N=512,M3b,5,0,0,0,not comparable,,
2,SD-SRC12,SRC12,0.01,M2 N=1024,M3a,5,0,0,0,not comparable,,
2,SD-SRC12,SRC12,0.01,M2 N=1024,M3b,5,0,0,0,not comparable,,
2,SD-SRC12,SRC12,0.01,M3a,M3b,5,0,0,0,not comparable,,
2,SD-SRC14,SRC14,0.1,M0,M1,5,5,0,0,not comparable,,
2,SD-SRC14,SRC14,0.1,M0,M2 N=128,5,5,0,0,not comparable,,
2,SD-SRC14,SRC14,0.1,M0,M2 N=512,5,5,0,0,not comparable,,
2,SD-SRC14,SRC14,0.1,M0,M2 N=1024,5,5,0,0,not comparable,,
2,SD-SRC14,SRC14,0.1,M0,M3a,5,5,0,0,not comparable,,
2,SD-SRC14,SRC14,0.1,M0,M3b,5,5,0,0,not comparable,,
2,SD-SRC14,SRC14,0.1,M1,M2 N=128,5,0,0,0,not comparable,,
2,SD-SRC14,SRC14,0.1,M1,M2 N=512,5,0,0,0,not comparable,,
2,SD-SRC14,SRC14,0.1,M1,M2 N=1024,5,0,0,0,not comparable,,
2,SD-SRC14,SRC14,0.1,M1,M3a,5,0,0,0,not comparable,,
2,SD-SRC14,SRC14,0.1,M1,M3b,5,0,0,0,not comparable,,
2,SD-SRC14,SRC14,0.1,M2 N=128,M2 N=512,5,0,0,0,not comparable,,
2,SD-SRC14,SRC14,0.1,M2 N=128,M2 N=1024,5,0,0,0,not comparable,,
2,SD-SRC14,SRC14,0.1,M2 N=128,M3a,5,0,0,0,not comparable,,
2,SD-SRC14,SRC14,0.1,M2 N=128,M3b,5,0,0,0,not comparable,,
2,SD-SRC14,SRC14,0.1,M2 N=512,M2 N=1024,5,0,0,0,not comparable,,
2,SD-SRC14,SRC14,0.1,M2 N=512,M3a,5,0,0,0,not comparable,,
2,SD-SRC14,SRC14,0.1,M2 N=512,M3b,5,0,0,0,not comparable,,
2,SD-SRC14,SRC14,0.1,M2 N=1024,M3a,5,0,0,0,not comparable,,
2,SD-SRC14,SRC14,0.1,M2 N=1024,M3b,5,0,0,0,not comparable,,
2,SD-SRC14,SRC14,0.1,M3a,M3b,5,0,0,0,not comparable,,
2,SD-SRC14,SRC14,0.05,M0,M1,5,5,0,0,not comparable,,
2,SD-SRC14,SRC14,0.05,M0,M2 N=128,5,5,0,0,not comparable,,
2,SD-SRC14,SRC14,0.05,M0,M2 N=512,5,5,0,0,not comparable,,
2,SD-SRC14,SRC14,0.05,M0,M2 N=1024,5,5,0,0,not comparable,,
2,SD-SRC14,SRC14,0.05,M0,M3a,5,5,0,0,not comparable,,
2,SD-SRC14,SRC14,0.05,M0,M3b,5,5,0,0,not comparable,,
2,SD-SRC14,SRC14,0.05,M1,M2 N=128,5,0,0,0,not comparable,,
2,SD-SRC14,SRC14,0.05,M1,M2 N=512,5,0,0,0,not comparable,,
2,SD-SRC14,SRC14,0.05,M1,M2 N=1024,5,0,0,0,not comparable,,
2,SD-SRC14,SRC14,0.05,M1,M3a,5,0,0,0,not comparable,,
2,SD-SRC14,SRC14,0.05,M1,M3b,5,0,0,0,not comparable,,
2,SD-SRC14,SRC14,0.05,M2 N=128,M2 N=512,5,0,0,0,not comparable,,
2,SD-SRC14,SRC14,0.05,M2 N=128,M2 N=1024,5,0,0,0,not comparable,,
2,SD-SRC14,SRC14,0.05,M2 N=128,M3a,5,0,0,0,not comparable,,
2,SD-SRC14,SRC14,0.05,M2 N=128,M3b,5,0,0,0,not comparable,,
2,SD-SRC14,SRC14,0.05,M2 N=512,M2 N=1024,5,0,0,0,not comparable,,
2,SD-SRC14,SRC14,0.05,M2 N=512,M3a,5,0,0,0,not comparable,,
2,SD-SRC14,SRC14,0.05,M2 N=512,M3b,5,0,0,0,not comparable,,
2,SD-SRC14,SRC14,0.05,M2 N=1024,M3a,5,0,0,0,not comparable,,
2,SD-SRC14,SRC14,0.05,M2 N=1024,M3b,5,0,0,0,not comparable,,
2,SD-SRC14,SRC14,0.05,M3a,M3b,5,0,0,0,not comparable,,
2,SD-SRC14,SRC14,0.01,M0,M1,5,5,0,0,not comparable,,
2,SD-SRC14,SRC14,0.01,M0,M2 N=128,5,5,0,0,not comparable,,
2,SD-SRC14,SRC14,0.01,M0,M2 N=512,5,5,0,0,not comparable,,
2,SD-SRC14,SRC14,0.01,M0,M2 N=1024,5,5,0,0,not comparable,,
2,SD-SRC14,SRC14,0.01,M0,M3a,5,5,0,0,not comparable,,
2,SD-SRC14,SRC14,0.01,M0,M3b,5,5,0,0,not comparable,,
2,SD-SRC14,SRC14,0.01,M1,M2 N=128,5,0,0,0,not comparable,,
2,SD-SRC14,SRC14,0.01,M1,M2 N=512,5,0,0,0,not comparable,,
2,SD-SRC14,SRC14,0.01,M1,M2 N=1024,5,0,0,0,not comparable,,
2,SD-SRC14,SRC14,0.01,M1,M3a,5,0,0,0,not comparable,,
2,SD-SRC14,SRC14,0.01,M1,M3b,5,0,0,0,not comparable,,
2,SD-SRC14,SRC14,0.01,M2 N=128,M2 N=512,5,0,0,0,not comparable,,
2,SD-SRC14,SRC14,0.01,M2 N=128,M2 N=1024,5,0,0,0,not comparable,,
2,SD-SRC14,SRC14,0.01,M2 N=128,M3a,5,0,0,0,not comparable,,
2,SD-SRC14,SRC14,0.01,M2 N=128,M3b,5,0,0,0,not comparable,,
2,SD-SRC14,SRC14,0.01,M2 N=512,M2 N=1024,5,0,0,0,not comparable,,
2,SD-SRC14,SRC14,0.01,M2 N=512,M3a,5,0,0,0,not comparable,,
2,SD-SRC14,SRC14,0.01,M2 N=512,M3b,5,0,0,0,not comparable,,
2,SD-SRC14,SRC14,0.01,M2 N=1024,M3a,5,0,0,0,not comparable,,
2,SD-SRC14,SRC14,0.01,M2 N=1024,M3b,5,0,0,0,not comparable,,
2,SD-SRC14,SRC14,0.01,M3a,M3b,5,0,0,0,not comparable,,
2,SD-12MO,MO12,0.1,M0,M1,5,5,0,0,not comparable,,
2,SD-12MO,MO12,0.1,M0,M2 N=128,5,5,0,0,not comparable,,
2,SD-12MO,MO12,0.1,M0,M2 N=512,5,5,0,0,not comparable,,
2,SD-12MO,MO12,0.1,M0,M2 N=1024,5,5,0,0,not comparable,,
2,SD-12MO,MO12,0.1,M0,M3a,5,5,0,0,not comparable,,
2,SD-12MO,MO12,0.1,M0,M3b,5,5,0,0,not comparable,,
2,SD-12MO,MO12,0.1,M1,M2 N=128,5,0,0,0,not comparable,,
2,SD-12MO,MO12,0.1,M1,M2 N=512,5,0,0,0,not comparable,,
2,SD-12MO,MO12,0.1,M1,M2 N=1024,5,0,0,0,not comparable,,
2,SD-12MO,MO12,0.1,M1,M3a,5,0,0,0,not comparable,,
2,SD-12MO,MO12,0.1,M1,M3b,5,0,0,0,not comparable,,
2,SD-12MO,MO12,0.1,M2 N=128,M2 N=512,5,0,0,0,not comparable,,
2,SD-12MO,MO12,0.1,M2 N=128,M2 N=1024,5,0,0,0,not comparable,,
2,SD-12MO,MO12,0.1,M2 N=128,M3a,5,0,0,0,not comparable,,
2,SD-12MO,MO12,0.1,M2 N=128,M3b,5,0,0,0,not comparable,,
2,SD-12MO,MO12,0.1,M2 N=512,M2 N=1024,5,0,0,0,not comparable,,
2,SD-12MO,MO12,0.1,M2 N=512,M3a,5,0,0,0,not comparable,,
2,SD-12MO,MO12,0.1,M2 N=512,M3b,5,0,0,0,not comparable,,
2,SD-12MO,MO12,0.1,M2 N=1024,M3a,5,0,0,0,not comparable,,
2,SD-12MO,MO12,0.1,M2 N=1024,M3b,5,0,0,0,not comparable,,
2,SD-12MO,MO12,0.1,M3a,M3b,5,0,0,0,not comparable,,
2,SD-12MO,MO12,0.05,M0,M1,5,5,0,0,not comparable,,
2,SD-12MO,MO12,0.05,M0,M2 N=128,5,5,0,0,not comparable,,
2,SD-12MO,MO12,0.05,M0,M2 N=512,5,5,0,0,not comparable,,
2,SD-12MO,MO12,0.05,M0,M2 N=1024,5,5,0,0,not comparable,,
2,SD-12MO,MO12,0.05,M0,M3a,5,5,0,0,not comparable,,
2,SD-12MO,MO12,0.05,M0,M3b,5,5,0,0,not comparable,,
2,SD-12MO,MO12,0.05,M1,M2 N=128,5,0,0,0,not comparable,,
2,SD-12MO,MO12,0.05,M1,M2 N=512,5,0,0,0,not comparable,,
2,SD-12MO,MO12,0.05,M1,M2 N=1024,5,0,0,0,not comparable,,
2,SD-12MO,MO12,0.05,M1,M3a,5,0,0,0,not comparable,,
2,SD-12MO,MO12,0.05,M1,M3b,5,0,0,0,not comparable,,
2,SD-12MO,MO12,0.05,M2 N=128,M2 N=512,5,0,0,0,not comparable,,
2,SD-12MO,MO12,0.05,M2 N=128,M2 N=1024,5,0,0,0,not comparable,,
2,SD-12MO,MO12,0.05,M2 N=128,M3a,5,0,0,0,not comparable,,
2,SD-12MO,MO12,0.05,M2 N=128,M3b,5,0,0,0,not comparable,,
2,SD-12MO,MO12,0.05,M2 N=512,M2 N=1024,5,0,0,0,not comparable,,
2,SD-12MO,MO12,0.05,M2 N=512,M3a,5,0,0,0,not comparable,,
2,SD-12MO,MO12,0.05,M2 N=512,M3b,5,0,0,0,not comparable,,
2,SD-12MO,MO12,0.05,M2 N=1024,M3a,5,0,0,0,not comparable,,
2,SD-12MO,MO12,0.05,M2 N=1024,M3b,5,0,0,0,not comparable,,
2,SD-12MO,MO12,0.05,M3a,M3b,5,0,0,0,not comparable,,
2,SD-12MO,MO12,0.01,M0,M1,5,5,0,0,not comparable,,
2,SD-12MO,MO12,0.01,M0,M2 N=128,5,5,0,0,not comparable,,
2,SD-12MO,MO12,0.01,M0,M2 N=512,5,5,0,0,not comparable,,
2,SD-12MO,MO12,0.01,M0,M2 N=1024,5,5,0,0,not comparable,,
2,SD-12MO,MO12,0.01,M0,M3a,5,5,0,0,not comparable,,
2,SD-12MO,MO12,0.01,M0,M3b,5,5,0,0,not comparable,,
2,SD-12MO,MO12,0.01,M1,M2 N=128,5,0,0,0,not comparable,,
2,SD-12MO,MO12,0.01,M1,M2 N=512,5,0,0,0,not comparable,,
2,SD-12MO,MO12,0.01,M1,M2 N=1024,5,0,0,0,not comparable,,
2,SD-12MO,MO12,0.01,M1,M3a,5,0,0,0,not comparable,,
2,SD-12MO,MO12,0.01,M1,M3b,5,0,0,0,not comparable,,
2,SD-12MO,MO12,0.01,M2 N=128,M2 N=512,5,0,0,0,not comparable,,
2,SD-12MO,MO12,0.01,M2 N=128,M2 N=1024,5,0,0,0,not comparable,,
2,SD-12MO,MO12,0.01,M2 N=128,M3a,5,0,0,0,not comparable,,
2,SD-12MO,MO12,0.01,M2 N=128,M3b,5,0,0,0,not comparable,,
2,SD-12MO,MO12,0.01,M2 N=512,M2 N=1024,5,0,0,0,not comparable,,
2,SD-12MO,MO12,0.01,M2 N=512,M3a,5,0,0,0,not comparable,,
2,SD-12MO,MO12,0.01,M2 N=512,M3b,5,0,0,0,not comparable,,
2,SD-12MO,MO12,0.01,M2 N=1024,M3a,5,0,0,0,not comparable,,
2,SD-12MO,MO12,0.01,M2 N=1024,M3b,5,0,0,0,not comparable,,
2,SD-12MO,MO12,0.01,M3a,M3b,5,0,0,0,not comparable,,
2,SD-S2,NARROW,0.1,M0,M1,5,5,0,0,not comparable,,
2,SD-S2,NARROW,0.1,M0,M2 N=128,5,5,0,0,not comparable,,
2,SD-S2,NARROW,0.1,M0,M2 N=512,5,5,0,0,not comparable,,
2,SD-S2,NARROW,0.1,M0,M2 N=1024,5,5,0,0,not comparable,,
2,SD-S2,NARROW,0.1,M0,M3a,5,5,0,0,not comparable,,
2,SD-S2,NARROW,0.1,M0,M3b,5,5,0,0,not comparable,,
2,SD-S2,NARROW,0.1,M1,M2 N=128,5,0,0,0,not comparable,,
2,SD-S2,NARROW,0.1,M1,M2 N=512,5,0,0,0,not comparable,,
2,SD-S2,NARROW,0.1,M1,M2 N=1024,5,0,0,0,not comparable,,
2,SD-S2,NARROW,0.1,M1,M3a,5,0,0,0,not comparable,,
2,SD-S2,NARROW,0.1,M1,M3b,5,0,0,0,not comparable,,
2,SD-S2,NARROW,0.1,M2 N=128,M2 N=512,5,0,0,0,not comparable,,
2,SD-S2,NARROW,0.1,M2 N=128,M2 N=1024,5,0,0,0,not comparable,,
2,SD-S2,NARROW,0.1,M2 N=128,M3a,5,0,0,0,not comparable,,
2,SD-S2,NARROW,0.1,M2 N=128,M3b,5,0,0,0,not comparable,,
2,SD-S2,NARROW,0.1,M2 N=512,M2 N=1024,5,0,0,0,not comparable,,
2,SD-S2,NARROW,0.1,M2 N=512,M3a,5,0,0,0,not comparable,,
2,SD-S2,NARROW,0.1,M2 N=512,M3b,5,0,0,0,not comparable,,
2,SD-S2,NARROW,0.1,M2 N=1024,M3a,5,0,0,0,not comparable,,
2,SD-S2,NARROW,0.1,M2 N=1024,M3b,5,0,0,0,not comparable,,
2,SD-S2,NARROW,0.1,M3a,M3b,5,0,0,0,not comparable,,
2,SD-S2,NARROW,0.05,M0,M1,5,5,0,0,not comparable,,
2,SD-S2,NARROW,0.05,M0,M2 N=128,5,5,0,0,not comparable,,
2,SD-S2,NARROW,0.05,M0,M2 N=512,5,5,0,0,not comparable,,
2,SD-S2,NARROW,0.05,M0,M2 N=1024,5,5,0,0,not comparable,,
2,SD-S2,NARROW,0.05,M0,M3a,5,5,0,0,not comparable,,
2,SD-S2,NARROW,0.05,M0,M3b,5,5,0,0,not comparable,,
2,SD-S2,NARROW,0.05,M1,M2 N=128,5,0,0,0,not comparable,,
2,SD-S2,NARROW,0.05,M1,M2 N=512,5,0,0,0,not comparable,,
2,SD-S2,NARROW,0.05,M1,M2 N=1024,5,0,0,0,not comparable,,
2,SD-S2,NARROW,0.05,M1,M3a,5,0,0,0,not comparable,,
2,SD-S2,NARROW,0.05,M1,M3b,5,0,0,0,not comparable,,
2,SD-S2,NARROW,0.05,M2 N=128,M2 N=512,5,0,0,0,not comparable,,
2,SD-S2,NARROW,0.05,M2 N=128,M2 N=1024,5,0,0,0,not comparable,,
2,SD-S2,NARROW,0.05,M2 N=128,M3a,5,0,0,0,not comparable,,
2,SD-S2,NARROW,0.05,M2 N=128,M3b,5,0,0,0,not comparable,,
2,SD-S2,NARROW,0.05,M2 N=512,M2 N=1024,5,0,0,0,not comparable,,
2,SD-S2,NARROW,0.05,M2 N=512,M3a,5,0,0,0,not comparable,,
2,SD-S2,NARROW,0.05,M2 N=512,M3b,5,0,0,0,not comparable,,
2,SD-S2,NARROW,0.05,M2 N=1024,M3a,5,0,0,0,not comparable,,
2,SD-S2,NARROW,0.05,M2 N=1024,M3b,5,0,0,0,not comparable,,
2,SD-S2,NARROW,0.05,M3a,M3b,5,0,0,0,not comparable,,
2,SD-S2,NARROW,0.01,M0,M1,5,5,0,0,not comparable,,
2,SD-S2,NARROW,0.01,M0,M2 N=128,5,5,0,0,not comparable,,
2,SD-S2,NARROW,0.01,M0,M2 N=512,5,5,0,0,not comparable,,
2,SD-S2,NARROW,0.01,M0,M2 N=1024,5,5,0,0,not comparable,,
2,SD-S2,NARROW,0.01,M0,M3a,5,5,0,0,not comparable,,
2,SD-S2,NARROW,0.01,M0,M3b,5,5,0,0,not comparable,,
2,SD-S2,NARROW,0.01,M1,M2 N=128,5,0,0,0,not comparable,,
2,SD-S2,NARROW,0.01,M1,M2 N=512,5,0,0,0,not comparable,,
2,SD-S2,NARROW,0.01,M1,M2 N=1024,5,0,0,0,not comparable,,
2,SD-S2,NARROW,0.01,M1,M3a,5,0,0,0,not comparable,,
2,SD-S2,NARROW,0.01,M1,M3b,5,0,0,0,not comparable,,
2,SD-S2,NARROW,0.01,M2 N=128,M2 N=512,5,0,0,0,not comparable,,
2,SD-S2,NARROW,0.01,M2 N=128,M2 N=1024,5,0,0,0,not comparable,,
2,SD-S2,NARROW,0.01,M2 N=128,M3a,5,0,0,0,not comparable,,
2,SD-S2,NARROW,0.01,M2 N=128,M3b,5,0,0,0,not comparable,,
2,SD-S2,NARROW,0.01,M2 N=512,M2 N=1024,5,0,0,0,not comparable,,
2,SD-S2,NARROW,0.01,M2 N=512,M3a,5,0,0,0,not comparable,,
2,SD-S2,NARROW,0.01,M2 N=512,M3b,5,0,0,0,not comparable,,
2,SD-S2,NARROW,0.01,M2 N=1024,M3a,5,0,0,0,not comparable,,
2,SD-S2,NARROW,0.01,M2 N=1024,M3b,5,0,0,0,not comparable,,
2,SD-S2,NARROW,0.01,M3a,M3b,5,0,0,0,not comparable,,
