root_k,evaluation_world,sd_label,target_alpha,strategy,n_cells,n_feasible,grid_candidates,grid_candidates_with_ration,grid_solve_success_rate
0,SD-H0,TAB,0.1,M0,9,9,9,9,1.0
0,SD-H0,TAB,0.1,M1,9,0,45,9,0.2
0,SD-H0,TAB,0.1,M2 N=128,9,0,36,2,0.05555555555555555
0,SD-H0,TAB,0.1,M2 N=512,9,0,36,1,0.027777777777777776
0,SD-H0,TAB,0.1,M2 N=1024,9,0,36,1,0.027777777777777776
0,SD-H0,TAB,0.1,M3a,9,0,45,0,0.0
0,SD-H0,TAB,0.1,M3b,9,0,315,46,0.14603174603174604
0,SD-H0,TAB,0.05,M0,9,9,9,9,1.0
0,SD-H0,TAB,0.05,M1,9,0,45,9,0.2
0,SD-H0,TAB,0.05,M2 N=128,9,0,36,0,0.0
0,SD-H0,TAB,0.05,M2 N=512,9,0,36,0,0.0
0,SD-H0,TAB,0.05,M2 N=1024,9,0,36,0,0.0
0,SD-H0,TAB,0.05,M3a,9,0,45,0,0.0
0,SD-H0,TAB,0.05,M3b,9,0,315,46,0.14603174603174604
0,SD-H0,TAB,0.01,M0,9,9,9,9,1.0
0,SD-H0,TAB,0.01,M1,9,0,45,9,0.2
0,SD-H0,TAB,0.01,M2 N=128,9,0,36,0,0.0
0,SD-H0,TAB,0.01,M2 N=512,9,0,36,0,0.0
0,SD-H0,TAB,0.01,M2 N=1024,9,0,36,0,0.0
0,SD-H0,TAB,0.01,M3a,9,0,45,0,0.0
0,SD-H0,TAB,0.01,M3b,9,0,315,46,0.14603174603174604
0,SD-SRC12,SRC12,0.1,M0,9,9,9,9,1.0
0,SD-SRC12,SRC12,0.1,M1,9,0,45,9,0.2
0,SD-SRC12,SRC12,0.1,M2 N=128,9,0,36,2,0.05555555555555555
0,SD-SRC12,SRC12,0.1,M2 N=512,9,0,36,1,0.027777777777777776
0,SD-SRC12,SRC12,0.1,M2 N=1024,9,0,36,1,0.027777777777777776
0,SD-SRC12,SRC12,0.1,M3a,9,0,45,0,0.0
0,SD-SRC12,SRC12,0.1,M3b,9,0,315,46,0.14603174603174604
0,SD-SRC12,SRC12,0.05,M0,9,9,9,9,1.0
0,SD-SRC12,SRC12,0.05,M1,9,0,45,9,0.2
0,SD-SRC12,SRC12,0.05,M2 N=128,9,0,36,0,0.0
0,SD-SRC12,SRC12,0.05,M2 N=512,9,0,36,0,0.0
0,SD-SRC12,SRC12,0.05,M2 N=1024,9,0,36,0,0.0
0,SD-SRC12,SRC12,0.05,M3a,9,0,45,0,0.0
0,SD-SRC12,SRC12,0.05,M3b,9,0,315,46,0.14603174603174604
0,SD-SRC12,SRC12,0.01,M0,9,9,9,9,1.0
0,SD-SRC12,SRC12,0.01,M1,9,0,45,9,0.2
0,SD-SRC12,SRC12,0.01,M2 N=128,9,0,36,0,0.0
0,SD-SRC12,SRC12,0.01,M2 N=512,9,0,36,0,0.0
0,SD-SRC12,SRC12,0.01,M2 N=1024,9,0,36,0,0.0
0,SD-SRC12,SRC12,0.01,M3a,9,0,45,0,0.0
0,SD-SRC12,SRC12,0.01,M3b,9,0,315,46,0.14603174603174604
0,SD-SRC14,SRC14,0.1,M0,9,9,9,9,1.0
0,SD-SRC14,SRC14,0.1,M1,9,0,45,9,0.2
0,SD-SRC14,SRC14,0.1,M2 N=128,9,0,36,2,0.05555555555555555
0,SD-SRC14,SRC14,0.1,M2 N=512,9,0,36,1,0.027777777777777776
0,SD-SRC14,SRC14,0.1,M2 N=1024,9,0,36,1,0.027777777777777776
0,SD-SRC14,SRC14,0.1,M3a,9,0,45,0,0.0
0,SD-SRC14,SRC14,0.1,M3b,9,0,315,46,0.14603174603174604
0,SD-SRC14,SRC14,0.05,M0,9,9,9,9,1.0
0,SD-SRC14,SRC14,0.05,M1,9,0,45,9,0.2
0,SD-SRC14,SRC14,0.05,M2 N=128,9,0,36,0,0.0
0,SD-SRC14,SRC14,0.05,M2 N=512,9,0,36,0,0.0
0,SD-SRC14,SRC14,0.05,M2 N=1024,9,0,36,0,0.0
0,SD-SRC14,SRC14,0.05,M3a,9,0,45,0,0.0
0,SD-SRC14,SRC14,0.05,M3b,9,0,315,46,0.14603174603174604
0,SD-SRC14,SRC14,0.01,M0,9,9,9,9,1.0
0,SD-SRC14,SRC14,0.01,M1,9,0,45,9,0.2
0,SD-SRC14,SRC14,0.01,M2 N=128,9,0,36,0,0.0
0,SD-SRC14,SRC14,0.01,M2 N=512,9,0,36,0,0.0
0,SD-SRC14,SRC14,0.01,M2 N=1024,9,0,36,0,0.0
0,SD-SRC14,SRC14,0.01,M3a,9,0,45,0,0.0
0,SD-SRC14,SRC14,0.01,M3b,9,0,315,46,0.14603174603174604
0,SD-12MO,MO12,0.1,M0,9,9,9,9,1.0
0,SD-12MO,MO12,0.1,M1,9,0,45,9,0.2
0,SD-12MO,MO12,0.1,M2 N=128,9,0,36,2,0.05555555555555555
0,SD-12MO,MO12,0.1,M2 N=512,9,0,36,1,0.027777777777777776
0,SD-12MO,MO12,0.1,M2 N=1024,9,0,36,1,0.027777777777777776
0,SD-12MO,MO12,0.1,M3a,9,0,45,0,0.0
0,SD-12MO,MO12,0.1,M3b,9,0,315,46,0.14603174603174604
0,SD-12MO,MO12,0.05,M0,9,9,9,9,1.0
0,SD-12MO,MO12,0.05,M1,9,0,45,9,0.2
0,SD-12MO,MO12,0.05,M2 N=128,9,0,36,0,0.0
0,SD-12MO,MO12,0.05,M2 N=512,9,0,36,0,0.0
0,SD-12MO,MO12,0.05,M2 N=1024,9,0,36,0,0.0
0,SD-12MO,MO12,0.05,M3a,9,0,45,0,0.0
0,SD-12MO,MO12,0.05,M3b,9,0,315,46,0.14603174603174604
0,SD-12MO,MO12,0.01,M0,9,9,9,9,1.0
0,SD-12MO,MO12,0.01,M1,9,0,45,9,0.2
0,SD-12MO,MO12,0.01,M2 N=128,9,0,36,0,0.0
0,SD-12MO,MO12,0.01,M2 N=512,9,0,36,0,0.0
0,SD-12MO,MO12,0.01,M2 N=1024,9,0,36,0,0.0
0,SD-12MO,MO12,0.01,M3a,9,0,45,0,0.0
0,SD-12MO,MO12,0.01,M3b,9,0,315,46,0.14603174603174604
0,SD-S2,NARROW,0.1,M0,9,9,9,9,1.0
0,SD-S2,NARROW,0.1,M1,9,0,45,9,0.2
0,SD-S2,NARROW,0.1,M2 N=128,9,0,36,2,0.05555555555555555
0,SD-S2,NARROW,0.1,M2 N=512,9,0,36,1,0.027777777777777776
0,SD-S2,NARROW,0.1,M2 N=1024,9,0,36,1,0.027777777777777776
0,SD-S2,NARROW,0.1,M3a,9,0,45,0,0.0
0,SD-S2,NARROW,0.1,M3b,9,0,315,46,0.14603174603174604
0,SD-S2,NARROW,0.05,M0,9,9,9,9,1.0
0,SD-S2,NARROW,0.05,M1,9,0,45,9,0.2
0,SD-S2,NARROW,0.05,M2 N=128,9,0,36,0,0.0
0,SD-S2,NARROW,0.05,M2 N=512,9,0,36,0,0.0
0,SD-S2,NARROW,0.05,M2 N=1024,9,0,36,0,0.0
0,SD-S2,NARROW,0.05,M3a,9,0,45,0,0.0
0,SD-S2,NARROW,0.05,M3b,9,0,315,46,0.14603174603174604
0,SD-S2,NARROW,0.01,M0,9,9,9,9,1.0
0,SD-S2,NARROW,0.01,M1,9,0,45,9,0.2
0,SD-S2,NARROW,0.01,M2 N=128,9,0,36,0,0.0
0,SD-S2,NARROW,0.01,M2 N=512,9,0,36,0,0.0
0,SD-S2,NARROW,0.01,M2 N=1024,9,0,36,0,0.0
0,SD-S2,NARROW,0.01,M3a,9,0,45,0,0.0
0,SD-S2,NARROW,0.01,M3b,9,0,315,46,0.14603174603174604
1,SD-H0,TAB,0.1,M0,5,5,5,5,1.0
1,SD-H0,TAB,0.1,M1,5,0,25,5,0.2
1,SD-H0,TAB,0.1,M2 N=128,5,0,20,0,0.0
1,SD-H0,TAB,0.1,M2 N=512,5,0,20,0,0.0
1,SD-H0,TAB,0.1,M2 N=1024,5,0,20,0,0.0
1,SD-H0,TAB,0.1,M3a,5,0,25,0,0.0
1,SD-H0,TAB,0.1,M3b,5,0,175,25,0.14285714285714285
1,SD-H0,TAB,0.05,M0,5,5,5,5,1.0
1,SD-H0,TAB,0.05,M1,5,0,25,5,0.2
1,SD-H0,TAB,0.05,M2 N=128,5,0,20,0,0.0
1,SD-H0,TAB,0.05,M2 N=512,5,0,20,0,0.0
1,SD-H0,TAB,0.05,M2 N=1024,5,0,20,0,0.0
1,SD-H0,TAB,0.05,M3a,5,0,25,0,0.0
1,SD-H0,TAB,0.05,M3b,5,0,175,25,0.14285714285714285
1,SD-H0,TAB,0.01,M0,5,5,5,5,1.0
1,SD-H0,TAB,0.01,M1,5,0,25,5,0.2
1,SD-H0,TAB,0.01,M2 N=128,5,0,20,0,0.0
1,SD-H0,TAB,0.01,M2 N=512,5,0,20,0,0.0
1,SD-H0,TAB,0.01,M2 N=1024,5,0,20,0,0.0
1,SD-H0,TAB,0.01,M3a,5,0,25,0,0.0
1,SD-H0,TAB,0.01,M3b,5,0,175,25,0.14285714285714285
1,SD-SRC12,SRC12,0.1,M0,5,5,5,5,1.0
1,SD-SRC12,SRC12,0.1,M1,5,0,25,5,0.2
1,SD-SRC12,SRC12,0.1,M2 N=128,5,0,20,0,0.0
1,SD-SRC12,SRC12,0.1,M2 N=512,5,0,20,0,0.0
1,SD-SRC12,SRC12,0.1,M2 N=1024,5,0,20,0,0.0
1,SD-SRC12,SRC12,0.1,M3a,5,0,25,0,0.0
1,SD-SRC12,SRC12,0.1,M3b,5,0,175,25,0.14285714285714285
1,SD-SRC12,SRC12,0.05,M0,5,5,5,5,1.0
1,SD-SRC12,SRC12,0.05,M1,5,0,25,5,0.2
1,SD-SRC12,SRC12,0.05,M2 N=128,5,0,20,0,0.0
1,SD-SRC12,SRC12,0.05,M2 N=512,5,0,20,0,0.0
1,SD-SRC12,SRC12,0.05,M2 N=1024,5,0,20,0,0.0
1,SD-SRC12,SRC12,0.05,M3a,5,0,25,0,0.0
1,SD-SRC12,SRC12,0.05,M3b,5,0,175,25,0.14285714285714285
1,SD-SRC12,SRC12,0.01,M0,5,5,5,5,1.0
1,SD-SRC12,SRC12,0.01,M1,5,0,25,5,0.2
1,SD-SRC12,SRC12,0.01,M2 N=128,5,0,20,0,0.0
1,SD-SRC12,SRC12,0.01,M2 N=512,5,0,20,0,0.0
1,SD-SRC12,SRC12,0.01,M2 N=1024,5,0,20,0,0.0
1,SD-SRC12,SRC12,0.01,M3a,5,0,25,0,0.0
1,SD-SRC12,SRC12,0.01,M3b,5,0,175,25,0.14285714285714285
1,SD-SRC14,SRC14,0.1,M0,5,5,5,5,1.0
1,SD-SRC14,SRC14,0.1,M1,5,0,25,5,0.2
1,SD-SRC14,SRC14,0.1,M2 N=128,5,0,20,0,0.0
1,SD-SRC14,SRC14,0.1,M2 N=512,5,0,20,0,0.0
1,SD-SRC14,SRC14,0.1,M2 N=1024,5,0,20,0,0.0
1,SD-SRC14,SRC14,0.1,M3a,5,0,25,0,0.0
1,SD-SRC14,SRC14,0.1,M3b,5,0,175,25,0.14285714285714285
1,SD-SRC14,SRC14,0.05,M0,5,5,5,5,1.0
1,SD-SRC14,SRC14,0.05,M1,5,0,25,5,0.2
1,SD-SRC14,SRC14,0.05,M2 N=128,5,0,20,0,0.0
1,SD-SRC14,SRC14,0.05,M2 N=512,5,0,20,0,0.0
1,SD-SRC14,SRC14,0.05,M2 N=1024,5,0,20,0,0.0
1,SD-SRC14,SRC14,0.05,M3a,5,0,25,0,0.0
1,SD-SRC14,SRC14,0.05,M3b,5,0,175,25,0.14285714285714285
1,SD-SRC14,SRC14,0.01,M0,5,5,5,5,1.0
1,SD-SRC14,SRC14,0.01,M1,5,0,25,5,0.2
1,SD-SRC14,SRC14,0.01,M2 N=128,5,0,20,0,0.0
1,SD-SRC14,SRC14,0.01,M2 N=512,5,0,20,0,0.0
1,SD-SRC14,SRC14,0.01,M2 N=1024,5,0,20,0,0.0
1,SD-SRC14,SRC14,0.01,M3a,5,0,25,0,0.0
1,SD-SRC14,SRC14,0.01,M3b,5,0,175,25,0.14285714285714285
1,SD-12MO,MO12,0.1,M0,5,5,5,5,1.0
1,SD-12MO,MO12,0.1,M1,5,0,25,5,0.2
1,SD-12MO,MO12,0.1,M2 N=128,5,0,20,0,0.0
1,SD-12MO,MO12,0.1,M2 N=512,5,0,20,0,0.0
1,SD-12MO,MO12,0.1,M2 N=1024,5,0,20,0,0.0
1,SD-12MO,MO12,0.1,M3a,5,0,25,0,0.0
1,SD-12MO,MO12,0.1,M3b,5,0,175,25,0.14285714285714285
1,SD-12MO,MO12,0.05,M0,5,5,5,5,1.0
1,SD-12MO,MO12,0.05,M1,5,0,25,5,0.2
1,SD-12MO,MO12,0.05,M2 N=128,5,0,20,0,0.0
1,SD-12MO,MO12,0.05,M2 N=512,5,0,20,0,0.0
1,SD-12MO,MO12,0.05,M2 N=1024,5,0,20,0,0.0
1,SD-12MO,MO12,0.05,M3a,5,0,25,0,0.0
1,SD-12MO,MO12,0.05,M3b,5,0,175,25,0.14285714285714285
1,SD-12MO,MO12,0.01,M0,5,5,5,5,1.0
1,SD-12MO,MO12,0.01,M1,5,0,25,5,0.2
1,SD-12MO,MO12,0.01,M2 N=128,5,0,20,0,0.0
1,SD-12MO,MO12,0.01,M2 N=512,5,0,20,0,0.0
1,SD-12MO,MO12,0.01,M2 N=1024,5,0,20,0,0.0
1,SD-12MO,MO12,0.01,M3a,5,0,25,0,0.0
1,SD-12MO,MO12,0.01,M3b,5,0,175,25,0.14285714285714285
1,SD-S2,NARROW,0.1,M0,5,5,5,5,1.0
1,SD-S2,NARROW,0.1,M1,5,0,25,5,0.2
1,SD-S2,NARROW,0.1,M2 N=128,5,0,20,0,0.0
1,SD-S2,NARROW,0.1,M2 N=512,5,0,20,0,0.0
1,SD-S2,NARROW,0.1,M2 N=1024,5,0,20,0,0.0
1,SD-S2,NARROW,0.1,M3a,5,0,25,0,0.0
1,SD-S2,NARROW,0.1,M3b,5,0,175,25,0.14285714285714285
1,SD-S2,NARROW,0.05,M0,5,5,5,5,1.0
1,SD-S2,NARROW,0.05,M1,5,0,25,5,0.2
1,SD-S2,NARROW,0.05,M2 N=128,5,0,20,0,0.0
1,SD-S2,NARROW,0.05,M2 N=512,5,0,20,0,0.0
1,SD-S2,NARROW,0.05,M2 N=1024,5,0,20,0,0.0
1,SD-S2,NARROW,0.05,M3a,5,0,25,0,0.0
1,SD-S2,NARROW,0.05,M3b,5,0,175,25,0.14285714285714285
1,SD-S2,NARROW,0.01,M0,5,5,5,5,1.0
1,SD-S2,NARROW,0.01,M1,5,0,25,5,0.2
1,SD-S2,NARROW,0.01,M2 N=128,5,0,20,0,0.0
1,SD-S2,NARROW,0.01,M2 N=512,5,0,20,0,0.0
1,SD-S2,NARROW,0.01,M2 N=1024,5,0,20,0,0.0
1,SD-S2,NARROW,0.01,M3a,5,0,25,0,0.0
1,SD-S2,NARROW,0.01,M3b,5,0,175,25,0.14285714285714285
2,SD-H0,TAB,0.1,M0,5,5,5,5,1.0
2,SD-H0,TAB,0.1,M1,5,0,25,5,0.2
2,SD-H0,TAB,0.1,M2 N=128,5,0,20,0,0.0
2,SD-H0,TAB,0.1,M2 N=512,5,0,20,0,0.0
2,SD-H0,TAB,0.1,M2 N=1024,5,0,20,0,0.0
2,SD-H0,TAB,0.1,M3a,5,0,25,0,0.0
2,SD-H0,TAB,0.1,M3b,5,0,175,25,0.14285714285714285
2,SD-H0,TAB,0.05,M0,5,5,5,5,1.0
2,SD-H0,TAB,0.05,M1,5,0,25,5,0.2
2,SD-H0,TAB,0.05,M2 N=128,5,0,20,0,0.0
2,SD-H0,TAB,0.05,M2 N=512,5,0,20,0,0.0
2,SD-H0,TAB,0.05,M2 N=1024,5,0,20,0,0.0
2,SD-H0,TAB,0.05,M3a,5,0,25,0,0.0
2,SD-H0,TAB,0.05,M3b,5,0,175,25,0.14285714285714285
2,SD-H0,TAB,0.01,M0,5,5,5,5,1.0
2,SD-H0,TAB,0.01,M1,5,0,25,5,0.2
2,SD-H0,TAB,0.01,M2 N=128,5,0,20,0,0.0
2,SD-H0,TAB,0.01,M2 N=512,5,0,20,0,0.0
2,SD-H0,TAB,0.01,M2 N=1024,5,0,20,0,0.0
2,SD-H0,TAB,0.01,M3a,5,0,25,0,0.0
2,SD-H0,TAB,0.01,M3b,5,0,175,25,0.14285714285714285
2,SD-SRC12,SRC12,0.1,M0,5,5,5,5,1.0
2,SD-SRC12,SRC12,0.1,M1,5,0,25,5,0.2
2,SD-SRC12,SRC12,0.1,M2 N=128,5,0,20,0,0.0
2,SD-SRC12,SRC12,0.1,M2 N=512,5,0,20,0,0.0
2,SD-SRC12,SRC12,0.1,M2 N=1024,5,0,20,0,0.0
2,SD-SRC12,SRC12,0.1,M3a,5,0,25,0,0.0
2,SD-SRC12,SRC12,0.1,M3b,5,0,175,25,0.14285714285714285
2,SD-SRC12,SRC12,0.05,M0,5,5,5,5,1.0
2,SD-SRC12,SRC12,0.05,M1,5,0,25,5,0.2
2,SD-SRC12,SRC12,0.05,M2 N=128,5,0,20,0,0.0
2,SD-SRC12,SRC12,0.05,M2 N=512,5,0,20,0,0.0
2,SD-SRC12,SRC12,0.05,M2 N=1024,5,0,20,0,0.0
2,SD-SRC12,SRC12,0.05,M3a,5,0,25,0,0.0
2,SD-SRC12,SRC12,0.05,M3b,5,0,175,25,0.14285714285714285
2,SD-SRC12,SRC12,0.01,M0,5,5,5,5,1.0
2,SD-SRC12,SRC12,0.01,M1,5,0,25,5,0.2
2,SD-SRC12,SRC12,0.01,M2 N=128,5,0,20,0,0.0
2,SD-SRC12,SRC12,0.01,M2 N=512,5,0,20,0,0.0
2,SD-SRC12,SRC12,0.01,M2 N=1024,5,0,20,0,0.0
2,SD-SRC12,SRC12,0.01,M3a,5,0,25,0,0.0
2,SD-SRC12,SRC12,0.01,M3b,5,0,175,25,0.14285714285714285
2,SD-SRC14,SRC14,0.1,M0,5,5,5,5,1.0
2,SD-SRC14,SRC14,0.1,M1,5,0,25,5,0.2
2,SD-SRC14,SRC14,0.1,M2 N=128,5,0,20,0,0.0
2,SD-SRC14,SRC14,0.1,M2 N=512,5,0,20,0,0.0
2,SD-SRC14,SRC14,0.1,M2 N=1024,5,0,20,0,0.0
2,SD-SRC14,SRC14,0.1,M3a,5,0,25,0,0.0
2,SD-SRC14,SRC14,0.1,M3b,5,0,175,25,0.14285714285714285
2,SD-SRC14,SRC14,0.05,M0,5,5,5,5,1.0
2,SD-SRC14,SRC14,0.05,M1,5,0,25,5,0.2
2,SD-SRC14,SRC14,0.05,M2 N=128,5,0,20,0,0.0
2,SD-SRC14,SRC14,0.05,M2 N=512,5,0,20,0,0.0
2,SD-SRC14,SRC14,0.05,M2 N=1024,5,0,20,0,0.0
2,SD-SRC14,SRC14,0.05,M3a,5,0,25,0,0.0
2,SD-SRC14,SRC14,0.05,M3b,5,0,175,25,0.14285714285714285
2,SD-SRC14,SRC14,0.01,M0,5,5,5,5,1.0
2,SD-SRC14,SRC14,0.01,M1,5,0,25,5,0.2
2,SD-SRC14,SRC14,0.01,M2 N=128,5,0,20,0,0.0
2,SD-SRC14,SRC14,0.01,M2 N=512,5,0,20,0,0.0
2,SD-SRC14,SRC14,0.01,M2 N=1024,5,0,20,0,0.0
2,SD-SRC14,SRC14,0.01,M3a,5,0,25,0,0.0
2,SD-SRC14,SRC14,0.01,M3b,5,0,175,25,0.14285714285714285
2,SD-12MO,MO12,0.1,M0,5,5,5,5,1.0
2,SD-12MO,MO12,0.1,M1,5,0,25,5,0.2
2,SD-12MO,MO12,0.1,M2 N=128,5,0,20,0,0.0
2,SD-12MO,MO12,0.1,M2 N=512,5,0,20,0,0.0
2,SD-12MO,MO12,0.1,M2 N=1024,5,0,20,0,0.0
2,SD-12MO,MO12,0.1,M3a,5,0,25,0,0.0
2,SD-12MO,MO12,0.1,M3b,5,0,175,25,0.14285714285714285
2,SD-12MO,MO12,0.05,M0,5,5,5,5,1.0
2,SD-12MO,MO12,0.05,M1,5,0,25,5,0.2
2,SD-12MO,MO12,0.05,M2 N=128,5,0,20,0,0.0
2,SD-12MO,MO12,0.05,M2 N=512,5,0,20,0,0.0
2,SD-12MO,MO12,0.05,M2 N=1024,5,0,20,0,0.0
2,SD-12MO,MO12,0.05,M3a,5,0,25,0,0.0
2,SD-12MO,MO12,0.05,M3b,5,0,175,25,0.14285714285714285
2,SD-12MO,MO12,0.01,M0,5,5,5,5,1.0
2,SD-12MO,MO12,0.01,M1,5,0,25,5,0.2
2,SD-12MO,MO12,0.01,M2 N=128,5,0,20,0,0.0
2,SD-12MO,MO12,0.01,M2 N=512,5,0,20,0,0.0
2,SD-12MO,MO12,0.01,M2 N=1024,5,0,20,0,0.0
2,SD-12MO,MO12,0.01,M3a,5,0,25,0,0.0
2,SD-12MO,MO12,0.01,M3b,5,0,175,25,0.14285714285714285
2,SD-S2,NARROW,0.1,M0,5,5,5,5,1.0
2,SD-S2,NARROW,0.1,M1,5,0,25,5,0.2
2,SD-S2,NARROW,0.1,M2 N=128,5,0,20,0,0.0
2,SD-S2,NARROW,0.1,M2 N=512,5,0,20,0,0.0
2,SD-S2,NARROW,0.1,M2 N=1024,5,0,20,0,0.0
2,SD-S2,NARROW,0.1,M3a,5,0,25,0,0.0
2,SD-S2,NARROW,0.1,M3b,5,0,175,25,0.14285714285714285
2,SD-S2,NARROW,0.05,M0,5,5,5,5,1.0
2,SD-S2,NARROW,0.05,M1,5,0,25,5,0.2
2,SD-S2,NARROW,0.05,M2 N=128,5,0,20,0,0.0
2,SD-S2,NARROW,0.05,M2 N=512,5,0,20,0,0.0
2,SD-S2,NARROW,0.05,M2 N=1024,5,0,20,0,0.0
2,SD-S2,NARROW,0.05,M3a,5,0,25,0,0.0
2,SD-S2,NARROW,0.05,M3b,5,0,175,25,0.14285714285714285
2,SD-S2,NARROW,0.01,M0,5,5,5,5,1.0
2,SD-S2,NARROW,0.01,M1,5,0,25,5,0.2
2,SD-S2,NARROW,0.01,M2 N=128,5,0,20,0,0.0
2,SD-S2,NARROW,0.01,M2 N=512,5,0,20,0,0.0
2,SD-S2,NARROW,0.01,M2 N=1024,5,0,20,0,0.0
2,SD-S2,NARROW,0.01,M3a,5,0,25,0,0.0
2,SD-S2,NARROW,0.01,M3b,5,0,175,25,0.14285714285714285
