root_k,sd_setting,evaluation_world,label,constraint_id,verdict,status,unit,n_states,n_violated,n_unknown,rate_lower,rate_upper,cp_upper,mean_deficit_given_violation,max_deficit,margin_q01,margin_q05,margin_q50,magnitudes
0,TAB,SD-H0,SDH0_MAIN9:M0,PN-NEL-FIXEDDMI,public_evaluator_linear,sourced,Mcal/d,10000,5017,0,0.5017,0.5017,0.5099730820238007,2.1283539848921356,10.245527480784887,-6.259179447402682,-4.387733882685017,-0.01254325407466439,shown in the row's unit
0,TAB,SD-H0,SDH0_MAIN9:M0,PN-CP-SUP,public_evaluator_linear,sourced,kg/d,10000,5044,0,0.5044,0.5044,0.5126722297972963,withheld,withheld,withheld,withheld,withheld,withheld (concentration row)
0,TAB,SD-H0,SDH0_MAIN9:M0,PN-CP-HI,public_evaluator_linear,research_assumption,%,10000,1093,0,0.1093,0.1093,0.1145666398241645,withheld,withheld,withheld,withheld,withheld,withheld (concentration row)
0,TAB,SD-H0,SDH0_MAIN9:M0,PN-EE-HI,public_evaluator_linear,research_assumption,%,10000,0,0,0.0,0.0,0.0002995283597766,withheld,withheld,withheld,withheld,withheld,withheld (concentration row)
0,TAB,SD-H0,SDH0_MAIN9:M0,PN-CA-ABS,public_evaluator_linear,sourced,g/d,10000,5118,0,0.5118,0.5118,0.5200686646435919,3.497151199043815,17.036607606765486,-10.391821798817528,-7.2406761129897195,-0.11222513957752714,shown in the row's unit
0,TAB,SD-H0,SDH0_MAIN9:M0,PN-P-ABS,public_evaluator_linear,sourced,g/d,10000,5022,0,0.5022,0.5022,0.510472942294798,3.4890700935490293,15.228443646334552,-9.963111281580934,-7.100053783800773,-0.01897440882728252,shown in the row's unit
0,TAB,SD-H0,SDH0_MAIN9:M0,PN-T1,public_evaluator_linear,sourced,%,10000,420,0,0.042,0.042,0.0454497148613744,withheld,withheld,withheld,withheld,withheld,withheld (concentration row)
0,TAB,SD-H0,SDH0_MAIN9:M0,PN-T2,public_evaluator_linear,sourced,%,10000,76,0,0.0076,0.0076,0.0091905721606484,withheld,withheld,withheld,withheld,withheld,withheld (concentration row)
0,TAB,SD-H0,SDH0_MAIN9:M0,PN-T3,public_evaluator_linear,sourced,%,10000,2368,0,0.2368,0.2368,0.2438988075529609,withheld,withheld,withheld,withheld,withheld,withheld (concentration row)
0,TAB,SD-H0,SDH0_MAIN9:M0,PN-T4,public_evaluator_linear,sourced,%,10000,4955,0,0.4955,0.4955,0.5037741315163634,withheld,withheld,withheld,withheld,withheld,withheld (concentration row)
0,TAB,SD-H0,SDH0_MAIN9:M0,PN-T5,public_evaluator_linear,sourced,%,10000,5239,0,0.5239,0.5239,0.532158950296409,withheld,withheld,withheld,withheld,withheld,withheld (concentration row)
0,TAB,SD-H0,SDH0_MAIN9:M0,DIAG-DM-REAL-LO,public_evaluator_linear,diagnostic,kg/d,10000,456,0,0.0456,0.0456,0.0491808299250344,0.6631413737439906,3.5293686922509515,-1.0622300266158042,0.08108654212782557,2.686248929362744,shown in the row's unit
0,TAB,SD-H0,SDH0_MAIN9:M0,DIAG-DM-REAL-HI,public_evaluator_linear,diagnostic,kg/d,10000,453,0,0.0453,0.0453,0.0488701368726862,0.6488685234724528,3.5934972261480986,-1.0019782680630418,0.0646765366820132,2.6670090706372562,shown in the row's unit
0,TAB,SD-H0,SDH0_MAIN9:M0,DIAG-CA-MTL,public_evaluator_linear,diagnostic,%,10000,0,0,0.0,0.0,0.0002995283597766,withheld,withheld,withheld,withheld,withheld,withheld (concentration row)
0,TAB,SD-H0,SDH0_MAIN9:M0,DIAG-P-MTL,public_evaluator_linear,diagnostic,%,10000,0,0,0.0,0.0,0.0002995283597766,withheld,withheld,withheld,withheld,withheld,withheld (concentration row)
0,TAB,SD-H0,SDH0_MAIN9:M0,DIAG-T51-DGC-STARCH-SHARE,public_evaluator_linear,diagnostic,kg/d,10000,1514,0,0.1514,0.1514,0.1574208069838205,withheld,withheld,withheld,withheld,withheld,withheld (concentration row)
0,TAB,SD-H0,SDH0_MAIN9:M0,PN-NEL-FIXEDDMI,reference_chain_ch3,sourced,Mcal/d,10000,4986,3,0.4986,0.4989,0.5071737125503484,2.02034925842524,10.09962914660288,-5.918915707416937,-4.144457246683937,0.009613089892752669,shown in the row's unit
0,SRC12,SD-SRC12,SDSRC12_MAIN9:M0,PN-NEL-FIXEDDMI,public_evaluator_linear,sourced,Mcal/d,10000,4980,0,0.498,0.498,0.5062738604565098,1.0818735661290475,5.046560370220504,-3.1534687099344434,-2.2293800146435907,0.009713270202951207,shown in the row's unit
0,SRC12,SD-SRC12,SDSRC12_MAIN9:M0,PN-CP-SUP,public_evaluator_linear,sourced,kg/d,10000,4994,0,0.4994,0.4994,0.5076736188684512,withheld,withheld,withheld,withheld,withheld,withheld (concentration row)
0,SRC12,SD-SRC12,SDSRC12_MAIN9:M0,PN-CP-HI,public_evaluator_linear,research_assumption,%,10000,502,0,0.0502,0.0502,0.0539399131439197,withheld,withheld,withheld,withheld,withheld,withheld (concentration row)
0,SRC12,SD-SRC12,SDSRC12_MAIN9:M0,PN-EE-HI,public_evaluator_linear,research_assumption,%,10000,0,0,0.0,0.0,0.0002995283597766,withheld,withheld,withheld,withheld,withheld,withheld (concentration row)
0,SRC12,SD-SRC12,SDSRC12_MAIN9:M0,PN-CA-ABS,public_evaluator_linear,sourced,g/d,10000,5117,0,0.5117,0.5117,0.5199687248329241,3.4955763131665982,17.018482994080077,-10.359694197923817,-7.203538540289626,-0.11323955295766686,shown in the row's unit
0,SRC12,SD-SRC12,SDSRC12_MAIN9:M0,PN-P-ABS,public_evaluator_linear,sourced,g/d,10000,4963,0,0.4963,0.4963,0.504574067144351,3.3828101756543263,14.78531477619301,-9.659093159687698,-6.790194280175392,0.03737397801201886,shown in the row's unit
0,SRC12,SD-SRC12,SDSRC12_MAIN9:M0,PN-T1,public_evaluator_linear,sourced,%,10000,2,0,0.0002,0.0002,0.0006294441486871,withheld,withheld,withheld,withheld,withheld,withheld (concentration row)
0,SRC12,SD-SRC12,SDSRC12_MAIN9:M0,PN-T2,public_evaluator_linear,sourced,%,10000,0,0,0.0,0.0,0.0002995283597766,withheld,withheld,withheld,withheld,withheld,withheld (concentration row)
0,SRC12,SD-SRC12,SDSRC12_MAIN9:M0,PN-T3,public_evaluator_linear,sourced,%,10000,511,0,0.0511,0.0511,0.0548700266371175,withheld,withheld,withheld,withheld,withheld,withheld (concentration row)
0,SRC12,SD-SRC12,SDSRC12_MAIN9:M0,PN-T4,public_evaluator_linear,sourced,%,10000,4991,0,0.4991,0.4991,0.507373676064311,withheld,withheld,withheld,withheld,withheld,withheld (concentration row)
0,SRC12,SD-SRC12,SDSRC12_MAIN9:M0,PN-T5,public_evaluator_linear,sourced,%,10000,5116,0,0.5116,0.5116,0.5198687846930778,withheld,withheld,withheld,withheld,withheld,withheld (concentration row)
0,SRC12,SD-SRC12,SDSRC12_MAIN9:M0,DIAG-DM-REAL-LO,public_evaluator_linear,diagnostic,kg/d,10000,2,0,0.0002,0.0002,0.0006294441486871,0.2771990568954159,0.3542622824905841,0.8500709063273907,1.402626931273481,2.682547573444163,shown in the row's unit
0,SRC12,SD-SRC12,SDSRC12_MAIN9:M0,DIAG-DM-REAL-HI,public_evaluator_linear,diagnostic,kg/d,10000,4,0,0.0004,0.0004,0.000915116058471,0.15754486953317226,0.37163439493190964,0.8818408066003404,1.4187942087358023,2.6707104265558375,shown in the row's unit
0,SRC12,SD-SRC12,SDSRC12_MAIN9:M0,DIAG-CA-MTL,public_evaluator_linear,diagnostic,%,10000,0,0,0.0,0.0,0.0002995283597766,withheld,withheld,withheld,withheld,withheld,withheld (concentration row)
0,SRC12,SD-SRC12,SDSRC12_MAIN9:M0,DIAG-P-MTL,public_evaluator_linear,diagnostic,%,10000,0,0,0.0,0.0,0.0002995283597766,withheld,withheld,withheld,withheld,withheld,withheld (concentration row)
0,SRC12,SD-SRC12,SDSRC12_MAIN9:M0,DIAG-T51-DGC-STARCH-SHARE,public_evaluator_linear,diagnostic,kg/d,10000,1125,0,0.1125,0.1125,0.1178311414357997,withheld,withheld,withheld,withheld,withheld,withheld (concentration row)
0,SRC12,SD-SRC12,SDSRC12_MAIN9:M0,PN-NEL-FIXEDDMI,reference_chain_ch3,sourced,Mcal/d,10000,4979,3,0.4979,0.4982,0.5064738298908501,1.038830165372256,5.238419973487318,-3.0980776565311983,-2.133379090285686,0.00544591866838573,shown in the row's unit
0,SRC14,SD-SRC14,SDSRC14_MAIN9:M0,PN-NEL-FIXEDDMI,public_evaluator_linear,sourced,Mcal/d,10000,4956,0,0.4956,0.4956,0.5038741246211516,0.64503657865799,2.9225788237097845,-1.8918124180713485,-1.316876510343928,0.009609381654254179,shown in the row's unit
0,SRC14,SD-SRC14,SDSRC14_MAIN9:M0,PN-CP-SUP,public_evaluator_linear,sourced,kg/d,10000,4966,0,0.4966,0.4966,0.5048740375774226,withheld,withheld,withheld,withheld,withheld,withheld (concentration row)
0,SRC14,SD-SRC14,SDSRC14_MAIN9:M0,PN-CP-HI,public_evaluator_linear,research_assumption,%,10000,364,0,0.0364,0.0364,0.0396323146917122,withheld,withheld,withheld,withheld,withheld,withheld (concentration row)
0,SRC14,SD-SRC14,SDSRC14_MAIN9:M0,PN-EE-HI,public_evaluator_linear,research_assumption,%,10000,0,0,0.0,0.0,0.0002995283597766,withheld,withheld,withheld,withheld,withheld,withheld (concentration row)
0,SRC14,SD-SRC14,SDSRC14_MAIN9:M0,PN-CA-ABS,public_evaluator_linear,sourced,g/d,10000,5123,0,0.5123,0.5123,0.5205683587590892,3.4919047364179283,17.038132956556247,-10.343800221672712,-7.215434886316032,-0.12455618910749838,shown in the row's unit
0,SRC14,SD-SRC14,SDSRC14_MAIN9:M0,PN-P-ABS,public_evaluator_linear,sourced,g/d,10000,4973,0,0.4973,0.4973,0.5055739570755036,3.34377757749564,14.574737007597205,-9.556180574089078,-6.754942502551861,0.029577017427017543,shown in the row's unit
0,SRC14,SD-SRC14,SDSRC14_MAIN9:M0,PN-T1,public_evaluator_linear,sourced,%,10000,0,0,0.0,0.0,0.0002995283597766,withheld,withheld,withheld,withheld,withheld,withheld (concentration row)
0,SRC14,SD-SRC14,SDSRC14_MAIN9:M0,PN-T2,public_evaluator_linear,sourced,%,10000,0,0,0.0,0.0,0.0002995283597766,withheld,withheld,withheld,withheld,withheld,withheld (concentration row)
0,SRC14,SD-SRC14,SDSRC14_MAIN9:M0,PN-T3,public_evaluator_linear,sourced,%,10000,107,0,0.0107,0.0107,0.0125525830603153,withheld,withheld,withheld,withheld,withheld,withheld (concentration row)
0,SRC14,SD-SRC14,SDSRC14_MAIN9:M0,PN-T4,public_evaluator_linear,sourced,%,10000,4955,0,0.4955,0.4955,0.5037741315163634,withheld,withheld,withheld,withheld,withheld,withheld (concentration row)
0,SRC14,SD-SRC14,SDSRC14_MAIN9:M0,PN-T5,public_evaluator_linear,sourced,%,10000,5041,0,0.5041,0.5041,0.5123723363306125,withheld,withheld,withheld,withheld,withheld,withheld (concentration row)
0,SRC14,SD-SRC14,SDSRC14_MAIN9:M0,DIAG-DM-REAL-LO,public_evaluator_linear,diagnostic,kg/d,10000,0,0,0.0,0.0,0.0002995283597766,,,1.7352403318532499,2.007560070186594,2.6760708813184255,shown in the row's unit
0,SRC14,SD-SRC14,SDSRC14_MAIN9:M0,DIAG-DM-REAL-HI,public_evaluator_linear,diagnostic,kg/d,10000,0,0,0.0,0.0,0.0002995283597766,,,1.7426312967368152,2.0270475356564903,2.6771871186815748,shown in the row's unit
0,SRC14,SD-SRC14,SDSRC14_MAIN9:M0,DIAG-CA-MTL,public_evaluator_linear,diagnostic,%,10000,0,0,0.0,0.0,0.0002995283597766,withheld,withheld,withheld,withheld,withheld,withheld (concentration row)
0,SRC14,SD-SRC14,SDSRC14_MAIN9:M0,DIAG-P-MTL,public_evaluator_linear,diagnostic,%,10000,0,0,0.0,0.0,0.0002995283597766,withheld,withheld,withheld,withheld,withheld,withheld (concentration row)
0,SRC14,SD-SRC14,SDSRC14_MAIN9:M0,DIAG-T51-DGC-STARCH-SHARE,public_evaluator_linear,diagnostic,kg/d,10000,4,0,0.0004,0.0004,0.000915116058471,withheld,withheld,withheld,withheld,withheld,withheld (concentration row)
0,SRC14,SD-SRC14,SDSRC14_MAIN9:M0,PN-NEL-FIXEDDMI,reference_chain_ch3,sourced,Mcal/d,10000,4947,3,0.4947,0.495,0.5032741610582125,0.5874907790537252,2.763035884903715,-1.7279790138063018,-1.1955598548600492,0.010510020215228622,shown in the row's unit
0,MO12,SD-12MO,SD12MO_MAIN9:M0,PN-NEL-FIXEDDMI,public_evaluator_linear,sourced,Mcal/d,10000,4989,0,0.4989,0.4989,0.5071737125503484,1.0129823491429184,4.828478895506983,-2.9874364946483536,-2.082531441386096,0.003937958483273718,shown in the row's unit
0,MO12,SD-12MO,SD12MO_MAIN9:M0,PN-CP-SUP,public_evaluator_linear,sourced,kg/d,10000,4995,0,0.4995,0.4995,0.5077735991453513,withheld,withheld,withheld,withheld,withheld,withheld (concentration row)
0,MO12,SD-12MO,SD12MO_MAIN9:M0,PN-CP-HI,public_evaluator_linear,research_assumption,%,10000,52,0,0.0052,0.0052,0.0065471419610077,withheld,withheld,withheld,withheld,withheld,withheld (concentration row)
0,MO12,SD-12MO,SD12MO_MAIN9:M0,PN-EE-HI,public_evaluator_linear,research_assumption,%,10000,0,0,0.0,0.0,0.0002995283597766,withheld,withheld,withheld,withheld,withheld,withheld (concentration row)
0,MO12,SD-12MO,SD12MO_MAIN9:M0,PN-CA-ABS,public_evaluator_linear,sourced,g/d,10000,5040,0,0.504,0.504,0.512272371183836,1.7036879050410207,8.739579937848358,-5.006198290989057,-3.5017709872924496,-0.028557754859243056,shown in the row's unit
0,MO12,SD-12MO,SD12MO_MAIN9:M0,PN-P-ABS,public_evaluator_linear,sourced,g/d,10000,4984,0,0.4984,0.4984,0.5066737980095428,1.673502414087881,7.234468442299558,-4.803437668913042,-3.40944986606345,0.0047516504840180995,shown in the row's unit
0,MO12,SD-12MO,SD12MO_MAIN9:M0,PN-T1,public_evaluator_linear,sourced,%,10000,1,0,0.0001,0.0001,0.0004742976591654,withheld,withheld,withheld,withheld,withheld,withheld (concentration row)
0,MO12,SD-12MO,SD12MO_MAIN9:M0,PN-T2,public_evaluator_linear,sourced,%,10000,0,0,0.0,0.0,0.0002995283597766,withheld,withheld,withheld,withheld,withheld,withheld (concentration row)
0,MO12,SD-12MO,SD12MO_MAIN9:M0,PN-T3,public_evaluator_linear,sourced,%,10000,354,0,0.0354,0.0354,0.0385915476325767,withheld,withheld,withheld,withheld,withheld,withheld (concentration row)
0,MO12,SD-12MO,SD12MO_MAIN9:M0,PN-T4,public_evaluator_linear,sourced,%,10000,4984,0,0.4984,0.4984,0.5066737980095428,withheld,withheld,withheld,withheld,withheld,withheld (concentration row)
0,MO12,SD-12MO,SD12MO_MAIN9:M0,PN-T5,public_evaluator_linear,sourced,%,10000,5130,0,0.513,0.513,0.5212679166939479,withheld,withheld,withheld,withheld,withheld,withheld (concentration row)
0,MO12,SD-12MO,SD12MO_MAIN9:M0,DIAG-DM-REAL-LO,public_evaluator_linear,diagnostic,kg/d,10000,2,0,0.0002,0.0002,0.0006294441486871,0.16126083218360954,0.27861396347990564,0.8962177665056876,1.4406586822457632,2.6812018286244204,shown in the row's unit
0,MO12,SD-12MO,SD12MO_MAIN9:M0,DIAG-DM-REAL-HI,public_evaluator_linear,diagnostic,kg/d,10000,2,0,0.0002,0.0002,0.0006294441486871,0.18889448604705628,0.3091446280206753,0.9249161846114441,1.4328441146414972,2.67205617137558,shown in the row's unit
0,MO12,SD-12MO,SD12MO_MAIN9:M0,DIAG-CA-MTL,public_evaluator_linear,diagnostic,%,10000,0,0,0.0,0.0,0.0002995283597766,withheld,withheld,withheld,withheld,withheld,withheld (concentration row)
0,MO12,SD-12MO,SD12MO_MAIN9:M0,DIAG-P-MTL,public_evaluator_linear,diagnostic,%,10000,0,0,0.0,0.0,0.0002995283597766,withheld,withheld,withheld,withheld,withheld,withheld (concentration row)
0,MO12,SD-12MO,SD12MO_MAIN9:M0,DIAG-T51-DGC-STARCH-SHARE,public_evaluator_linear,diagnostic,kg/d,10000,190,0,0.019,0.019,0.0214025275679604,withheld,withheld,withheld,withheld,withheld,withheld (concentration row)
0,MO12,SD-12MO,SD12MO_MAIN9:M0,PN-NEL-FIXEDDMI,reference_chain_ch3,sourced,Mcal/d,10000,4982,0,0.4982,0.4982,0.5064738298908501,0.960684286482007,4.825298616903773,-2.8166013365270333,-1.9762188156559513,0.005780504968900146,shown in the row's unit
0,NARROW,SD-S2,SDS2_MAIN9:M0,PN-NEL-FIXEDDMI,public_evaluator_linear,sourced,Mcal/d,10000,4962,0,0.4962,0.4962,0.504474076342131,0.5248627212739755,2.343698064745432,-1.5338104289095162,-1.0779025082009501,0.0067251215916783735,shown in the row's unit
0,NARROW,SD-S2,SDS2_MAIN9:M0,PN-CP-SUP,public_evaluator_linear,sourced,kg/d,10000,4976,0,0.4976,0.4976,0.5058739176408623,withheld,withheld,withheld,withheld,withheld,withheld (concentration row)
0,NARROW,SD-S2,SDS2_MAIN9:M0,PN-CP-HI,public_evaluator_linear,research_assumption,%,10000,4,0,0.0004,0.0004,0.000915116058471,withheld,withheld,withheld,withheld,withheld,withheld (concentration row)
0,NARROW,SD-S2,SDS2_MAIN9:M0,PN-EE-HI,public_evaluator_linear,research_assumption,%,10000,0,0,0.0,0.0,0.0002995283597766,withheld,withheld,withheld,withheld,withheld,withheld (concentration row)
0,NARROW,SD-S2,SDS2_MAIN9:M0,PN-CA-ABS,public_evaluator_linear,sourced,g/d,10000,5049,0,0.5049,0.5049,0.5131720456628464,1.7002530909899551,8.740913522372697,-4.9913055160441795,-3.503657071771294,-0.031072994136030485,shown in the row's unit
0,NARROW,SD-S2,SDS2_MAIN9:M0,PN-P-ABS,public_evaluator_linear,sourced,g/d,10000,4949,0,0.4949,0.4949,0.5031741659797273,1.6166122142032748,7.012593472040869,-4.611015369582285,-3.23889866740324,0.02497817220599094,shown in the row's unit
0,NARROW,SD-S2,SDS2_MAIN9:M0,PN-T1,public_evaluator_linear,sourced,%,10000,0,0,0.0,0.0,0.0002995283597766,withheld,withheld,withheld,withheld,withheld,withheld (concentration row)
0,NARROW,SD-S2,SDS2_MAIN9:M0,PN-T2,public_evaluator_linear,sourced,%,10000,0,0,0.0,0.0,0.0002995283597766,withheld,withheld,withheld,withheld,withheld,withheld (concentration row)
0,NARROW,SD-S2,SDS2_MAIN9:M0,PN-T3,public_evaluator_linear,sourced,%,10000,24,0,0.0024,0.0024,0.0033735941066086,withheld,withheld,withheld,withheld,withheld,withheld (concentration row)
0,NARROW,SD-S2,SDS2_MAIN9:M0,PN-T4,public_evaluator_linear,sourced,%,10000,4970,0,0.497,0.497,0.5052739935498669,withheld,withheld,withheld,withheld,withheld,withheld (concentration row)
0,NARROW,SD-S2,SDS2_MAIN9:M0,PN-T5,public_evaluator_linear,sourced,%,10000,5055,0,0.5055,0.5055,0.5137718138459926,withheld,withheld,withheld,withheld,withheld,withheld (concentration row)
0,NARROW,SD-S2,SDS2_MAIN9:M0,DIAG-DM-REAL-LO,public_evaluator_linear,diagnostic,kg/d,10000,0,0,0.0,0.0,0.0002995283597766,,,1.8054192635089987,2.0689197151670795,2.679529086976965,shown in the row's unit
0,NARROW,SD-S2,SDS2_MAIN9:M0,DIAG-DM-REAL-HI,public_evaluator_linear,diagnostic,kg/d,10000,0,0,0.0,0.0,0.0002995283597766,,,1.8199334936044351,2.0762433576654193,2.6737289130230355,shown in the row's unit
0,NARROW,SD-S2,SDS2_MAIN9:M0,DIAG-CA-MTL,public_evaluator_linear,diagnostic,%,10000,0,0,0.0,0.0,0.0002995283597766,withheld,withheld,withheld,withheld,withheld,withheld (concentration row)
0,NARROW,SD-S2,SDS2_MAIN9:M0,DIAG-P-MTL,public_evaluator_linear,diagnostic,%,10000,0,0,0.0,0.0,0.0002995283597766,withheld,withheld,withheld,withheld,withheld,withheld (concentration row)
0,NARROW,SD-S2,SDS2_MAIN9:M0,DIAG-T51-DGC-STARCH-SHARE,public_evaluator_linear,diagnostic,kg/d,10000,0,0,0.0,0.0,0.0002995283597766,withheld,withheld,withheld,withheld,withheld,withheld (concentration row)
0,NARROW,SD-S2,SDS2_MAIN9:M0,PN-NEL-FIXEDDMI,reference_chain_ch3,sourced,Mcal/d,10000,4969,0,0.4969,0.4969,0.5051740050501434,0.48728439638955456,2.360666688347713,-1.4447076090730795,-1.0079505981978296,0.0034348780776625176,shown in the row's unit
1,TAB,SD-H0,SDH0_MAIN9:M0,PN-NEL-FIXEDDMI,public_evaluator_linear,sourced,Mcal/d,10000,5087,0,0.5087,0.5087,0.5169703774644385,2.1803973761671296,10.969742922908587,-6.375989541067977,-4.546723854612799,-0.05331664993609664,shown in the row's unit
1,TAB,SD-H0,SDH0_MAIN9:M0,PN-CP-SUP,public_evaluator_linear,sourced,kg/d,10000,5210,0,0.521,0.521,0.5292617182534284,withheld,withheld,withheld,withheld,withheld,withheld (concentration row)
1,TAB,SD-H0,SDH0_MAIN9:M0,PN-CP-HI,public_evaluator_linear,research_assumption,%,10000,1122,0,0.1122,0.1122,0.1175251518340502,withheld,withheld,withheld,withheld,withheld,withheld (concentration row)
1,TAB,SD-H0,SDH0_MAIN9:M0,PN-EE-HI,public_evaluator_linear,research_assumption,%,10000,0,0,0.0,0.0,0.0002995283597766,withheld,withheld,withheld,withheld,withheld,withheld (concentration row)
1,TAB,SD-H0,SDH0_MAIN9:M0,PN-CA-ABS,public_evaluator_linear,sourced,g/d,10000,5077,0,0.5077,0.5077,0.5159708625251439,3.5726841778369733,16.204363336782734,-10.193252267510227,-7.378121132337715,-0.0985665967812091,shown in the row's unit
1,TAB,SD-H0,SDH0_MAIN9:M0,PN-P-ABS,public_evaluator_linear,sourced,g/d,10000,5078,0,0.5078,0.5078,0.5160708154997353,3.465946759929936,15.327030676882517,-9.752502050200043,-7.026482305461952,-0.08578934185386397,shown in the row's unit
1,TAB,SD-H0,SDH0_MAIN9:M0,PN-T1,public_evaluator_linear,sourced,%,10000,396,0,0.0396,0.0396,0.0429586902294032,withheld,withheld,withheld,withheld,withheld,withheld (concentration row)
1,TAB,SD-H0,SDH0_MAIN9:M0,PN-T2,public_evaluator_linear,sourced,%,10000,76,0,0.0076,0.0076,0.0091905721606484,withheld,withheld,withheld,withheld,withheld,withheld (concentration row)
1,TAB,SD-H0,SDH0_MAIN9:M0,PN-T3,public_evaluator_linear,sourced,%,10000,2387,0,0.2387,0.2387,0.2458176449112883,withheld,withheld,withheld,withheld,withheld,withheld (concentration row)
1,TAB,SD-H0,SDH0_MAIN9:M0,PN-T4,public_evaluator_linear,sourced,%,10000,4862,0,0.4862,0.4862,0.4944733345941265,withheld,withheld,withheld,withheld,withheld,withheld (concentration row)
1,TAB,SD-H0,SDH0_MAIN9:M0,PN-T5,public_evaluator_linear,sourced,%,10000,5196,0,0.5196,0.5196,0.5278629552309296,withheld,withheld,withheld,withheld,withheld,withheld (concentration row)
1,TAB,SD-H0,SDH0_MAIN9:M0,DIAG-DM-REAL-LO,public_evaluator_linear,diagnostic,kg/d,10000,499,0,0.0499,0.0499,0.0536298047749229,0.6671676967213843,3.7504815046934254,-1.06410195732096,0.004619055752046962,2.6555927309973875,shown in the row's unit
1,TAB,SD-H0,SDH0_MAIN9:M0,DIAG-DM-REAL-HI,public_evaluator_linear,diagnostic,kg/d,10000,435,0,0.0435,0.0435,0.0470051026642018,0.6834100745143595,3.0812503460047616,-1.0324623879098733,0.08752524431245201,2.697665269002613,shown in the row's unit
1,TAB,SD-H0,SDH0_MAIN9:M0,DIAG-CA-MTL,public_evaluator_linear,diagnostic,%,10000,0,0,0.0,0.0,0.0002995283597766,withheld,withheld,withheld,withheld,withheld,withheld (concentration row)
1,TAB,SD-H0,SDH0_MAIN9:M0,DIAG-P-MTL,public_evaluator_linear,diagnostic,%,10000,0,0,0.0,0.0,0.0002995283597766,withheld,withheld,withheld,withheld,withheld,withheld (concentration row)
1,TAB,SD-H0,SDH0_MAIN9:M0,DIAG-T51-DGC-STARCH-SHARE,public_evaluator_linear,diagnostic,kg/d,10000,1529,0,0.1529,0.1529,0.1589443694904402,withheld,withheld,withheld,withheld,withheld,withheld (concentration row)
1,TAB,SD-H0,SDH0_MAIN9:M0,PN-NEL-FIXEDDMI,reference_chain_ch3,sourced,Mcal/d,10000,5058,5,0.5058,0.5063,0.5145714863346309,2.0757526660439733,10.475048046923717,-6.074056081608513,-4.315415079349079,-0.04598851830709094,shown in the row's unit
1,SRC12,SD-SRC12,SDSRC12_MAIN9:M0,PN-NEL-FIXEDDMI,public_evaluator_linear,sourced,Mcal/d,10000,5052,0,0.5052,0.5052,0.5134719312347408,1.1040605278726336,5.735431585246424,-3.2196867399239704,-2.270182302900076,-0.01793855213057327,shown in the row's unit
1,SRC12,SD-SRC12,SDSRC12_MAIN9:M0,PN-CP-SUP,public_evaluator_linear,sourced,kg/d,10000,5125,0,0.5125,0.5125,0.5207682341008726,withheld,withheld,withheld,withheld,withheld,withheld (concentration row)
1,SRC12,SD-SRC12,SDSRC12_MAIN9:M0,PN-CP-HI,public_evaluator_linear,research_assumption,%,10000,490,0,0.049,0.049,0.0526992638129479,withheld,withheld,withheld,withheld,withheld,withheld (concentration row)
1,SRC12,SD-SRC12,SDSRC12_MAIN9:M0,PN-EE-HI,public_evaluator_linear,research_assumption,%,10000,0,0,0.0,0.0,0.0002995283597766,withheld,withheld,withheld,withheld,withheld,withheld (concentration row)
1,SRC12,SD-SRC12,SDSRC12_MAIN9:M0,PN-CA-ABS,public_evaluator_linear,sourced,g/d,10000,5082,0,0.5082,0.5082,0.5164706241077948,3.5619959941182007,16.325396643860568,-10.219259351465766,-7.369383639121797,-0.10421854206125666,shown in the row's unit
1,SRC12,SD-SRC12,SDSRC12_MAIN9:M0,PN-P-ABS,public_evaluator_linear,sourced,g/d,10000,5031,0,0.5031,0.5031,0.5113726700608072,3.3304476065810356,14.712024243341899,-9.577256137788973,-6.836045138098541,-0.02984200768766862,shown in the row's unit
1,SRC12,SD-SRC12,SDSRC12_MAIN9:M0,PN-T1,public_evaluator_linear,sourced,%,10000,1,0,0.0001,0.0001,0.0004742976591654,withheld,withheld,withheld,withheld,withheld,withheld (concentration row)
1,SRC12,SD-SRC12,SDSRC12_MAIN9:M0,PN-T2,public_evaluator_linear,sourced,%,10000,0,0,0.0,0.0,0.0002995283597766,withheld,withheld,withheld,withheld,withheld,withheld (concentration row)
1,SRC12,SD-SRC12,SDSRC12_MAIN9:M0,PN-T3,public_evaluator_linear,sourced,%,10000,508,0,0.0508,0.0508,0.0545600237787488,withheld,withheld,withheld,withheld,withheld,withheld (concentration row)
1,SRC12,SD-SRC12,SDSRC12_MAIN9:M0,PN-T4,public_evaluator_linear,sourced,%,10000,4883,0,0.4883,0.4883,0.4965737633508333,withheld,withheld,withheld,withheld,withheld,withheld (concentration row)
1,SRC12,SD-SRC12,SDSRC12_MAIN9:M0,PN-T5,public_evaluator_linear,sourced,%,10000,5025,0,0.5025,0.5025,0.5107728545104125,withheld,withheld,withheld,withheld,withheld,withheld (concentration row)
1,SRC12,SD-SRC12,SDSRC12_MAIN9:M0,DIAG-DM-REAL-LO,public_evaluator_linear,diagnostic,kg/d,10000,3,0,0.0003,0.0003,0.00077518137901,0.37603039173391767,0.5296265686683093,0.8470186364512539,1.3736997023476107,2.672088265459257,shown in the row's unit
1,SRC12,SD-SRC12,SDSRC12_MAIN9:M0,DIAG-DM-REAL-HI,public_evaluator_linear,diagnostic,kg/d,10000,1,0,0.0001,0.0001,0.0004742976591654,0.051780112244163234,0.051780112244163234,0.8501972216248224,1.4291680155753723,2.6811697345407435,shown in the row's unit
1,SRC12,SD-SRC12,SDSRC12_MAIN9:M0,DIAG-CA-MTL,public_evaluator_linear,diagnostic,%,10000,0,0,0.0,0.0,0.0002995283597766,withheld,withheld,withheld,withheld,withheld,withheld (concentration row)
1,SRC12,SD-SRC12,SDSRC12_MAIN9:M0,DIAG-P-MTL,public_evaluator_linear,diagnostic,%,10000,0,0,0.0,0.0,0.0002995283597766,withheld,withheld,withheld,withheld,withheld,withheld (concentration row)
1,SRC12,SD-SRC12,SDSRC12_MAIN9:M0,DIAG-T51-DGC-STARCH-SHARE,public_evaluator_linear,diagnostic,kg/d,10000,1117,0,0.1117,0.1117,0.1170151430107031,withheld,withheld,withheld,withheld,withheld,withheld (concentration row)
1,SRC12,SD-SRC12,SDSRC12_MAIN9:M0,PN-NEL-FIXEDDMI,reference_chain_ch3,sourced,Mcal/d,10000,5060,5,0.506,0.5065,0.5147714011669846,1.0628315117828404,5.392867725670158,-3.1136159661496974,-2.2113732378958053,-0.023887947227350992,shown in the row's unit
1,SRC14,SD-SRC14,SDSRC14_MAIN9:M0,PN-NEL-FIXEDDMI,public_evaluator_linear,sourced,Mcal/d,10000,5044,0,0.5044,0.5044,0.5126722297972963,0.6497553570720913,3.285549067944231,-1.8821216873130222,-1.3369052674524138,-0.009279592264647363,shown in the row's unit
1,SRC14,SD-SRC14,SDSRC14_MAIN9:M0,PN-CP-SUP,public_evaluator_linear,sourced,kg/d,10000,5083,0,0.5083,0.5083,0.5165705754372172,withheld,withheld,withheld,withheld,withheld,withheld (concentration row)
1,SRC14,SD-SRC14,SDSRC14_MAIN9:M0,PN-CP-HI,public_evaluator_linear,research_assumption,%,10000,359,0,0.0359,0.0359,0.0391120107421971,withheld,withheld,withheld,withheld,withheld,withheld (concentration row)
1,SRC14,SD-SRC14,SDSRC14_MAIN9:M0,PN-EE-HI,public_evaluator_linear,research_assumption,%,10000,0,0,0.0,0.0,0.0002995283597766,withheld,withheld,withheld,withheld,withheld,withheld (concentration row)
1,SRC14,SD-SRC14,SDSRC14_MAIN9:M0,PN-CA-ABS,public_evaluator_linear,sourced,g/d,10000,5081,0,0.5081,0.5081,0.5163706724493322,3.5606085658828057,16.38291247154096,-10.230153004415953,-7.3669105947228415,-0.10398736900109687,shown in the row's unit
1,SRC14,SD-SRC14,SDSRC14_MAIN9:M0,PN-P-ABS,public_evaluator_linear,sourced,g/d,10000,5009,0,0.5009,0.5009,0.5091732884868139,3.303668689012474,14.68925088171079,-9.532822247329301,-6.77164978377357,-0.008541488433419508,shown in the row's unit
1,SRC14,SD-SRC14,SDSRC14_MAIN9:M0,PN-T1,public_evaluator_linear,sourced,%,10000,0,0,0.0,0.0,0.0002995283597766,withheld,withheld,withheld,withheld,withheld,withheld (concentration row)
1,SRC14,SD-SRC14,SDSRC14_MAIN9:M0,PN-T2,public_evaluator_linear,sourced,%,10000,0,0,0.0,0.0,0.0002995283597766,withheld,withheld,withheld,withheld,withheld,withheld (concentration row)
1,SRC14,SD-SRC14,SDSRC14_MAIN9:M0,PN-T3,public_evaluator_linear,sourced,%,10000,91,0,0.0091,0.0091,0.0108230633558864,withheld,withheld,withheld,withheld,withheld,withheld (concentration row)
1,SRC14,SD-SRC14,SDSRC14_MAIN9:M0,PN-T4,public_evaluator_linear,sourced,%,10000,4928,0,0.4928,0.4928,0.5010741933392687,withheld,withheld,withheld,withheld,withheld,withheld (concentration row)
1,SRC14,SD-SRC14,SDSRC14_MAIN9:M0,PN-T5,public_evaluator_linear,sourced,%,10000,5003,0,0.5003,0.5003,0.5085734295199352,withheld,withheld,withheld,withheld,withheld,withheld (concentration row)
1,SRC14,SD-SRC14,SDSRC14_MAIN9:M0,DIAG-DM-REAL-LO,public_evaluator_linear,diagnostic,kg/d,10000,0,0,0.0,0.0,0.0002995283597766,,,1.724054194389026,2.0036243138392313,2.6749211304155445,shown in the row's unit
1,SRC14,SD-SRC14,SDSRC14_MAIN9:M0,DIAG-DM-REAL-HI,public_evaluator_linear,diagnostic,kg/d,10000,0,0,0.0,0.0,0.0002995283597766,,,1.7330622094485322,2.0260110623543452,2.678336869584456,shown in the row's unit
1,SRC14,SD-SRC14,SDSRC14_MAIN9:M0,DIAG-CA-MTL,public_evaluator_linear,diagnostic,%,10000,0,0,0.0,0.0,0.0002995283597766,withheld,withheld,withheld,withheld,withheld,withheld (concentration row)
1,SRC14,SD-SRC14,SDSRC14_MAIN9:M0,DIAG-P-MTL,public_evaluator_linear,diagnostic,%,10000,0,0,0.0,0.0,0.0002995283597766,withheld,withheld,withheld,withheld,withheld,withheld (concentration row)
1,SRC14,SD-SRC14,SDSRC14_MAIN9:M0,DIAG-T51-DGC-STARCH-SHARE,public_evaluator_linear,diagnostic,kg/d,10000,5,0,0.0005,0.0005,0.0010510137186384,withheld,withheld,withheld,withheld,withheld,withheld (concentration row)
1,SRC14,SD-SRC14,SDSRC14_MAIN9:M0,PN-NEL-FIXEDDMI,reference_chain_ch3,sourced,Mcal/d,10000,5037,5,0.5037,0.5042,0.5124723011484491,0.5948235727637664,3.0624392769538744,-1.7371738004253228,-1.2374098257479111,-0.007421351103410245,shown in the row's unit
1,MO12,SD-12MO,SD12MO_MAIN9:M0,PN-NEL-FIXEDDMI,public_evaluator_linear,sourced,Mcal/d,10000,5072,0,0.5072,0.5072,0.5154710927168811,1.0353894761309277,5.279238496119071,-3.0411204048580585,-2.1645228905350877,-0.020386466245351897,shown in the row's unit
1,MO12,SD-12MO,SD12MO_MAIN9:M0,PN-CP-SUP,public_evaluator_linear,sourced,kg/d,10000,5147,0,0.5147,0.5147,0.5229667759381154,withheld,withheld,withheld,withheld,withheld,withheld (concentration row)
1,MO12,SD-12MO,SD12MO_MAIN9:M0,PN-CP-HI,public_evaluator_linear,research_assumption,%,10000,49,0,0.0049,0.0049,0.0062130084053166,withheld,withheld,withheld,withheld,withheld,withheld (concentration row)
1,MO12,SD-12MO,SD12MO_MAIN9:M0,PN-EE-HI,public_evaluator_linear,research_assumption,%,10000,0,0,0.0,0.0,0.0002995283597766,withheld,withheld,withheld,withheld,withheld,withheld (concentration row)
1,MO12,SD-12MO,SD12MO_MAIN9:M0,PN-CA-ABS,public_evaluator_linear,sourced,g/d,10000,5024,0,0.5024,0.5024,0.5106728841007919,1.7190490582576299,8.40232506503797,-5.001536952023121,-3.538992508187695,-0.014655921971310631,shown in the row's unit
1,MO12,SD-12MO,SD12MO_MAIN9:M0,PN-P-ABS,public_evaluator_linear,sourced,g/d,10000,5054,0,0.5054,0.5054,0.513671853304539,1.6547764596726375,7.328007152507164,-4.6930058910064885,-3.383903299783268,-0.029213353979762324,shown in the row's unit
1,MO12,SD-12MO,SD12MO_MAIN9:M0,PN-T1,public_evaluator_linear,sourced,%,10000,0,0,0.0,0.0,0.0002995283597766,withheld,withheld,withheld,withheld,withheld,withheld (concentration row)
1,MO12,SD-12MO,SD12MO_MAIN9:M0,PN-T2,public_evaluator_linear,sourced,%,10000,0,0,0.0,0.0,0.0002995283597766,withheld,withheld,withheld,withheld,withheld,withheld (concentration row)
1,MO12,SD-12MO,SD12MO_MAIN9:M0,PN-T3,public_evaluator_linear,sourced,%,10000,340,0,0.034,0.034,0.0371333760773526,withheld,withheld,withheld,withheld,withheld,withheld (concentration row)
1,MO12,SD-12MO,SD12MO_MAIN9:M0,PN-T4,public_evaluator_linear,sourced,%,10000,4878,0,0.4878,0.4878,0.4960736744345287,withheld,withheld,withheld,withheld,withheld,withheld (concentration row)
1,MO12,SD-12MO,SD12MO_MAIN9:M0,PN-T5,public_evaluator_linear,sourced,%,10000,5085,0,0.5085,0.5085,0.5167704771089281,withheld,withheld,withheld,withheld,withheld,withheld (concentration row)
1,MO12,SD-12MO,SD12MO_MAIN9:M0,DIAG-DM-REAL-LO,public_evaluator_linear,diagnostic,kg/d,10000,2,0,0.0002,0.0002,0.0006294441486871,0.3604064966640994,0.3838952656577206,0.8953329354489201,1.4042482492184718,2.666604759464901,shown in the row's unit
1,MO12,SD-12MO,SD12MO_MAIN9:M0,DIAG-DM-REAL-HI,public_evaluator_linear,diagnostic,kg/d,10000,1,0,0.0001,0.0001,0.0004742976591654,0.06521636187119029,0.06521636187119029,0.9103911403491578,1.4437309991137923,2.686653240535099,shown in the row's unit
1,MO12,SD-12MO,SD12MO_MAIN9:M0,DIAG-CA-MTL,public_evaluator_linear,diagnostic,%,10000,0,0,0.0,0.0,0.0002995283597766,withheld,withheld,withheld,withheld,withheld,withheld (concentration row)
1,MO12,SD-12MO,SD12MO_MAIN9:M0,DIAG-P-MTL,public_evaluator_linear,diagnostic,%,10000,0,0,0.0,0.0,0.0002995283597766,withheld,withheld,withheld,withheld,withheld,withheld (concentration row)
1,MO12,SD-12MO,SD12MO_MAIN9:M0,DIAG-T51-DGC-STARCH-SHARE,public_evaluator_linear,diagnostic,kg/d,10000,173,0,0.0173,0.0173,0.0196021642297337,withheld,withheld,withheld,withheld,withheld,withheld (concentration row)
1,MO12,SD-12MO,SD12MO_MAIN9:M0,PN-NEL-FIXEDDMI,reference_chain_ch3,sourced,Mcal/d,10000,5048,0,0.5048,0.5048,0.5130720831476372,0.9885299424600125,5.005622038949099,-2.8951454869363347,-2.0597999443786748,-0.017204182707608595,shown in the row's unit
1,NARROW,SD-S2,SDS2_MAIN9:M0,PN-NEL-FIXEDDMI,public_evaluator_linear,sourced,Mcal/d,10000,5090,0,0.509,0.509,0.5172702255297679,0.5299379771189178,2.771354125086141,-1.5593519729504597,-1.0985249046132814,-0.01473704543997556,shown in the row's unit
1,NARROW,SD-S2,SDS2_MAIN9:M0,PN-CP-SUP,public_evaluator_linear,sourced,kg/d,10000,5105,0,0.5105,0.5105,0.5187694214302838,withheld,withheld,withheld,withheld,withheld,withheld (concentration row)
1,NARROW,SD-S2,SDS2_MAIN9:M0,PN-CP-HI,public_evaluator_linear,research_assumption,%,10000,1,0,0.0001,0.0001,0.0004742976591654,withheld,withheld,withheld,withheld,withheld,withheld (concentration row)
1,NARROW,SD-S2,SDS2_MAIN9:M0,PN-EE-HI,public_evaluator_linear,research_assumption,%,10000,0,0,0.0,0.0,0.0002995283597766,withheld,withheld,withheld,withheld,withheld,withheld (concentration row)
1,NARROW,SD-S2,SDS2_MAIN9:M0,PN-CA-ABS,public_evaluator_linear,sourced,g/d,10000,5025,0,0.5025,0.5025,0.5107728545104125,1.7171328099022767,8.394665366675234,-5.008264138338249,-3.5425085030255135,-0.011807278243219227,shown in the row's unit
1,NARROW,SD-S2,SDS2_MAIN9:M0,PN-P-ABS,public_evaluator_linear,sourced,g/d,10000,5018,0,0.5018,0.5018,0.510073054735827,1.5896994395103827,7.05149673998106,-4.560709364632571,-3.240534658148191,-0.0115818864272893,shown in the row's unit
1,NARROW,SD-S2,SDS2_MAIN9:M0,PN-T1,public_evaluator_linear,sourced,%,10000,0,0,0.0,0.0,0.0002995283597766,withheld,withheld,withheld,withheld,withheld,withheld (concentration row)
1,NARROW,SD-S2,SDS2_MAIN9:M0,PN-T2,public_evaluator_linear,sourced,%,10000,0,0,0.0,0.0,0.0002995283597766,withheld,withheld,withheld,withheld,withheld,withheld (concentration row)
1,NARROW,SD-S2,SDS2_MAIN9:M0,PN-T3,public_evaluator_linear,sourced,%,10000,20,0,0.002,0.002,0.0029048848686837,withheld,withheld,withheld,withheld,withheld,withheld (concentration row)
1,NARROW,SD-S2,SDS2_MAIN9:M0,PN-T4,public_evaluator_linear,sourced,%,10000,4902,0,0.4902,0.4902,0.4984740261858306,withheld,withheld,withheld,withheld,withheld,withheld (concentration row)
1,NARROW,SD-S2,SDS2_MAIN9:M0,PN-T5,public_evaluator_linear,sourced,%,10000,5036,0,0.5036,0.5036,0.511872507307363,withheld,withheld,withheld,withheld,withheld,withheld (concentration row)
1,NARROW,SD-S2,SDS2_MAIN9:M0,DIAG-DM-REAL-LO,public_evaluator_linear,diagnostic,kg/d,10000,0,0,0.0,0.0,0.0002995283597766,,,1.8035114218893513,2.0549936348732403,2.6744160662046266,shown in the row's unit
1,NARROW,SD-S2,SDS2_MAIN9:M0,DIAG-DM-REAL-HI,public_evaluator_linear,diagnostic,kg/d,10000,0,0,0.0,0.0,0.0002995283597766,,,1.8052239662718328,2.0813863385832883,2.6788419337953737,shown in the row's unit
1,NARROW,SD-S2,SDS2_MAIN9:M0,DIAG-CA-MTL,public_evaluator_linear,diagnostic,%,10000,0,0,0.0,0.0,0.0002995283597766,withheld,withheld,withheld,withheld,withheld,withheld (concentration row)
1,NARROW,SD-S2,SDS2_MAIN9:M0,DIAG-P-MTL,public_evaluator_linear,diagnostic,%,10000,0,0,0.0,0.0,0.0002995283597766,withheld,withheld,withheld,withheld,withheld,withheld (concentration row)
1,NARROW,SD-S2,SDS2_MAIN9:M0,DIAG-T51-DGC-STARCH-SHARE,public_evaluator_linear,diagnostic,kg/d,10000,0,0,0.0,0.0,0.0002995283597766,withheld,withheld,withheld,withheld,withheld,withheld (concentration row)
1,NARROW,SD-S2,SDS2_MAIN9:M0,PN-NEL-FIXEDDMI,reference_chain_ch3,sourced,Mcal/d,10000,5051,0,0.5051,0.5051,0.5133719697064002,0.49916661472215507,2.608788624614874,-1.4729493244834293,-1.0296117879240825,-0.007820256278716187,shown in the row's unit
2,TAB,SD-H0,SDH0_MAIN9:M0,PN-NEL-FIXEDDMI,public_evaluator_linear,sourced,Mcal/d,10000,4996,0,0.4996,0.4996,0.5078735790933451,2.126974494420873,9.678816313380992,-6.017784175265279,-4.344416912537036,0.0028366517135900438,shown in the row's unit
2,TAB,SD-H0,SDH0_MAIN9:M0,PN-CP-SUP,public_evaluator_linear,sourced,kg/d,10000,5088,0,0.5088,0.5088,0.5170703271486099,withheld,withheld,withheld,withheld,withheld,withheld (concentration row)
2,TAB,SD-H0,SDH0_MAIN9:M0,PN-CP-HI,public_evaluator_linear,research_assumption,%,10000,1030,0,0.103,0.103,0.1081355522508827,withheld,withheld,withheld,withheld,withheld,withheld (concentration row)
2,TAB,SD-H0,SDH0_MAIN9:M0,PN-EE-HI,public_evaluator_linear,research_assumption,%,10000,0,0,0.0,0.0,0.0002995283597766,withheld,withheld,withheld,withheld,withheld,withheld (concentration row)
2,TAB,SD-H0,SDH0_MAIN9:M0,PN-CA-ABS,public_evaluator_linear,sourced,g/d,10000,5044,0,0.5044,0.5044,0.5126722297972963,3.6211123343733025,17.868499606039602,-10.444954947387929,-7.443642275646466,-0.05258580215788261,shown in the row's unit
2,TAB,SD-H0,SDH0_MAIN9:M0,PN-P-ABS,public_evaluator_linear,sourced,g/d,10000,5148,0,0.5148,0.5148,0.5230667058710825,3.427513712389549,16.05484522032625,-9.778953503883937,-7.091474834014004,-0.1565820997693583,shown in the row's unit
2,TAB,SD-H0,SDH0_MAIN9:M0,PN-T1,public_evaluator_linear,sourced,%,10000,394,0,0.0394,0.0394,0.0427509647864075,withheld,withheld,withheld,withheld,withheld,withheld (concentration row)
2,TAB,SD-H0,SDH0_MAIN9:M0,PN-T2,public_evaluator_linear,sourced,%,10000,87,0,0.0087,0.0087,0.0103888960348803,withheld,withheld,withheld,withheld,withheld,withheld (concentration row)
2,TAB,SD-H0,SDH0_MAIN9:M0,PN-T3,public_evaluator_linear,sourced,%,10000,2349,0,0.2349,0.2349,0.2419797770669839,withheld,withheld,withheld,withheld,withheld,withheld (concentration row)
2,TAB,SD-H0,SDH0_MAIN9:M0,PN-T4,public_evaluator_linear,sourced,%,10000,4889,0,0.4889,0.4889,0.4971738591877087,withheld,withheld,withheld,withheld,withheld,withheld (concentration row)
2,TAB,SD-H0,SDH0_MAIN9:M0,PN-T5,public_evaluator_linear,sourced,%,10000,5188,0,0.5188,0.5188,0.5270636330629108,withheld,withheld,withheld,withheld,withheld,withheld (concentration row)
2,TAB,SD-H0,SDH0_MAIN9:M0,DIAG-DM-REAL-LO,public_evaluator_linear,diagnostic,kg/d,10000,442,0,0.0442,0.0442,0.0477305748430638,0.6159604217724851,3.2522187144417423,-0.8868017535215323,0.10013037940382706,2.7038102783534033,shown in the row's unit
2,TAB,SD-H0,SDH0_MAIN9:M0,DIAG-DM-REAL-HI,public_evaluator_linear,diagnostic,kg/d,10000,444,0,0.0444,0.0444,0.0479378098652171,0.6481773161392708,2.7107584899249737,-0.9915734966810081,0.09258033620499977,2.649447721646597,shown in the row's unit
2,TAB,SD-H0,SDH0_MAIN9:M0,DIAG-CA-MTL,public_evaluator_linear,diagnostic,%,10000,0,0,0.0,0.0,0.0002995283597766,withheld,withheld,withheld,withheld,withheld,withheld (concentration row)
2,TAB,SD-H0,SDH0_MAIN9:M0,DIAG-P-MTL,public_evaluator_linear,diagnostic,%,10000,0,0,0.0,0.0,0.0002995283597766,withheld,withheld,withheld,withheld,withheld,withheld (concentration row)
2,TAB,SD-H0,SDH0_MAIN9:M0,DIAG-T51-DGC-STARCH-SHARE,public_evaluator_linear,diagnostic,kg/d,10000,1560,0,0.156,0.156,0.1620924394594526,withheld,withheld,withheld,withheld,withheld,withheld (concentration row)
2,TAB,SD-H0,SDH0_MAIN9:M0,PN-NEL-FIXEDDMI,reference_chain_ch3,sourced,Mcal/d,10000,4963,3,0.4963,0.4966,0.5048740375774226,2.0255568710608607,9.211424904678196,-5.739089820817544,-4.146086564299756,0.025000433605441685,shown in the row's unit
2,SRC12,SD-SRC12,SDSRC12_MAIN9:M0,PN-NEL-FIXEDDMI,public_evaluator_linear,sourced,Mcal/d,10000,5012,0,0.5012,0.5012,0.5094732135300039,1.0670267083247822,4.7306054268327316,-3.0476575150497682,-2.185423408762663,-0.005346503665318636,shown in the row's unit
2,SRC12,SD-SRC12,SDSRC12_MAIN9:M0,PN-CP-SUP,public_evaluator_linear,sourced,kg/d,10000,5048,0,0.5048,0.5048,0.5130720831476372,withheld,withheld,withheld,withheld,withheld,withheld (concentration row)
2,SRC12,SD-SRC12,SDSRC12_MAIN9:M0,PN-CP-HI,public_evaluator_linear,research_assumption,%,10000,480,0,0.048,0.048,0.0516649415407286,withheld,withheld,withheld,withheld,withheld,withheld (concentration row)
2,SRC12,SD-SRC12,SDSRC12_MAIN9:M0,PN-EE-HI,public_evaluator_linear,research_assumption,%,10000,0,0,0.0,0.0,0.0002995283597766,withheld,withheld,withheld,withheld,withheld,withheld (concentration row)
2,SRC12,SD-SRC12,SDSRC12_MAIN9:M0,PN-CA-ABS,public_evaluator_linear,sourced,g/d,10000,5035,0,0.5035,0.5035,0.5117725405159107,3.6220032085914307,17.849792056130234,-10.42109078687486,-7.4431707966381415,-0.05010230457457715,shown in the row's unit
2,SRC12,SD-SRC12,SDSRC12_MAIN9:M0,PN-P-ABS,public_evaluator_linear,sourced,g/d,10000,5119,0,0.5119,0.5119,0.5201686041250766,3.3044543187495115,15.96534916953371,-9.509545968921833,-6.8070274258227,-0.11961005212511588,shown in the row's unit
2,SRC12,SD-SRC12,SDSRC12_MAIN9:M0,PN-T1,public_evaluator_linear,sourced,%,10000,0,0,0.0,0.0,0.0002995283597766,withheld,withheld,withheld,withheld,withheld,withheld (concentration row)
2,SRC12,SD-SRC12,SDSRC12_MAIN9:M0,PN-T2,public_evaluator_linear,sourced,%,10000,1,0,0.0001,0.0001,0.0004742976591654,withheld,withheld,withheld,withheld,withheld,withheld (concentration row)
2,SRC12,SD-SRC12,SDSRC12_MAIN9:M0,PN-T3,public_evaluator_linear,sourced,%,10000,508,0,0.0508,0.0508,0.0545600237787488,withheld,withheld,withheld,withheld,withheld,withheld (concentration row)
2,SRC12,SD-SRC12,SDSRC12_MAIN9:M0,PN-T4,public_evaluator_linear,sourced,%,10000,4910,0,0.491,0.491,0.4992741013094742,withheld,withheld,withheld,withheld,withheld,withheld (concentration row)
2,SRC12,SD-SRC12,SDSRC12_MAIN9:M0,PN-T5,public_evaluator_linear,sourced,%,10000,5048,0,0.5048,0.5048,0.5130720831476372,withheld,withheld,withheld,withheld,withheld,withheld (concentration row)
2,SRC12,SD-SRC12,SDSRC12_MAIN9:M0,DIAG-DM-REAL-LO,public_evaluator_linear,diagnostic,kg/d,10000,1,0,0.0001,0.0001,0.0004742976591654,0.14048993710079927,0.14048993710079927,0.9241193517991774,1.418045203761221,2.6892138544184174,shown in the row's unit
2,SRC12,SD-SRC12,SDSRC12_MAIN9:M0,DIAG-DM-REAL-HI,public_evaluator_linear,diagnostic,kg/d,10000,0,0,0.0,0.0,0.0002995283597766,,,0.8989126461768936,1.4028878771841347,2.664044145581583,shown in the row's unit
2,SRC12,SD-SRC12,SDSRC12_MAIN9:M0,DIAG-CA-MTL,public_evaluator_linear,diagnostic,%,10000,0,0,0.0,0.0,0.0002995283597766,withheld,withheld,withheld,withheld,withheld,withheld (concentration row)
2,SRC12,SD-SRC12,SDSRC12_MAIN9:M0,DIAG-P-MTL,public_evaluator_linear,diagnostic,%,10000,0,0,0.0,0.0,0.0002995283597766,withheld,withheld,withheld,withheld,withheld,withheld (concentration row)
2,SRC12,SD-SRC12,SDSRC12_MAIN9:M0,DIAG-T51-DGC-STARCH-SHARE,public_evaluator_linear,diagnostic,kg/d,10000,1160,0,0.116,0.116,0.1214001647637846,withheld,withheld,withheld,withheld,withheld,withheld (concentration row)
2,SRC12,SD-SRC12,SDSRC12_MAIN9:M0,PN-NEL-FIXEDDMI,reference_chain_ch3,sourced,Mcal/d,10000,4979,3,0.4979,0.4982,0.5064738298908501,1.0355330366288154,4.4066807566446755,-2.9533801712770322,-2.1122492034409803,0.0067377053746824345,shown in the row's unit
2,SRC14,SD-SRC14,SDSRC14_MAIN9:M0,PN-NEL-FIXEDDMI,public_evaluator_linear,sourced,Mcal/d,10000,5010,0,0.501,0.501,0.5092732638301187,0.6310312349189297,2.9208440683919576,-1.8202088898503637,-1.303117030939528,-0.0018955713312607259,shown in the row's unit
2,SRC14,SD-SRC14,SDSRC14_MAIN9:M0,PN-CP-SUP,public_evaluator_linear,sourced,kg/d,10000,5010,0,0.501,0.501,0.5092732638301187,withheld,withheld,withheld,withheld,withheld,withheld (concentration row)
2,SRC14,SD-SRC14,SDSRC14_MAIN9:M0,PN-CP-HI,public_evaluator_linear,research_assumption,%,10000,370,0,0.037,0.037,0.0402564737538254,withheld,withheld,withheld,withheld,withheld,withheld (concentration row)
2,SRC14,SD-SRC14,SDSRC14_MAIN9:M0,PN-EE-HI,public_evaluator_linear,research_assumption,%,10000,0,0,0.0,0.0,0.0002995283597766,withheld,withheld,withheld,withheld,withheld,withheld (concentration row)
2,SRC14,SD-SRC14,SDSRC14_MAIN9:M0,PN-CA-ABS,public_evaluator_linear,sourced,g/d,10000,5028,0,0.5028,0.5028,0.5110727637657587,3.6254615065858142,17.840902104683664,-10.437863014432061,-7.428452912304594,-0.049588332988920875,shown in the row's unit
2,SRC14,SD-SRC14,SDSRC14_MAIN9:M0,PN-P-ABS,public_evaluator_linear,sourced,g/d,10000,5125,0,0.5125,0.5125,0.5207682341008726,3.265985987823518,15.922820054568732,-9.442158433538705,-6.80947893316091,-0.11392504718558613,shown in the row's unit
2,SRC14,SD-SRC14,SDSRC14_MAIN9:M0,PN-T1,public_evaluator_linear,sourced,%,10000,0,0,0.0,0.0,0.0002995283597766,withheld,withheld,withheld,withheld,withheld,withheld (concentration row)
2,SRC14,SD-SRC14,SDSRC14_MAIN9:M0,PN-T2,public_evaluator_linear,sourced,%,10000,0,0,0.0,0.0,0.0002995283597766,withheld,withheld,withheld,withheld,withheld,withheld (concentration row)
2,SRC14,SD-SRC14,SDSRC14_MAIN9:M0,PN-T3,public_evaluator_linear,sourced,%,10000,130,0,0.013,0.013,0.0150223760391748,withheld,withheld,withheld,withheld,withheld,withheld (concentration row)
2,SRC14,SD-SRC14,SDSRC14_MAIN9:M0,PN-T4,public_evaluator_linear,sourced,%,10000,4895,0,0.4895,0.4895,0.4977739431752896,withheld,withheld,withheld,withheld,withheld,withheld (concentration row)
2,SRC14,SD-SRC14,SDSRC14_MAIN9:M0,PN-T5,public_evaluator_linear,sourced,%,10000,5032,0,0.5032,0.5032,0.5114726381679742,withheld,withheld,withheld,withheld,withheld,withheld (concentration row)
2,SRC14,SD-SRC14,SDSRC14_MAIN9:M0,DIAG-DM-REAL-LO,public_evaluator_linear,diagnostic,kg/d,10000,0,0,0.0,0.0,0.0002995283597766,,,1.7496684077698283,2.022546314569678,2.679332133613457,shown in the row's unit
2,SRC14,SD-SRC14,SDSRC14_MAIN9:M0,DIAG-DM-REAL-HI,public_evaluator_linear,diagnostic,kg/d,10000,0,0,0.0,0.0,0.0002995283597766,,,1.7466687279037885,2.0084843474062146,2.6739258663865435,shown in the row's unit
2,SRC14,SD-SRC14,SDSRC14_MAIN9:M0,DIAG-CA-MTL,public_evaluator_linear,diagnostic,%,10000,0,0,0.0,0.0,0.0002995283597766,withheld,withheld,withheld,withheld,withheld,withheld (concentration row)
2,SRC14,SD-SRC14,SDSRC14_MAIN9:M0,DIAG-P-MTL,public_evaluator_linear,diagnostic,%,10000,0,0,0.0,0.0,0.0002995283597766,withheld,withheld,withheld,withheld,withheld,withheld (concentration row)
2,SRC14,SD-SRC14,SDSRC14_MAIN9:M0,DIAG-T51-DGC-STARCH-SHARE,public_evaluator_linear,diagnostic,kg/d,10000,6,0,0.0006,0.0006,0.0011838936468315,withheld,withheld,withheld,withheld,withheld,withheld (concentration row)
2,SRC14,SD-SRC14,SDSRC14_MAIN9:M0,PN-NEL-FIXEDDMI,reference_chain_ch3,sourced,Mcal/d,10000,4967,3,0.4967,0.497,0.5052739935498669,0.5785311880246692,2.4405513185739593,-1.6659511866055265,-1.1771059787856415,0.0050757864968815625,shown in the row's unit
2,MO12,SD-12MO,SD12MO_MAIN9:M0,PN-NEL-FIXEDDMI,public_evaluator_linear,sourced,Mcal/d,10000,4982,0,0.4982,0.4982,0.5064738298908501,1.0091738317526646,4.62280765781049,-2.8660605396952,-2.0686587570298856,0.005893959138195015,shown in the row's unit
2,MO12,SD-12MO,SD12MO_MAIN9:M0,PN-CP-SUP,public_evaluator_linear,sourced,kg/d,10000,5045,0,0.5045,0.5045,0.5127721936283036,withheld,withheld,withheld,withheld,withheld,withheld (concentration row)
2,MO12,SD-12MO,SD12MO_MAIN9:M0,PN-CP-HI,public_evaluator_linear,research_assumption,%,10000,44,0,0.0044,0.0044,0.0056537049519138,withheld,withheld,withheld,withheld,withheld,withheld (concentration row)
2,MO12,SD-12MO,SD12MO_MAIN9:M0,PN-EE-HI,public_evaluator_linear,research_assumption,%,10000,0,0,0.0,0.0,0.0002995283597766,withheld,withheld,withheld,withheld,withheld,withheld (concentration row)
2,MO12,SD-12MO,SD12MO_MAIN9:M0,PN-CA-ABS,public_evaluator_linear,sourced,g/d,10000,4984,0,0.4984,0.4984,0.5066737980095428,1.7517265303239495,8.629706094442593,-5.053995337985582,-3.6017141590210846,0.008763302558546099,shown in the row's unit
2,MO12,SD-12MO,SD12MO_MAIN9:M0,PN-P-ABS,public_evaluator_linear,sourced,g/d,10000,5114,0,0.5114,0.5114,0.5196689034258684,1.640049813587369,7.714503522312365,-4.694734624056773,-3.3849649166270286,-0.06285254347976332,shown in the row's unit
2,MO12,SD-12MO,SD12MO_MAIN9:M0,PN-T1,public_evaluator_linear,sourced,%,10000,0,0,0.0,0.0,0.0002995283597766,withheld,withheld,withheld,withheld,withheld,withheld (concentration row)
2,MO12,SD-12MO,SD12MO_MAIN9:M0,PN-T2,public_evaluator_linear,sourced,%,10000,0,0,0.0,0.0,0.0002995283597766,withheld,withheld,withheld,withheld,withheld,withheld (concentration row)
2,MO12,SD-12MO,SD12MO_MAIN9:M0,PN-T3,public_evaluator_linear,sourced,%,10000,354,0,0.0354,0.0354,0.0385915476325767,withheld,withheld,withheld,withheld,withheld,withheld (concentration row)
2,MO12,SD-12MO,SD12MO_MAIN9:M0,PN-T4,public_evaluator_linear,sourced,%,10000,4916,0,0.4916,0.4916,0.4998741438314132,withheld,withheld,withheld,withheld,withheld,withheld (concentration row)
2,MO12,SD-12MO,SD12MO_MAIN9:M0,PN-T5,public_evaluator_linear,sourced,%,10000,5069,0,0.5069,0.5069,0.5151712268837845,withheld,withheld,withheld,withheld,withheld,withheld (concentration row)
2,MO12,SD-12MO,SD12MO_MAIN9:M0,DIAG-DM-REAL-LO,public_evaluator_linear,diagnostic,kg/d,10000,1,0,0.0001,0.0001,0.0004742976591654,0.1466354838305115,0.1466354838305115,0.9797516702826768,1.4497376213723219,2.689565099732784,shown in the row's unit
2,MO12,SD-12MO,SD12MO_MAIN9:M0,DIAG-DM-REAL-HI,public_evaluator_linear,diagnostic,kg/d,10000,0,0,0.0,0.0,0.0002995283597766,,,0.9298656878443763,1.446132623331761,2.6636929002672165,shown in the row's unit
2,MO12,SD-12MO,SD12MO_MAIN9:M0,DIAG-CA-MTL,public_evaluator_linear,diagnostic,%,10000,0,0,0.0,0.0,0.0002995283597766,withheld,withheld,withheld,withheld,withheld,withheld (concentration row)
2,MO12,SD-12MO,SD12MO_MAIN9:M0,DIAG-P-MTL,public_evaluator_linear,diagnostic,%,10000,0,0,0.0,0.0,0.0002995283597766,withheld,withheld,withheld,withheld,withheld,withheld (concentration row)
2,MO12,SD-12MO,SD12MO_MAIN9:M0,DIAG-T51-DGC-STARCH-SHARE,public_evaluator_linear,diagnostic,kg/d,10000,190,0,0.019,0.019,0.0214025275679604,withheld,withheld,withheld,withheld,withheld,withheld (concentration row)
2,MO12,SD-12MO,SD12MO_MAIN9:M0,PN-NEL-FIXEDDMI,reference_chain_ch3,sourced,Mcal/d,10000,4961,0,0.4961,0.4961,0.5043740852109775,0.9626144094725905,4.351310345169665,-2.7281642686441065,-1.969719580001071,0.01289394003940103,shown in the row's unit
2,NARROW,SD-S2,SDS2_MAIN9:M0,PN-NEL-FIXEDDMI,public_evaluator_linear,sourced,Mcal/d,10000,5013,0,0.5013,0.5013,0.5095731878865832,0.5151180779142752,2.3253948525621055,-1.4751996802971097,-1.0714266711830878,-0.0023280052627860925,shown in the row's unit
2,NARROW,SD-S2,SDS2_MAIN9:M0,PN-CP-SUP,public_evaluator_linear,sourced,kg/d,10000,5039,0,0.5039,0.5039,0.5121724057081212,withheld,withheld,withheld,withheld,withheld,withheld (concentration row)
2,NARROW,SD-S2,SDS2_MAIN9:M0,PN-CP-HI,public_evaluator_linear,research_assumption,%,10000,4,0,0.0004,0.0004,0.000915116058471,withheld,withheld,withheld,withheld,withheld,withheld (concentration row)
2,NARROW,SD-S2,SDS2_MAIN9:M0,PN-EE-HI,public_evaluator_linear,research_assumption,%,10000,0,0,0.0,0.0,0.0002995283597766,withheld,withheld,withheld,withheld,withheld,withheld (concentration row)
2,NARROW,SD-S2,SDS2_MAIN9:M0,PN-CA-ABS,public_evaluator_linear,sourced,g/d,10000,4983,0,0.4983,0.4983,0.506573814114652,1.7512918273070062,8.627601030797912,-5.056127531989029,-3.60891268762041,0.008563210331394289,shown in the row's unit
2,NARROW,SD-S2,SDS2_MAIN9:M0,PN-P-ABS,public_evaluator_linear,sourced,g/d,10000,5106,0,0.5106,0.5106,0.518869365190797,1.5766722747295479,7.646953003102821,-4.535254506240784,-3.250533523461166,-0.05861119395692699,shown in the row's unit
2,NARROW,SD-S2,SDS2_MAIN9:M0,PN-T1,public_evaluator_linear,sourced,%,10000,0,0,0.0,0.0,0.0002995283597766,withheld,withheld,withheld,withheld,withheld,withheld (concentration row)
2,NARROW,SD-S2,SDS2_MAIN9:M0,PN-T2,public_evaluator_linear,sourced,%,10000,0,0,0.0,0.0,0.0002995283597766,withheld,withheld,withheld,withheld,withheld,withheld (concentration row)
2,NARROW,SD-S2,SDS2_MAIN9:M0,PN-T3,public_evaluator_linear,sourced,%,10000,37,0,0.0037,0.0037,0.004864705593907,withheld,withheld,withheld,withheld,withheld,withheld (concentration row)
2,NARROW,SD-S2,SDS2_MAIN9:M0,PN-T4,public_evaluator_linear,sourced,%,10000,4931,0,0.4931,0.4931,0.5013741983133813,withheld,withheld,withheld,withheld,withheld,withheld (concentration row)
2,NARROW,SD-S2,SDS2_MAIN9:M0,PN-T5,public_evaluator_linear,sourced,%,10000,5037,0,0.5037,0.5037,0.5119724737698832,withheld,withheld,withheld,withheld,withheld,withheld (concentration row)
2,NARROW,SD-S2,SDS2_MAIN9:M0,DIAG-DM-REAL-LO,public_evaluator_linear,diagnostic,kg/d,10000,0,0,0.0,0.0,0.0002995283597766,,,1.8402592417791808,2.0760229201290246,2.6827138014381458,shown in the row's unit
2,NARROW,SD-S2,SDS2_MAIN9:M0,DIAG-DM-REAL-HI,public_evaluator_linear,diagnostic,kg/d,10000,0,0,0.0,0.0,0.0002995283597766,,,1.828515569985748,2.0688608373412696,2.6705441985618545,shown in the row's unit
2,NARROW,SD-S2,SDS2_MAIN9:M0,DIAG-CA-MTL,public_evaluator_linear,diagnostic,%,10000,0,0,0.0,0.0,0.0002995283597766,withheld,withheld,withheld,withheld,withheld,withheld (concentration row)
2,NARROW,SD-S2,SDS2_MAIN9:M0,DIAG-P-MTL,public_evaluator_linear,diagnostic,%,10000,0,0,0.0,0.0,0.0002995283597766,withheld,withheld,withheld,withheld,withheld,withheld (concentration row)
2,NARROW,SD-S2,SDS2_MAIN9:M0,DIAG-T51-DGC-STARCH-SHARE,public_evaluator_linear,diagnostic,kg/d,10000,0,0,0.0,0.0,0.0002995283597766,withheld,withheld,withheld,withheld,withheld,withheld (concentration row)
2,NARROW,SD-S2,SDS2_MAIN9:M0,PN-NEL-FIXEDDMI,reference_chain_ch3,sourced,Mcal/d,10000,4988,0,0.4988,0.4988,0.5070737303000052,0.4826269741171718,2.128865950777218,-1.3840805962166194,-0.9940381263213925,0.002110447462584375,shown in the row's unit
