root_k,sd_setting,evaluation_world,target_alpha,event,m0_rate_lower,m0_rate_upper,m0_cp_upper,members_over_entries,coverage_entries,distinct_members_over_distinct_rations,coverage_distinct_rations,strategies_meeting_alpha,cheapest_member,cheapest_member_cost_premium_pct,m1_dm_on,m1_dm_off_sensitivity,min_attainable_rate_upper,min_attainable_cp_upper,min_attainable_entry,members_alt_reading_t51_used_out_of_domain,m2_convergence
0,TAB,SD-H0,0.1,main_reference_plan_domain,0.9567,0.9567,0.9599989318649929,0/63,0.0,0/2,0.0,none,,,no ration,no ration,0.9066,0.911348401844851,SDS2_PART6P5:M2[N=128]@alpha=0.1,0,status_equal_no_selection
0,TAB,SD-H0,0.05,main_reference_plan_domain,0.9567,0.9567,0.9599989318649929,0/63,0.0,0/2,0.0,none,,,no ration,no ration,0.9288,0.9329871027568792,SDS2_PART6P5:M3b[factory box]@alpha=0.05,0,status_equal_no_selection
0,TAB,SD-H0,0.01,main_reference_plan_domain,0.9567,0.9567,0.9599989318649929,0/63,0.0,0/2,0.0,none,,,no ration,no ration,0.9288,0.9329871027568792,SDS2_PART6P5:M3b[factory box]@alpha=0.01,0,status_equal_no_selection
0,SRC12,SD-SRC12,0.1,main_reference_plan_domain,0.9576,0.9576,0.9608653157593594,0/63,0.0,0/2,0.0,none,,,no ration,no ration,0.8922,0.8972662469905761,SDS2_PART6P5:M2[N=128]@alpha=0.1,0,status_equal_no_selection
0,SRC12,SD-SRC12,0.05,main_reference_plan_domain,0.9576,0.9576,0.9608653157593594,0/63,0.0,0/2,0.0,none,,,no ration,no ration,0.9215,0.9258827422186304,SDS2_PART6P5:M3b[factory box]@alpha=0.05,0,status_equal_no_selection
0,SRC12,SD-SRC12,0.01,main_reference_plan_domain,0.9576,0.9576,0.9608653157593594,0/63,0.0,0/2,0.0,none,,,no ration,no ration,0.9215,0.9258827422186304,SDS2_PART6P5:M3b[factory box]@alpha=0.01,0,status_equal_no_selection
0,SRC14,SD-SRC14,0.1,main_reference_plan_domain,0.9729,0.9729,0.9755183224571036,0/63,0.0,0/2,0.0,none,,,no ration,no ration,0.8613,0.8669568878461942,SDS2_PART6P5:M2[N=128]@alpha=0.1,0,status_equal_no_selection
0,SRC14,SD-SRC14,0.05,main_reference_plan_domain,0.9729,0.9729,0.9755183224571036,0/63,0.0,0/2,0.0,none,,,no ration,no ration,0.9104,0.9150590199556552,SDS2_PART6P5:M3b[factory box]@alpha=0.05,0,status_equal_no_selection
0,SRC14,SD-SRC14,0.01,main_reference_plan_domain,0.9729,0.9729,0.9755183224571036,0/63,0.0,0/2,0.0,none,,,no ration,no ration,0.9104,0.9150590199556552,SDS2_PART6P5:M3b[factory box]@alpha=0.01,0,status_equal_no_selection
0,MO12,SD-12MO,0.1,main_reference_plan_domain,0.9529,0.9529,0.9563366400731736,0/63,0.0,0/2,0.0,none,,,no ration,no ration,0.8437,0.8496486112057713,SDS2_PART6P5:M2[N=128]@alpha=0.1,0,status_equal_no_selection
0,MO12,SD-12MO,0.05,main_reference_plan_domain,0.9529,0.9529,0.9563366400731736,0/63,0.0,0/2,0.0,none,,,no ration,no ration,0.8971,0.9020615783209576,SDS2_PART6P5:M3b[factory box]@alpha=0.05,0,status_equal_no_selection
0,MO12,SD-12MO,0.01,main_reference_plan_domain,0.9529,0.9529,0.9563366400731736,0/63,0.0,0/2,0.0,none,,,no ration,no ration,0.8971,0.9020615783209576,SDS2_PART6P5:M3b[factory box]@alpha=0.01,0,status_equal_no_selection
0,NARROW,SD-S2,0.1,main_reference_plan_domain,0.968,0.968,0.9708435548728273,0/63,0.0,0/2,0.0,none,,,no ration,no ration,0.8015,0.8080453704017725,SDS2_PART6P5:M2[N=128]@alpha=0.1,0,status_equal_no_selection
0,NARROW,SD-S2,0.05,main_reference_plan_domain,0.968,0.968,0.9708435548728273,0/63,0.0,0/2,0.0,none,,,no ration,no ration,0.8775,0.882861111644669,SDS2_PART6P5:M3b[factory box]@alpha=0.05,0,status_equal_no_selection
0,NARROW,SD-S2,0.01,main_reference_plan_domain,0.968,0.968,0.9708435548728273,0/63,0.0,0/2,0.0,none,,,no ration,no ration,0.8775,0.882861111644669,SDS2_PART6P5:M3b[factory box]@alpha=0.01,0,status_equal_no_selection
1,TAB,SD-H0,0.1,main_reference_plan_domain,0.9581,0.9581,0.961346464886179,0/35,0.0,0/1,0.0,none,,,no ration,no ration,0.9581,0.961346464886179,SD12MO_MAIN9:M0,0,status_equal_no_selection
1,TAB,SD-H0,0.05,main_reference_plan_domain,0.9581,0.9581,0.961346464886179,0/35,0.0,0/1,0.0,none,,,no ration,no ration,0.9581,0.961346464886179,SD12MO_MAIN9:M0,0,status_equal_no_selection
1,TAB,SD-H0,0.01,main_reference_plan_domain,0.9581,0.9581,0.961346464886179,0/35,0.0,0/1,0.0,none,,,no ration,no ration,0.9581,0.961346464886179,SD12MO_MAIN9:M0,0,status_equal_no_selection
1,SRC12,SD-SRC12,0.1,main_reference_plan_domain,0.9617,0.9617,0.964806821655434,0/35,0.0,0/1,0.0,none,,,no ration,no ration,0.9617,0.964806821655434,SD12MO_MAIN9:M0,0,status_equal_no_selection
1,SRC12,SD-SRC12,0.05,main_reference_plan_domain,0.9617,0.9617,0.964806821655434,0/35,0.0,0/1,0.0,none,,,no ration,no ration,0.9617,0.964806821655434,SD12MO_MAIN9:M0,0,status_equal_no_selection
1,SRC12,SD-SRC12,0.01,main_reference_plan_domain,0.9617,0.9617,0.964806821655434,0/35,0.0,0/1,0.0,none,,,no ration,no ration,0.9617,0.964806821655434,SD12MO_MAIN9:M0,0,status_equal_no_selection
1,SRC14,SD-SRC14,0.1,main_reference_plan_domain,0.9768,0.9768,0.9792227188980074,0/35,0.0,0/1,0.0,none,,,no ration,no ration,0.9768,0.9792227188980074,SD12MO_MAIN9:M0,0,status_equal_no_selection
1,SRC14,SD-SRC14,0.05,main_reference_plan_domain,0.9768,0.9768,0.9792227188980074,0/35,0.0,0/1,0.0,none,,,no ration,no ration,0.9768,0.9792227188980074,SD12MO_MAIN9:M0,0,status_equal_no_selection
1,SRC14,SD-SRC14,0.01,main_reference_plan_domain,0.9768,0.9768,0.9792227188980074,0/35,0.0,0/1,0.0,none,,,no ration,no ration,0.9768,0.9792227188980074,SD12MO_MAIN9:M0,0,status_equal_no_selection
1,MO12,SD-12MO,0.1,main_reference_plan_domain,0.9537,0.9537,0.9571081935935096,0/35,0.0,0/1,0.0,none,,,no ration,no ration,0.9537,0.9571081935935096,SD12MO_MAIN9:M0,0,status_equal_no_selection
1,MO12,SD-12MO,0.05,main_reference_plan_domain,0.9537,0.9537,0.9571081935935096,0/35,0.0,0/1,0.0,none,,,no ration,no ration,0.9537,0.9571081935935096,SD12MO_MAIN9:M0,0,status_equal_no_selection
1,MO12,SD-12MO,0.01,main_reference_plan_domain,0.9537,0.9537,0.9571081935935096,0/35,0.0,0/1,0.0,none,,,no ration,no ration,0.9537,0.9571081935935096,SD12MO_MAIN9:M0,0,status_equal_no_selection
1,NARROW,SD-S2,0.1,main_reference_plan_domain,0.9694,0.9694,0.9721812486819964,0/35,0.0,0/1,0.0,none,,,no ration,no ration,0.9694,0.9721812486819964,SD12MO_MAIN9:M0,0,status_equal_no_selection
1,NARROW,SD-S2,0.05,main_reference_plan_domain,0.9694,0.9694,0.9721812486819964,0/35,0.0,0/1,0.0,none,,,no ration,no ration,0.9694,0.9721812486819964,SD12MO_MAIN9:M0,0,status_equal_no_selection
1,NARROW,SD-S2,0.01,main_reference_plan_domain,0.9694,0.9694,0.9721812486819964,0/35,0.0,0/1,0.0,none,,,no ration,no ration,0.9694,0.9721812486819964,SD12MO_MAIN9:M0,0,status_equal_no_selection
2,TAB,SD-H0,0.1,main_reference_plan_domain,0.9564,0.9564,0.9597100487962972,0/35,0.0,0/1,0.0,none,,,no ration,no ration,0.9564,0.9597100487962972,SD12MO_MAIN9:M0,0,status_equal_no_selection
2,TAB,SD-H0,0.05,main_reference_plan_domain,0.9564,0.9564,0.9597100487962972,0/35,0.0,0/1,0.0,none,,,no ration,no ration,0.9564,0.9597100487962972,SD12MO_MAIN9:M0,0,status_equal_no_selection
2,TAB,SD-H0,0.01,main_reference_plan_domain,0.9564,0.9564,0.9597100487962972,0/35,0.0,0/1,0.0,none,,,no ration,no ration,0.9564,0.9597100487962972,SD12MO_MAIN9:M0,0,status_equal_no_selection
2,SRC12,SD-SRC12,0.1,main_reference_plan_domain,0.9603,0.9603,0.9634619710577212,0/35,0.0,0/1,0.0,none,,,no ration,no ration,0.9603,0.9634619710577212,SD12MO_MAIN9:M0,0,status_equal_no_selection
2,SRC12,SD-SRC12,0.05,main_reference_plan_domain,0.9603,0.9603,0.9634619710577212,0/35,0.0,0/1,0.0,none,,,no ration,no ration,0.9603,0.9634619710577212,SD12MO_MAIN9:M0,0,status_equal_no_selection
2,SRC12,SD-SRC12,0.01,main_reference_plan_domain,0.9603,0.9603,0.9634619710577212,0/35,0.0,0/1,0.0,none,,,no ration,no ration,0.9603,0.9634619710577212,SD12MO_MAIN9:M0,0,status_equal_no_selection
2,SRC14,SD-SRC14,0.1,main_reference_plan_domain,0.9734,0.9734,0.975994133543531,0/35,0.0,0/1,0.0,none,,,no ration,no ration,0.9734,0.975994133543531,SD12MO_MAIN9:M0,0,status_equal_no_selection
2,SRC14,SD-SRC14,0.05,main_reference_plan_domain,0.9734,0.9734,0.975994133543531,0/35,0.0,0/1,0.0,none,,,no ration,no ration,0.9734,0.975994133543531,SD12MO_MAIN9:M0,0,status_equal_no_selection
2,SRC14,SD-SRC14,0.01,main_reference_plan_domain,0.9734,0.9734,0.975994133543531,0/35,0.0,0/1,0.0,none,,,no ration,no ration,0.9734,0.975994133543531,SD12MO_MAIN9:M0,0,status_equal_no_selection
2,MO12,SD-12MO,0.1,main_reference_plan_domain,0.9524,0.9524,0.9558542780498354,0/35,0.0,0/1,0.0,none,,,no ration,no ration,0.9524,0.9558542780498354,SD12MO_MAIN9:M0,0,status_equal_no_selection
2,MO12,SD-12MO,0.05,main_reference_plan_domain,0.9524,0.9524,0.9558542780498354,0/35,0.0,0/1,0.0,none,,,no ration,no ration,0.9524,0.9558542780498354,SD12MO_MAIN9:M0,0,status_equal_no_selection
2,MO12,SD-12MO,0.01,main_reference_plan_domain,0.9524,0.9524,0.9558542780498354,0/35,0.0,0/1,0.0,none,,,no ration,no ration,0.9524,0.9558542780498354,SD12MO_MAIN9:M0,0,status_equal_no_selection
2,NARROW,SD-S2,0.1,main_reference_plan_domain,0.9687,0.9687,0.9715125928129352,0/35,0.0,0/1,0.0,none,,,no ration,no ration,0.9687,0.9715125928129352,SD12MO_MAIN9:M0,0,status_equal_no_selection
2,NARROW,SD-S2,0.05,main_reference_plan_domain,0.9687,0.9687,0.9715125928129352,0/35,0.0,0/1,0.0,none,,,no ration,no ration,0.9687,0.9715125928129352,SD12MO_MAIN9:M0,0,status_equal_no_selection
2,NARROW,SD-S2,0.01,main_reference_plan_domain,0.9687,0.9687,0.9715125928129352,0/35,0.0,0/1,0.0,none,,,no ration,no ration,0.9687,0.9715125928129352,SD12MO_MAIN9:M0,0,status_equal_no_selection
