family,case,scenario,training_rep_id,policy,comparator,fMCP_multiplier,n_total,policy_failure_count,comparator_failure_count,n10_policy_only,n01_comparator_only,risk_delta,risk_direction,baseline_risk_direction,direction_changed_from_baseline,NEL_violation_rate_delta,NEL_mean_defined_delta,NEL_mean_violations_delta,NEL_P95_violations_delta,NEL_max_defined_delta,scope
coverage_formal,A,C0,0,Q2_safe_delta,Q3_delta,0.8,20000,295,376,18,99,-0.00405,lower,lower,False,-0.0027999999999999987,-4.557419593241002e-05,-0.0008467312810201827,-0.0054539216277419145,-0.004187778669926534,descriptive_same_state_comparison_no_new_significance_test
coverage_formal,A,C0,0,Q2_safe_delta,Q3_delta,0.9,20000,351,443,22,114,-0.0046,lower,lower,False,-0.003349999999999999,-5.232150109467246e-05,-0.0007464203670521415,-0.002636822903086304,-0.004173121963313556,descriptive_same_state_comparison_no_new_significance_test
coverage_formal,A,C0,0,Q2_safe_delta,Q3_delta,1.0,20000,428,518,31,121,-0.0045,lower,lower,False,-0.0034000000000000002,-5.9606852491662465e-05,-0.0009344138537583403,-0.004720476027058225,-0.004158465256700619,descriptive_same_state_comparison_no_new_significance_test
coverage_formal,A,C0,0,Q2_safe_delta,Q3_delta,1.1,20000,526,629,38,141,-0.00515,lower,lower,False,-0.004,-6.700247766606087e-05,-0.0008140942650455996,-0.0008343356926092116,-0.004143808550087655,descriptive_same_state_comparison_no_new_significance_test
coverage_formal,A,C0,0,Q2_safe_delta,Q3_delta,1.2,20000,611,731,35,155,-0.006,lower,lower,False,-0.004949999999999996,-7.681224537678112e-05,-0.0006184643117432883,-0.0016766010620992283,-0.0041291518434746766,descriptive_same_state_comparison_no_new_significance_test
coverage_formal,A,C0,1,Q2_safe_delta,Q3_delta,0.8,20000,271,369,25,123,-0.0049,lower,lower,False,-0.003300000000000001,-3.501951299530017e-05,-0.00025407504535761294,0.0007395027167058331,-0.0647196208817897,descriptive_same_state_comparison_no_new_significance_test
coverage_formal,A,C0,1,Q2_safe_delta,Q3_delta,0.9,20000,336,436,34,134,-0.005,lower,lower,False,-0.0033500000000000023,-4.2273595303788584e-05,-0.0005855959933142325,0.00012313487434841702,-0.06451474206250898,descriptive_same_state_comparison_no_new_significance_test
coverage_formal,A,C0,1,Q2_safe_delta,Q3_delta,1.0,20000,407,516,31,140,-0.00545,lower,lower,False,-0.0038499999999999993,-4.9900903032523074e-05,-0.0005785323593910201,-8.691005050190381e-05,-0.06430986324322827,descriptive_same_state_comparison_no_new_significance_test
coverage_formal,A,C0,1,Q2_safe_delta,Q3_delta,1.1,20000,495,620,37,162,-0.00625,lower,lower,False,-0.004799999999999999,-5.901170067454853e-05,-0.00044766929329044004,-0.0007247478683269221,-0.06410498442394755,descriptive_same_state_comparison_no_new_significance_test
coverage_formal,A,C0,1,Q2_safe_delta,Q3_delta,1.2,20000,596,746,49,199,-0.0075,lower,lower,False,-0.006200000000000001,-7.03323044554288e-05,-0.0002572714853007682,-0.00163670487740954,-0.06390010560466683,descriptive_same_state_comparison_no_new_significance_test
coverage_formal,A,C0,2,Q2_safe_delta,Q3_delta,0.8,20000,297,365,31,99,-0.0034,lower,lower,False,-0.0022999999999999982,-5.888806505167688e-05,-0.002168087538374842,-0.013397415229001453,0.0,descriptive_same_state_comparison_no_new_significance_test
coverage_formal,A,C0,2,Q2_safe_delta,Q3_delta,0.9,20000,355,440,37,122,-0.00425,lower,lower,False,-0.0032499999999999994,-6.473131895400481e-05,-0.0015317455951987559,-0.009914158895975068,0.0,descriptive_same_state_comparison_no_new_significance_test
coverage_formal,A,C0,2,Q2_safe_delta,Q3_delta,1.0,20000,431,547,41,157,-0.0058,lower,lower,False,-0.00485,-7.343110861438696e-05,-0.0008991580306732822,-0.0050741670528476925,0.0,descriptive_same_state_comparison_no_new_significance_test
coverage_formal,A,C0,2,Q2_safe_delta,Q3_delta,1.1,20000,527,660,40,173,-0.00665,lower,lower,False,-0.005749999999999998,-8.514270787961139e-05,-0.000814608601280159,-0.0017659882751027978,0.0,descriptive_same_state_comparison_no_new_significance_test
coverage_formal,A,C0,2,Q2_safe_delta,Q3_delta,1.2,20000,635,819,43,227,-0.0092,lower,lower,False,-0.00835,-9.951729381010757e-05,-0.0002963858187220239,7.171858509006507e-05,0.0,descriptive_same_state_comparison_no_new_significance_test
coverage_formal,A,C1_Table6_matched,0,Q2_safe_delta,Q3_delta,0.8,20000,276,352,22,98,-0.0038,lower,lower,False,-0.0022500000000000003,-2.9691929184879495e-05,-0.0005377463207794139,0.003145447219885217,-0.04825404611599239,descriptive_same_state_comparison_no_new_significance_test
coverage_formal,A,C1_Table6_matched,0,Q2_safe_delta,Q3_delta,0.9,20000,329,411,26,108,-0.0041,lower,lower,False,-0.002449999999999999,-3.496296190673567e-05,-0.0006184093188206542,-0.0001481185460014689,-0.048118868319173266,descriptive_same_state_comparison_no_new_significance_test
coverage_formal,A,C1_Table6_matched,0,Q2_safe_delta,Q3_delta,1.0,20000,409,506,28,125,-0.00485,lower,lower,False,-0.003349999999999999,-4.0724652203408886e-05,-0.0003643904279772379,0.002605517049297165,-0.04798369052235414,descriptive_same_state_comparison_no_new_significance_test
coverage_formal,A,C1_Table6_matched,0,Q2_safe_delta,Q3_delta,1.1,20000,488,605,33,150,-0.00585,lower,lower,False,-0.004150000000000001,-4.8790067709027647e-05,-0.00027513294939676865,0.0017713177385844138,-0.04784851272553502,descriptive_same_state_comparison_no_new_significance_test
coverage_formal,A,C1_Table6_matched,0,Q2_safe_delta,Q3_delta,1.2,20000,597,739,36,178,-0.0071,lower,lower,False,-0.0053999999999999986,-5.967859102907959e-05,-0.00016800414951355022,0.0005000410121483341,-0.04771333492871589,descriptive_same_state_comparison_no_new_significance_test
coverage_formal,A,C1_Table6_matched,1,Q2_safe_delta,Q3_delta,0.8,20000,271,388,20,137,-0.00585,lower,lower,False,-0.0033500000000000005,-2.505357826377075e-05,0.0005815756603301438,0.0022353623931380823,0.013280541415416014,descriptive_same_state_comparison_no_new_significance_test
coverage_formal,A,C1_Table6_matched,1,Q2_safe_delta,Q3_delta,0.9,20000,334,458,21,145,-0.0062,lower,lower,False,-0.0038499999999999993,-3.3266731650038355e-05,0.00028689446612858126,0.0018928786624462512,0.013225976578260162,descriptive_same_state_comparison_no_new_significance_test
coverage_formal,A,C1_Table6_matched,1,Q2_safe_delta,Q3_delta,1.0,20000,396,523,28,155,-0.00635,lower,lower,False,-0.003949999999999999,-4.169864797674478e-05,-4.1997596075572796e-05,0.0013739147402518637,0.013171411741104297,descriptive_same_state_comparison_no_new_significance_test
coverage_formal,A,C1_Table6_matched,1,Q2_safe_delta,Q3_delta,1.1,20000,479,606,39,166,-0.00635,lower,lower,False,-0.004199999999999999,-5.036824989112799e-05,-0.00024644730994684803,-0.00010795009017886686,0.01311684690394846,descriptive_same_state_comparison_no_new_significance_test
coverage_formal,A,C1_Table6_matched,1,Q2_safe_delta,Q3_delta,1.2,20000,587,738,40,191,-0.00755,lower,lower,False,-0.005500000000000001,-6.139088908570093e-05,-0.00013184707389687737,-0.0011403422986684536,0.013062282066792594,descriptive_same_state_comparison_no_new_significance_test
coverage_formal,A,C1_Table6_matched,2,Q2_safe_delta,Q3_delta,0.8,20000,266,354,26,114,-0.0044,lower,lower,False,-0.003000000000000001,-5.09424930776339e-05,-0.0013720668741023408,-0.005346074858838968,-0.05284228350834811,descriptive_same_state_comparison_no_new_significance_test
coverage_formal,A,C1_Table6_matched,2,Q2_safe_delta,Q3_delta,0.9,20000,326,431,32,137,-0.00525,lower,lower,False,-0.003899999999999999,-5.770305182518004e-05,-0.0009891438409065385,-0.006202046637000726,-0.052640084179919035,descriptive_same_state_comparison_no_new_significance_test
coverage_formal,A,C1_Table6_matched,2,Q2_safe_delta,Q3_delta,1.0,20000,405,511,43,149,-0.0053,lower,lower,False,-0.004,-6.599980877604434e-05,-0.001149748923002191,-0.004929264972503927,-0.052437884851489966,descriptive_same_state_comparison_no_new_significance_test
coverage_formal,A,C1_Table6_matched,2,Q2_safe_delta,Q3_delta,1.1,20000,487,627,44,184,-0.007,lower,lower,False,-0.0057,-7.602894670235774e-05,-0.0006476564900115018,-0.002564891007202485,-0.052235685523060876,descriptive_same_state_comparison_no_new_significance_test
coverage_formal,A,C1_Table6_matched,2,Q2_safe_delta,Q3_delta,1.2,20000,600,764,40,204,-0.0082,lower,lower,False,-0.006799999999999997,-8.908442220898334e-05,-0.0005895304844044814,-0.001525177746312202,-0.05203348619463181,descriptive_same_state_comparison_no_new_significance_test
coverage_formal,A,C2_Corn4D_author,0,Q2_safe_delta,Q3_delta,0.8,20000,234,303,16,85,-0.00345,lower,lower,False,-0.002400000000000001,-2.027457831125025e-05,0.00047208203311028055,-0.0024894606415337625,-0.004565115312126916,descriptive_same_state_comparison_no_new_significance_test
coverage_formal,A,C2_Corn4D_author,0,Q2_safe_delta,Q3_delta,0.9,20000,282,353,23,94,-0.00355,lower,lower,False,-0.0025000000000000005,-2.600039551843889e-05,6.926535127038148e-05,-0.003168059902299878,-0.004557171732676696,descriptive_same_state_comparison_no_new_significance_test
coverage_formal,A,C2_Corn4D_author,0,Q2_safe_delta,Q3_delta,1.0,20000,353,430,28,105,-0.00385,lower,lower,False,-0.002749999999999999,-3.1325878342453284e-05,-0.0001527785063842723,-0.0028665780542654028,-0.004549228153226462,descriptive_same_state_comparison_no_new_significance_test
coverage_formal,A,C2_Corn4D_author,0,Q2_safe_delta,Q3_delta,1.1,20000,443,520,42,119,-0.00385,lower,lower,False,-0.0029,-3.717567230748133e-05,-0.00033729418861600316,-0.001775413455361096,-0.0045412845737762275,descriptive_same_state_comparison_no_new_significance_test
coverage_formal,A,C2_Corn4D_author,0,Q2_safe_delta,Q3_delta,1.2,20000,540,636,39,135,-0.0048,lower,lower,False,-0.003799999999999998,-4.507478571508938e-05,-0.00023280562473106114,-0.0010217740989784674,-0.004533340994325993,descriptive_same_state_comparison_no_new_significance_test
coverage_formal,A,C2_Corn4D_author,1,Q2_safe_delta,Q3_delta,0.8,20000,232,325,19,112,-0.00465,lower,lower,False,-0.002449999999999999,-1.0989945149976417e-05,0.001127830146762569,0.00142912399224537,0.007897350210140958,descriptive_same_state_comparison_no_new_significance_test
coverage_formal,A,C2_Corn4D_author,1,Q2_safe_delta,Q3_delta,0.9,20000,292,381,33,122,-0.00445,lower,lower,False,-0.0023,-1.5936129692325514e-05,0.00044310952840023385,0.00047575389016003486,0.007906995058283087,descriptive_same_state_comparison_no_new_significance_test
coverage_formal,A,C2_Corn4D_author,1,Q2_safe_delta,Q3_delta,1.0,20000,359,444,38,123,-0.00425,lower,lower,False,-0.0022499999999999985,-2.051585877475785e-05,8.875092290242491e-05,0.00026969346149602336,0.007916639906425216,descriptive_same_state_comparison_no_new_significance_test
coverage_formal,A,C2_Corn4D_author,1,Q2_safe_delta,Q3_delta,1.1,20000,438,548,37,147,-0.0055,lower,lower,False,-0.003550000000000001,-2.6657629357783362e-05,0.00035233591267022635,0.001502946746875549,0.007926284754567359,descriptive_same_state_comparison_no_new_significance_test
coverage_formal,A,C2_Corn4D_author,1,Q2_safe_delta,Q3_delta,1.2,20000,541,673,46,178,-0.0066,lower,lower,False,-0.004649999999999998,-3.545397484180381e-05,0.00033633167172182274,0.003597699753449958,0.00793592960270946,descriptive_same_state_comparison_no_new_significance_test
coverage_formal,A,C2_Corn4D_author,2,Q2_safe_delta,Q3_delta,0.8,20000,257,336,25,104,-0.00395,lower,lower,False,-0.0030500000000000006,-4.9480012284786246e-05,-0.0012704188683178002,-0.007459444356177,-0.030100241497537823,descriptive_same_state_comparison_no_new_significance_test
coverage_formal,A,C2_Corn4D_author,2,Q2_safe_delta,Q3_delta,0.9,20000,317,400,25,108,-0.00415,lower,lower,False,-0.0032000000000000015,-5.633637992732605e-05,-0.0013691373652371542,-0.008697130163696363,-0.030015801002398826,descriptive_same_state_comparison_no_new_significance_test
coverage_formal,A,C2_Corn4D_author,2,Q2_safe_delta,Q3_delta,1.0,20000,397,489,30,122,-0.0046,lower,lower,False,-0.0038000000000000013,-6.401845723514148e-05,-0.0012004847492994922,-0.007070568230207075,-0.02993136050725982,descriptive_same_state_comparison_no_new_significance_test
coverage_formal,A,C2_Corn4D_author,2,Q2_safe_delta,Q3_delta,1.1,20000,481,612,32,163,-0.00655,lower,lower,False,-0.0057,-7.358465935807491e-05,-0.0006090335942279621,-0.005114532087911298,-0.02984692001212083,descriptive_same_state_comparison_no_new_significance_test
coverage_formal,A,C2_Corn4D_author,2,Q2_safe_delta,Q3_delta,1.2,20000,588,718,46,176,-0.0065,lower,lower,False,-0.005700000000000004,-8.595567834895326e-05,-0.000860708761805171,-0.004176880639184238,-0.02976247951698184,descriptive_same_state_comparison_no_new_significance_test
coverage_formal,C,C0,0,Q2_safe_delta,Q3_delta,0.8,20000,88,139,11,62,-0.00255,lower,lower,False,-0.0013,-1.3201178431692522e-05,0.0005335749107632879,0.007454106930063778,-0.02443677568347183,descriptive_same_state_comparison_no_new_significance_test
coverage_formal,C,C0,0,Q2_safe_delta,Q3_delta,0.9,20000,110,167,15,72,-0.00285,lower,lower,False,-0.0016499999999999996,-1.640895390003832e-05,0.00037534938827695277,0.0026353313742553397,-0.024383149184809327,descriptive_same_state_comparison_no_new_significance_test
coverage_formal,C,C0,0,Q2_safe_delta,Q3_delta,1.0,20000,137,209,19,91,-0.0036,lower,lower,False,-0.00245,-2.0953295239166964e-05,0.0006306356624132675,0.00013838962271152389,-0.024329522686146854,descriptive_same_state_comparison_no_new_significance_test
coverage_formal,C,C0,0,Q2_safe_delta,Q3_delta,1.1,20000,169,260,15,106,-0.00455,lower,lower,False,-0.00345,-2.7274213610270446e-05,0.0007794925541288258,0.003256512178618335,-0.024275896187484367,descriptive_same_state_comparison_no_new_significance_test
coverage_formal,C,C0,0,Q2_safe_delta,Q3_delta,1.2,20000,228,336,19,127,-0.0054,lower,lower,False,-0.004249999999999999,-3.5091073767226546e-05,0.00034408759148867214,0.00023133618858186059,-0.02422226968882188,descriptive_same_state_comparison_no_new_significance_test
coverage_formal,C,C0,1,Q2_safe_delta,Q3_delta,0.8,20000,109,214,17,122,-0.00525,lower,lower,False,-0.003450000000000001,-5.0656144661455535e-05,-0.002045709862213368,-0.00942743348959112,-0.043651071963494714,descriptive_same_state_comparison_no_new_significance_test
coverage_formal,C,C0,1,Q2_safe_delta,Q3_delta,0.9,20000,133,258,24,149,-0.00625,lower,lower,False,-0.004450000000000001,-5.9182138861246324e-05,-0.0015377375588273429,-0.008253810749150145,-0.04353546041670472,descriptive_same_state_comparison_no_new_significance_test
coverage_formal,C,C0,1,Q2_safe_delta,Q3_delta,1.0,20000,165,308,29,172,-0.00715,lower,lower,False,-0.0055,-6.954965744806868e-05,-0.0013158478522911007,-0.0070265508304642454,-0.04341984886991472,descriptive_same_state_comparison_no_new_significance_test
coverage_formal,C,C0,1,Q2_safe_delta,Q3_delta,1.1,20000,208,376,31,199,-0.0084,lower,lower,False,-0.006749999999999999,-8.257741312268582e-05,-0.0012188926539315852,-0.005906065850763052,-0.04330423732312474,descriptive_same_state_comparison_no_new_significance_test
coverage_formal,C,C0,1,Q2_safe_delta,Q3_delta,1.2,20000,287,466,40,219,-0.00895,lower,lower,False,-0.007300000000000001,-9.802197314167765e-05,-0.0017264680491576364,-0.007070540500939793,-0.04318862577633474,descriptive_same_state_comparison_no_new_significance_test
coverage_formal,C,C0,2,Q2_safe_delta,Q3_delta,0.8,20000,80,161,10,91,-0.00405,lower,lower,False,-0.0017499999999999998,-1.7190911847352226e-05,1.2070410137397444e-05,-0.0059884360351433324,-0.04352609137792243,descriptive_same_state_comparison_no_new_significance_test
coverage_formal,C,C0,2,Q2_safe_delta,Q3_delta,0.9,20000,99,187,10,98,-0.0044,lower,lower,False,-0.0021000000000000003,-2.1010924060487583e-05,-0.00015791910201426625,0.0004582861190827424,-0.04340439322604564,descriptive_same_state_comparison_no_new_significance_test
coverage_formal,C,C0,2,Q2_safe_delta,Q3_delta,1.0,20000,130,239,15,124,-0.00545,lower,lower,False,-0.00315,-2.677748254592339e-05,0.00011200436026123119,0.0037275228401850366,-0.043282695074168834,descriptive_same_state_comparison_no_new_significance_test
coverage_formal,C,C0,2,Q2_safe_delta,Q3_delta,1.1,20000,181,302,22,143,-0.00605,lower,lower,False,-0.00395,-3.400607464685334e-05,-0.00019005380845438583,0.006199658702487135,-0.043160996922292055,descriptive_same_state_comparison_no_new_significance_test
coverage_formal,C,C0,2,Q2_safe_delta,Q3_delta,1.2,20000,231,371,25,165,-0.007,lower,lower,False,-0.00485,-4.302245061862867e-05,-0.0002466842862342382,0.004038705853791007,-0.04303929877041525,descriptive_same_state_comparison_no_new_significance_test
coverage_formal,C,C1_Table6_matched,0,Q2_safe_delta,Q3_delta,0.8,20000,85,153,9,77,-0.0034,lower,lower,False,-0.0008500000000000001,-1.0871839860727735e-05,-0.0007473265278963998,-0.0025119206804182573,-0.0016182560314584107,descriptive_same_state_comparison_no_new_significance_test
coverage_formal,C,C1_Table6_matched,0,Q2_safe_delta,Q3_delta,0.9,20000,103,178,11,86,-0.00375,lower,lower,False,-0.0012500000000000002,-1.3203870152447427e-05,-0.00034669561453886007,-0.0056531513811157175,-0.0016685721287531055,descriptive_same_state_comparison_no_new_significance_test
coverage_formal,C,C1_Table6_matched,0,Q2_safe_delta,Q3_delta,1.0,20000,131,211,13,93,-0.004,lower,lower,False,-0.0016499999999999996,-1.5935212109712074e-05,-0.00020056227995519753,-0.005013033376084542,-0.001718888226047821,descriptive_same_state_comparison_no_new_significance_test
coverage_formal,C,C1_Table6_matched,0,Q2_safe_delta,Q3_delta,1.1,20000,159,249,18,108,-0.0045,lower,lower,False,-0.0020999999999999994,-2.0273031290360616e-05,-0.00016253031964293986,-0.0015408120608536129,-0.0017692043233425367,descriptive_same_state_comparison_no_new_significance_test
coverage_formal,C,C1_Table6_matched,0,Q2_safe_delta,Q3_delta,1.2,20000,201,304,19,122,-0.00515,lower,lower,False,-0.00285,-2.5437210614134552e-05,-2.0636152703734298e-05,0.00038028866320101093,-0.0018195204206372384,descriptive_same_state_comparison_no_new_significance_test
coverage_formal,C,C1_Table6_matched,1,Q2_safe_delta,Q3_delta,0.8,20000,89,178,15,104,-0.00445,lower,lower,False,-0.0026499999999999996,-3.597492719075605e-05,-0.001874562207381825,-0.0019298938022627027,-0.03689844670837618,descriptive_same_state_comparison_no_new_significance_test
coverage_formal,C,C1_Table6_matched,1,Q2_safe_delta,Q3_delta,0.9,20000,117,216,20,119,-0.00495,lower,lower,False,-0.0032000000000000006,-4.185819217802694e-05,-0.0017752998988394414,-0.004199958488736735,-0.03676437249361098,descriptive_same_state_comparison_no_new_significance_test
coverage_formal,C,C1_Table6_matched,1,Q2_safe_delta,Q3_delta,1.0,20000,151,273,25,147,-0.0061,lower,lower,False,-0.0044,-4.952335015519821e-05,-0.0011870710418797597,-0.001740123652056287,-0.0366302982788458,descriptive_same_state_comparison_no_new_significance_test
coverage_formal,C,C1_Table6_matched,1,Q2_safe_delta,Q3_delta,1.1,20000,192,334,31,173,-0.0071,lower,lower,False,-0.0054,-5.989192555414422e-05,-0.0010817351471205886,4.9454613148289944e-05,-0.0364962240640806,descriptive_same_state_comparison_no_new_significance_test
coverage_formal,C,C1_Table6_matched,1,Q2_safe_delta,Q3_delta,1.2,20000,235,420,30,215,-0.00925,lower,lower,False,-0.007650000000000002,-7.385672506717133e-05,-0.00044843203023305946,0.002052004467296288,-0.03636214984931542,descriptive_same_state_comparison_no_new_significance_test
coverage_formal,C,C1_Table6_matched,2,Q2_safe_delta,Q3_delta,0.8,20000,78,145,14,81,-0.00335,lower,lower,False,-0.0016999999999999997,-2.1415475905439715e-05,-0.0003161396368563888,-0.018527618977997033,-0.04464459054338628,descriptive_same_state_comparison_no_new_significance_test
coverage_formal,C,C1_Table6_matched,2,Q2_safe_delta,Q3_delta,0.9,20000,99,171,11,83,-0.0036,lower,lower,False,-0.0019499999999999995,-2.5287954791554722e-05,-0.0006953107586875965,-0.012270855763781625,-0.04454538287189749,descriptive_same_state_comparison_no_new_significance_test
coverage_formal,C,C1_Table6_matched,2,Q2_safe_delta,Q3_delta,1.0,20000,122,216,15,109,-0.0047,lower,lower,False,-0.003149999999999999,-3.0699540417786454e-05,0.00021374818988930538,-0.0037462355444374054,-0.04444617520040872,descriptive_same_state_comparison_no_new_significance_test
coverage_formal,C,C1_Table6_matched,2,Q2_safe_delta,Q3_delta,1.1,20000,163,251,21,109,-0.0044,lower,lower,False,-0.00285,-3.667027694209423e-05,-0.0009684978689460649,-0.004710250301418081,-0.04434696752891994,descriptive_same_state_comparison_no_new_significance_test
coverage_formal,C,C1_Table6_matched,2,Q2_safe_delta,Q3_delta,1.2,20000,220,318,27,125,-0.0049,lower,lower,False,-0.0034999999999999996,-4.340825020728522e-05,-0.0009507098892357138,-0.0021160669916109043,-0.04424775985743114,descriptive_same_state_comparison_no_new_significance_test
coverage_formal,C,C2_Corn4D_author,0,Q2_safe_delta,Q3_delta,0.8,20000,78,138,10,70,-0.003,lower,lower,False,-0.0015500000000000002,-2.0050263074160403e-05,-0.0007306280874228976,-0.005903436220305827,-0.018914226582874262,descriptive_same_state_comparison_no_new_significance_test
coverage_formal,C,C2_Corn4D_author,0,Q2_safe_delta,Q3_delta,0.9,20000,102,167,15,80,-0.00325,lower,lower,False,-0.0018000000000000004,-2.3671483106885758e-05,-0.0010156503641979026,-0.004679020511652428,-0.018877108456942716,descriptive_same_state_comparison_no_new_significance_test
coverage_formal,C,C2_Corn4D_author,0,Q2_safe_delta,Q3_delta,1.0,20000,133,206,18,91,-0.00365,lower,lower,False,-0.0022000000000000006,-2.7960560199845283e-05,-0.0009682534025385325,-0.004880949471660366,-0.018839990331011143,descriptive_same_state_comparison_no_new_significance_test
coverage_formal,C,C2_Corn4D_author,0,Q2_safe_delta,Q3_delta,1.1,20000,171,248,23,100,-0.00385,lower,lower,False,-0.002450000000000001,-3.260046805180106e-05,-0.0010547482950020257,-0.006290796861772856,-0.018802872205079584,descriptive_same_state_comparison_no_new_significance_test
coverage_formal,C,C2_Corn4D_author,0,Q2_safe_delta,Q3_delta,1.2,20000,228,302,25,99,-0.0037,lower,lower,False,-0.0023499999999999997,-3.7634988033103994e-05,-0.0013336634858680599,-0.00612043018871283,-0.018765754079148024,descriptive_same_state_comparison_no_new_significance_test
coverage_formal,C,C2_Corn4D_author,1,Q2_safe_delta,Q3_delta,0.8,20000,75,163,14,102,-0.0044,lower,lower,False,-0.00355,-3.5984530816796944e-05,-0.0007281031612522432,-0.001320156654731501,-0.019083953762130568,descriptive_same_state_comparison_no_new_significance_test
coverage_formal,C,C2_Corn4D_author,1,Q2_safe_delta,Q3_delta,0.9,20000,104,194,20,110,-0.0045,lower,lower,False,-0.0036499999999999996,-4.366444096988183e-05,-0.0019431999470464947,-0.004119770706188949,-0.019002646537573893,descriptive_same_state_comparison_no_new_significance_test
coverage_formal,C,C2_Corn4D_author,1,Q2_safe_delta,Q3_delta,1.0,20000,128,250,17,139,-0.0061,lower,lower,False,-0.0053,-5.347964650603798e-05,-0.0010665265854966181,-0.0016829015820002298,-0.018921339313017226,descriptive_same_state_comparison_no_new_significance_test
coverage_formal,C,C2_Corn4D_author,1,Q2_safe_delta,Q3_delta,1.1,20000,153,310,22,179,-0.00785,lower,lower,False,-0.00715,-6.625766810411828e-05,-0.0004387408250497195,-0.000832025818899261,-0.018840032088460565,descriptive_same_state_comparison_no_new_significance_test
coverage_formal,C,C2_Corn4D_author,1,Q2_safe_delta,Q3_delta,1.2,20000,199,383,29,213,-0.0092,lower,lower,False,-0.008499999999999999,-8.316330220887025e-05,-0.0008189477593416403,-0.0033500144686217925,-0.018758724863903897,descriptive_same_state_comparison_no_new_significance_test
coverage_formal,C,C2_Corn4D_author,2,Q2_safe_delta,Q3_delta,0.8,20000,63,124,11,72,-0.00305,lower,lower,False,-0.0010999999999999998,-1.5922950318169244e-05,-0.0016521579954295266,-0.00249899322331483,-0.02923972978921304,descriptive_same_state_comparison_no_new_significance_test
coverage_formal,C,C2_Corn4D_author,2,Q2_safe_delta,Q3_delta,0.9,20000,77,147,12,82,-0.0035,lower,lower,False,-0.0015500000000000006,-1.85754925054958e-05,-0.0010030671689857922,0.0023365561514616454,-0.02914895102766784,descriptive_same_state_comparison_no_new_significance_test
coverage_formal,C,C2_Corn4D_author,2,Q2_safe_delta,Q3_delta,1.0,20000,104,185,17,98,-0.00405,lower,lower,False,-0.00215,-2.2693017374426043e-05,-0.0007803264174115719,-0.004346828481378157,-0.02905817226612263,descriptive_same_state_comparison_no_new_significance_test
coverage_formal,C,C2_Corn4D_author,2,Q2_safe_delta,Q3_delta,1.1,20000,132,240,16,124,-0.0054,lower,lower,False,-0.0035000000000000005,-2.9201473244203164e-05,-8.645197173703933e-05,-0.002636224780104522,-0.028967393504577416,descriptive_same_state_comparison_no_new_significance_test
coverage_formal,C,C2_Corn4D_author,2,Q2_safe_delta,Q3_delta,1.2,20000,179,295,20,136,-0.0058,lower,lower,False,-0.004,-3.751033862483015e-05,-0.0005546071293310185,-0.004457410464081657,-0.028876614743032193,descriptive_same_state_comparison_no_new_significance_test
measurement_formal,A,C0,0,Q2_ideal_delta,Q3_ideal_delta,0.8,20000,282,329,40,87,-0.00235,lower,lower,False,-0.0015000000000000013,-2.5721808365044424e-05,-0.000796631868151966,-0.0012524492968215388,0.007622819430957328,descriptive_same_state_comparison_no_new_significance_test
measurement_formal,A,C0,0,Q2_ideal_delta,Q3_ideal_delta,0.9,20000,331,394,37,100,-0.00315,lower,lower,False,-0.0022000000000000023,-2.9248953338282478e-05,-0.00042287337865007206,-0.002958135483669303,0.007585397889803447,descriptive_same_state_comparison_no_new_significance_test
measurement_formal,A,C0,0,Q2_ideal_delta,Q3_ideal_delta,1.0,20000,398,472,39,113,-0.0037,lower,lower,False,-0.0028000000000000004,-3.4954026190018623e-05,-0.00031999227953470946,-0.0018045492324438618,0.007547976348649579,descriptive_same_state_comparison_no_new_significance_test
measurement_formal,A,C0,0,Q2_ideal_delta,Q3_ideal_delta,1.1,20000,503,579,43,119,-0.0038,lower,lower,False,-0.0029000000000000033,-4.159801028908808e-05,-0.0004994807349509717,-0.001762003644244215,0.007510554807495698,descriptive_same_state_comparison_no_new_significance_test
measurement_formal,A,C0,0,Q2_ideal_delta,Q3_ideal_delta,1.2,20000,618,709,48,139,-0.00455,lower,lower,False,-0.003599999999999999,-4.862630839589776e-05,-0.00040395520554960956,-0.0010201224303296834,0.0074731332663418165,descriptive_same_state_comparison_no_new_significance_test
measurement_formal,A,C0,0,Q3_postUA_0p1,Q3_raw_noise_0p1,0.8,20000,350,362,12,24,-0.0006,lower,lower,False,0.0004999999999999987,3.368657338394314e-06,-0.0001289452921937658,0.0005010725811021646,0.0,descriptive_same_state_comparison_no_new_significance_test
measurement_formal,A,C0,0,Q3_postUA_0p1,Q3_raw_noise_0p1,0.9,20000,412,421,15,24,-0.00045,lower,lower,False,0.0006500000000000013,4.673099839597704e-06,-0.0001238900525572656,0.00013840600755187643,0.0,descriptive_same_state_comparison_no_new_significance_test
measurement_formal,A,C0,0,Q3_postUA_0p1,Q3_raw_noise_0p1,1.0,20000,500,513,15,28,-0.00065,lower,lower,False,0.00040000000000000105,5.9392792814646795e-06,8.211931206425667e-05,0.00010692091544762389,0.0,descriptive_same_state_comparison_no_new_significance_test
measurement_formal,A,C0,0,Q3_postUA_0p1,Q3_raw_noise_0p1,1.1,20000,600,612,16,28,-0.0006,lower,lower,False,0.0004500000000000025,6.709290590031184e-06,7.610707504769956e-05,7.385443219636717e-05,0.0,descriptive_same_state_comparison_no_new_significance_test
measurement_formal,A,C0,0,Q3_postUA_0p1,Q3_raw_noise_0p1,1.2,20000,732,737,18,23,-0.00025,lower,lower,False,0.0006999999999999992,7.922666110282109e-06,2.197735765995662e-05,6.0642072753358534e-05,0.0,descriptive_same_state_comparison_no_new_significance_test
measurement_formal,A,C0,0,Q3_postUA_0p1,Q3_postmean_0p1,0.8,20000,350,369,17,36,-0.00095,lower,lower,False,0.0008500000000000001,8.740897963074152e-06,-7.944134513413609e-06,0.0010764835518163318,0.0,descriptive_same_state_comparison_no_new_significance_test
measurement_formal,A,C0,0,Q3_postUA_0p1,Q3_postmean_0p1,0.9,20000,412,428,21,37,-0.0008,lower,lower,False,0.0010000000000000009,1.0835561331494931e-05,2.051337527801851e-05,0.00030132997949264967,0.0,descriptive_same_state_comparison_no_new_significance_test
measurement_formal,A,C0,0,Q3_postUA_0p1,Q3_postmean_0p1,1.0,20000,500,521,21,42,-0.00105,lower,lower,False,0.0006999999999999992,1.272963895303098e-05,0.0002533084311003922,0.0003894117225459251,0.0,descriptive_same_state_comparison_no_new_significance_test
measurement_formal,A,C0,0,Q3_postUA_0p1,Q3_postmean_0p1,1.1,20000,600,618,20,38,-0.0009,lower,lower,False,0.0008000000000000021,1.4189370589113442e-05,0.00022159753643383358,0.0008888925194581801,0.0,descriptive_same_state_comparison_no_new_significance_test
measurement_formal,A,C0,0,Q3_postUA_0p1,Q3_postmean_0p1,1.2,20000,732,744,21,33,-0.0006,lower,lower,False,0.0009499999999999995,1.596446505265078e-05,0.00018700015651063398,0.00021185192637224182,0.0,descriptive_same_state_comparison_no_new_significance_test
measurement_formal,A,C0,0,Q3_postmean_0p1,Q3_raw_noise_0p1,0.8,20000,369,362,12,5,0.00035,higher,higher,False,-0.00035000000000000135,-5.372240624679838e-06,-0.0001210011576803522,-0.0005754109707141672,0.0,descriptive_same_state_comparison_no_new_significance_test
measurement_formal,A,C0,0,Q3_postmean_0p1,Q3_raw_noise_0p1,0.9,20000,428,421,13,6,0.00035,higher,higher,False,-0.0003499999999999996,-6.162461491897227e-06,-0.0001444034278352841,-0.00016292397194077324,0.0,descriptive_same_state_comparison_no_new_significance_test
measurement_formal,A,C0,0,Q3_postmean_0p1,Q3_raw_noise_0p1,1.0,20000,521,513,14,6,0.0004,higher,higher,False,-0.0002999999999999982,-6.790359671566301e-06,-0.00017118911903613553,-0.0002824908070983012,0.0,descriptive_same_state_comparison_no_new_significance_test
measurement_formal,A,C0,0,Q3_postmean_0p1,Q3_raw_noise_0p1,1.1,20000,618,612,10,4,0.0003,higher,higher,False,-0.0003499999999999996,-7.4800799990822585e-06,-0.00014549046138613402,-0.0008150380872618129,0.0,descriptive_same_state_comparison_no_new_significance_test
measurement_formal,A,C0,0,Q3_postmean_0p1,Q3_raw_noise_0p1,1.2,20000,744,737,10,3,0.00035,higher,higher,False,-0.0002500000000000002,-8.04179894236867e-06,-0.00016502279885067736,-0.00015120985361888328,0.0,descriptive_same_state_comparison_no_new_significance_test
measurement_formal,A,C0,0,Q2_postUA_0p1,Q3_postUA_0p1,0.8,20000,299,350,43,94,-0.00255,lower,lower,False,-0.0012499999999999994,-2.272485452639014e-05,-0.0007164834175913733,-0.001605540101159656,0.007622819430957328,descriptive_same_state_comparison_no_new_significance_test
measurement_formal,A,C0,0,Q2_postUA_0p1,Q3_postUA_0p1,0.9,20000,355,412,45,102,-0.00285,lower,lower,False,-0.0015000000000000013,-2.5361405257748885e-05,-0.0005827452861685792,-0.002541290931208008,0.007585397889803447,descriptive_same_state_comparison_no_new_significance_test
measurement_formal,A,C0,0,Q2_postUA_0p1,Q3_postUA_0p1,1.0,20000,437,500,50,113,-0.00315,lower,lower,False,-0.001850000000000001,-2.9734333571478853e-05,-0.0005143411853452042,-0.0023656416764710406,0.007547976348649579,descriptive_same_state_comparison_no_new_significance_test
measurement_formal,A,C0,0,Q2_postUA_0p1,Q3_postUA_0p1,1.1,20000,533,600,54,121,-0.00335,lower,lower,False,-0.0021500000000000026,-3.401221103698811e-05,-0.0004625074932711887,-0.00040815846776131454,0.007510554807495698,descriptive_same_state_comparison_no_new_significance_test
measurement_formal,A,C0,0,Q2_postUA_0p1,Q3_postUA_0p1,1.2,20000,645,732,56,143,-0.00435,lower,lower,False,-0.00315,-3.988069485265578e-05,-0.00024057681472152738,-0.0016392132497736606,0.0074731332663418165,descriptive_same_state_comparison_no_new_significance_test
measurement_formal,A,C0,0,Q3_postUA_0p5,Q3_raw_noise_0p5,0.8,20000,622,1159,132,669,-0.02685,lower,lower,False,0.005350000000000001,5.120761045852959e-05,-0.0003558378789849017,-0.003296960758179958,0.010354869023907143,descriptive_same_state_comparison_no_new_significance_test
measurement_formal,A,C0,0,Q3_postUA_0p5,Q3_raw_noise_0p5,0.9,20000,727,1224,159,656,-0.02485,lower,lower,False,0.007250000000000003,6.445935349672701e-05,-0.000611443832028092,-0.0023257322290220275,0.010333737410073596,descriptive_same_state_comparison_no_new_significance_test
measurement_formal,A,C0,0,Q3_postUA_0p5,Q3_raw_noise_0p5,1.0,20000,839,1311,180,652,-0.0236,lower,lower,False,0.008299999999999998,8.073911207612673e-05,-0.00038868501467917774,-0.001494111215901893,0.010312605796240049,descriptive_same_state_comparison_no_new_significance_test
measurement_formal,A,C0,0,Q3_postUA_0p5,Q3_raw_noise_0p5,1.1,20000,956,1407,200,651,-0.02255,lower,lower,False,0.008800000000000002,9.92626178496623e-05,-3.51879847387028e-05,-0.001618553481072843,0.010291474182406515,descriptive_same_state_comparison_no_new_significance_test
measurement_formal,A,C0,0,Q3_postUA_0p5,Q3_raw_noise_0p5,1.2,20000,1104,1530,226,652,-0.0213,lower,lower,False,0.009850000000000005,0.00011916355626226632,0.00012639629270839482,-0.0016803430201302524,0.010270342568572968,descriptive_same_state_comparison_no_new_significance_test
measurement_formal,A,C0,0,Q3_postUA_0p5,Q3_postmean_0p5,0.8,20000,622,1961,177,1516,-0.06695,lower,lower,False,0.00985,0.00013114458801914176,0.0017076440877293562,0.0033101678364431883,0.027061628260885505,descriptive_same_state_comparison_no_new_significance_test
measurement_formal,A,C0,0,Q3_postUA_0p5,Q3_postmean_0p5,0.9,20000,727,2010,211,1494,-0.06415,lower,lower,False,0.0125,0.00015465197904228188,0.0011661073869393326,0.004869760658624701,0.02698181695201618,descriptive_same_state_comparison_no_new_significance_test
measurement_formal,A,C0,0,Q3_postUA_0p5,Q3_postmean_0p5,1.0,20000,839,2081,244,1486,-0.0621,lower,lower,False,0.014049999999999997,0.00018271770814261984,0.001330177977943263,0.0052805402210713386,0.02690200564314687,descriptive_same_state_comparison_no_new_significance_test
measurement_formal,A,C0,0,Q3_postUA_0p5,Q3_postmean_0p5,1.1,20000,956,2158,269,1471,-0.0601,lower,lower,False,0.0154,0.00021408579772036154,0.0014901756828150578,0.005387736172565376,0.02682219433427755,descriptive_same_state_comparison_no_new_significance_test
measurement_formal,A,C0,0,Q3_postUA_0p5,Q3_postmean_0p5,1.2,20000,1104,2280,289,1465,-0.0588,lower,lower,False,0.01595,0.0002475732712522215,0.0019072670231638778,0.0047890619619728875,0.02674238302540824,descriptive_same_state_comparison_no_new_significance_test
measurement_formal,A,C0,0,Q3_postmean_0p5,Q3_raw_noise_0p5,0.8,20000,1961,1159,936,134,0.0401,higher,higher,False,-0.004499999999999999,-7.993697756061217e-05,-0.002063481966714258,-0.006607128594623146,-0.016706759236978362,descriptive_same_state_comparison_no_new_significance_test
measurement_formal,A,C0,0,Q3_postmean_0p5,Q3_raw_noise_0p5,0.9,20000,2010,1224,932,146,0.0393,higher,higher,False,-0.005249999999999998,-9.019262554555487e-05,-0.0017775512189674245,-0.007195492887646728,-0.016648079541942584,descriptive_same_state_comparison_no_new_significance_test
measurement_formal,A,C0,0,Q3_postmean_0p5,Q3_raw_noise_0p5,1.0,20000,2081,1311,931,161,0.0385,higher,higher,False,-0.005749999999999998,-0.00010197859606649311,-0.0017188629926224407,-0.0067746514369732315,-0.01658939984690682,descriptive_same_state_comparison_no_new_significance_test
measurement_formal,A,C0,0,Q3_postmean_0p5,Q3_raw_noise_0p5,1.1,20000,2158,1407,922,171,0.03755,higher,higher,False,-0.006599999999999998,-0.00011482317987069924,-0.0015253636675537606,-0.007006289653638219,-0.016530720151871035,descriptive_same_state_comparison_no_new_significance_test
measurement_formal,A,C0,0,Q3_postmean_0p5,Q3_raw_noise_0p5,1.2,20000,2280,1530,922,172,0.0375,higher,higher,False,-0.006099999999999994,-0.00012840971498995516,-0.001780870730455483,-0.00646940498210314,-0.01647204045683527,descriptive_same_state_comparison_no_new_significance_test
measurement_formal,A,C0,0,Q2_postUA_0p5,Q3_postUA_0p5,0.8,20000,521,622,62,163,-0.00505,lower,lower,False,-0.0034000000000000002,-3.9435958687418965e-05,-0.00012634607120347828,-0.0006885910577951251,-0.020323168145751226,descriptive_same_state_comparison_no_new_significance_test
measurement_formal,A,C0,0,Q2_postUA_0p5,Q3_postUA_0p5,0.9,20000,629,727,60,158,-0.0049,lower,lower,False,-0.003300000000000001,-4.6666794845530435e-05,-0.0004220987058651503,-0.0008764157132261571,-0.020256950543497507,descriptive_same_state_comparison_no_new_significance_test
measurement_formal,A,C0,0,Q2_postUA_0p5,Q3_postUA_0p5,1.0,20000,731,839,67,175,-0.0054,lower,lower,False,-0.0038499999999999993,-5.478754878635397e-05,-0.00039628440184542,-0.0016791831094189885,-0.020190732941243794,descriptive_same_state_comparison_no_new_significance_test
measurement_formal,A,C0,0,Q2_postUA_0p5,Q3_postUA_0p5,1.1,20000,839,956,81,198,-0.00585,lower,lower,False,-0.004150000000000001,-6.338824742594692e-05,-0.0004333810667601981,-0.002612342110486908,-0.02012451533899008,descriptive_same_state_comparison_no_new_significance_test
measurement_formal,A,C0,0,Q2_postUA_0p5,Q3_postUA_0p5,1.2,20000,1012,1104,99,191,-0.0046,lower,lower,False,-0.0030000000000000027,-7.123504635207702e-05,-0.0007962536024607239,-0.0024448411295439412,-0.020058297736736383,descriptive_same_state_comparison_no_new_significance_test
measurement_formal,A,C0,1,Q2_ideal_delta,Q3_ideal_delta,0.8,20000,253,339,20,106,-0.0043,lower,lower,False,-0.0022499999999999985,-2.8929672213270067e-05,-0.0003128556766287781,0.0038937345207253234,-0.03792735330529325,descriptive_same_state_comparison_no_new_significance_test
measurement_formal,A,C0,1,Q2_ideal_delta,Q3_ideal_delta,0.9,20000,309,410,24,125,-0.00505,lower,lower,False,-0.0030500000000000024,-3.431945443814599e-05,-8.95742861637596e-05,0.0024907101100707235,-0.03783872487395981,descriptive_same_state_comparison_no_new_significance_test
measurement_formal,A,C0,1,Q2_ideal_delta,Q3_ideal_delta,1.0,20000,383,496,35,148,-0.00565,lower,lower,False,-0.0036500000000000005,-4.118372053586101e-05,-0.0001416562852975308,0.0009712196748050198,-0.03775009644262636,descriptive_same_state_comparison_no_new_significance_test
measurement_formal,A,C0,1,Q2_ideal_delta,Q3_ideal_delta,1.1,20000,464,589,39,164,-0.00625,lower,lower,False,-0.004150000000000001,-5.0097348754598366e-05,-0.0002566051070029829,0.0006987757444772633,-0.037661468011292915,descriptive_same_state_comparison_no_new_significance_test
measurement_formal,A,C0,1,Q2_ideal_delta,Q3_ideal_delta,1.2,20000,556,693,45,182,-0.00685,lower,lower,False,-0.004899999999999998,-5.96492566987605e-05,-0.00024067642427071795,-0.0014328111772686503,-0.037572839579959466,descriptive_same_state_comparison_no_new_significance_test
measurement_formal,A,C0,1,Q3_postUA_0p1,Q3_raw_noise_0p1,0.8,20000,357,362,10,15,-0.00025,lower,lower,False,0.000700000000000001,6.380256874044039e-06,-0.00011660162932209533,6.640930881432819e-05,0.0,descriptive_same_state_comparison_no_new_significance_test
measurement_formal,A,C0,1,Q3_postUA_0p1,Q3_raw_noise_0p1,0.9,20000,422,427,10,15,-0.00025,lower,lower,False,0.0006999999999999992,7.875630459671436e-06,-5.811759225763519e-07,-0.0003871959622522847,0.0,descriptive_same_state_comparison_no_new_significance_test
measurement_formal,A,C0,1,Q3_postUA_0p1,Q3_raw_noise_0p1,1.0,20000,520,522,13,15,-0.0001,lower,lower,False,0.0008500000000000001,9.686203873816363e-06,2.8056949345005647e-05,0.00017270777857474745,0.0,descriptive_same_state_comparison_no_new_significance_test
measurement_formal,A,C0,1,Q3_postUA_0p1,Q3_raw_noise_0p1,1.1,20000,610,609,19,18,5e-05,higher,lower,True,0.0009499999999999995,1.12368082440738e-05,3.4787795325791e-05,0.00022270121790049502,0.0,descriptive_same_state_comparison_no_new_significance_test
measurement_formal,A,C0,1,Q3_postUA_0p1,Q3_raw_noise_0p1,1.2,20000,723,713,27,17,0.0005,higher,lower,True,0.001350000000000004,1.3598354518247035e-05,-3.448189787149704e-05,0.00018551975302028706,0.0,descriptive_same_state_comparison_no_new_significance_test
measurement_formal,A,C0,1,Q3_postUA_0p1,Q3_postmean_0p1,0.8,20000,357,365,13,21,-0.0004,lower,lower,False,0.0008500000000000001,7.166533999660753e-06,-0.00018552181796922633,3.320465440717277e-05,0.0,descriptive_same_state_comparison_no_new_significance_test
measurement_formal,A,C0,1,Q3_postUA_0p1,Q3_postmean_0p1,0.9,20000,422,432,12,22,-0.0005,lower,lower,False,0.0006500000000000013,8.733329984987115e-06,8.223773788332278e-05,-0.000359539107805687,0.0,descriptive_same_state_comparison_no_new_significance_test
measurement_formal,A,C0,1,Q3_postUA_0p1,Q3_postmean_0p1,1.0,20000,520,523,19,22,-0.00015,lower,lower,False,0.0009999999999999974,1.0582106356145572e-05,-3.976279415292272e-06,0.00015214951590206138,0.0,descriptive_same_state_comparison_no_new_significance_test
measurement_formal,A,C0,1,Q3_postUA_0p1,Q3_postmean_0p1,1.1,20000,610,609,26,25,5e-05,higher,lower,True,0.0011500000000000017,1.2509592257108331e-05,8.183709460339583e-07,0.00018060718951262017,0.0,descriptive_same_state_comparison_no_new_significance_test
measurement_formal,A,C0,1,Q3_postUA_0p1,Q3_postmean_0p1,1.2,20000,723,713,35,25,0.0005,higher,lower,True,0.0015500000000000028,1.524267094579144e-05,-5.151480867026173e-05,0.00047155419994084763,0.0,descriptive_same_state_comparison_no_new_significance_test
measurement_formal,A,C0,1,Q3_postmean_0p1,Q3_raw_noise_0p1,0.8,20000,365,362,6,3,0.00015,higher,higher,False,-0.0001499999999999991,-7.86277125616714e-07,6.8920188647131e-05,3.320465440715542e-05,0.0,descriptive_same_state_comparison_no_new_significance_test
measurement_formal,A,C0,1,Q3_postmean_0p1,Q3_raw_noise_0p1,0.9,20000,432,427,7,2,0.00025,higher,higher,False,4.999999999999796e-05,-8.576995253156792e-07,-8.281891380589913e-05,-2.7656854446597712e-05,0.0,descriptive_same_state_comparison_no_new_significance_test
measurement_formal,A,C0,1,Q3_postmean_0p1,Q3_raw_noise_0p1,1.0,20000,523,522,7,6,5e-05,higher,higher,False,-0.00014999999999999736,-8.959024823292083e-07,3.203322876029792e-05,2.0558262672686067e-05,0.0,descriptive_same_state_comparison_no_new_significance_test
measurement_formal,A,C0,1,Q3_postmean_0p1,Q3_raw_noise_0p1,1.1,20000,609,609,7,7,0.0,equal,higher,True,-0.00020000000000000226,-1.2727840130345312e-06,3.396942437975704e-05,4.209402838787485e-05,0.0,descriptive_same_state_comparison_no_new_significance_test
measurement_formal,A,C0,1,Q3_postmean_0p1,Q3_raw_noise_0p1,1.2,20000,713,713,9,9,0.0,equal,higher,True,-0.0001999999999999988,-1.6443164275444042e-06,1.703291079876469e-05,-0.00028603444692056057,0.0,descriptive_same_state_comparison_no_new_significance_test
measurement_formal,A,C0,1,Q2_postUA_0p1,Q3_postUA_0p1,0.8,20000,275,357,25,107,-0.0041,lower,lower,False,-0.0023499999999999997,-3.14733085459293e-05,-0.0003743576880833564,0.0032138691745197956,-0.04097624708639964,descriptive_same_state_comparison_no_new_significance_test
measurement_formal,A,C0,1,Q2_postUA_0p1,Q3_postUA_0p1,0.9,20000,329,422,27,120,-0.00465,lower,lower,False,-0.00285,-3.678128748178664e-05,-0.0003076892378975054,0.0018970386589812344,-0.04088673523250044,descriptive_same_state_comparison_no_new_significance_test
measurement_formal,A,C0,1,Q2_postUA_0p1,Q3_postUA_0p1,1.0,20000,401,520,33,152,-0.00595,lower,lower,False,-0.0041499999999999974,-4.3764888318429865e-05,3.215798527106753e-05,-3.2760179779212084e-06,-0.04079722337860123,descriptive_same_state_comparison_no_new_significance_test
measurement_formal,A,C0,1,Q2_postUA_0p1,Q3_postUA_0p1,1.1,20000,497,610,43,156,-0.00565,lower,lower,False,-0.0038000000000000013,-5.2795441858400304e-05,-0.00048369024272214463,9.150814004447311e-05,-0.040707711524701984,descriptive_same_state_comparison_no_new_significance_test
measurement_formal,A,C0,1,Q2_postUA_0p1,Q3_postUA_0p1,1.2,20000,607,723,56,172,-0.0058,lower,lower,False,-0.004150000000000001,-6.143281145105478e-05,-0.0005534352031899142,-0.0011236702081573804,-0.040618199670802796,descriptive_same_state_comparison_no_new_significance_test
measurement_formal,A,C0,1,Q3_postUA_0p5,Q3_raw_noise_0p5,0.8,20000,616,1172,127,683,-0.0278,lower,lower,False,0.0046,4.5783198359045015e-05,-0.00037291096400322334,0.0014272759929769563,-0.02004780588988704,descriptive_same_state_comparison_no_new_significance_test
measurement_formal,A,C0,1,Q3_postUA_0p5,Q3_raw_noise_0p5,0.9,20000,718,1245,155,682,-0.02635,lower,lower,False,0.006200000000000001,5.711735726909471e-05,-0.000559391271007138,-0.0005306907854961615,-0.019991262495923187,descriptive_same_state_comparison_no_new_significance_test
measurement_formal,A,C0,1,Q3_postUA_0p5,Q3_raw_noise_0p5,1.0,20000,832,1338,182,688,-0.0253,lower,lower,False,0.006899999999999996,7.072562048368331e-05,-0.00023863069598596513,-0.00041360545765238566,-0.019934719101959306,descriptive_same_state_comparison_no_new_significance_test
measurement_formal,A,C0,1,Q3_postUA_0p5,Q3_raw_noise_0p5,1.1,20000,968,1419,241,692,-0.02255,lower,lower,False,0.009399999999999999,8.79876606761764e-05,-0.0005638380568814411,-0.0011992925483353123,-0.01987817570799541,descriptive_same_state_comparison_no_new_significance_test
measurement_formal,A,C0,1,Q3_postUA_0p5,Q3_raw_noise_0p5,1.2,20000,1142,1565,286,709,-0.02115,lower,lower,False,0.010349999999999998,0.00010915019977863664,-0.00017410276815916712,-0.0014144234689730042,-0.019821632314031556,descriptive_same_state_comparison_no_new_significance_test
measurement_formal,A,C0,1,Q3_postUA_0p5,Q3_postmean_0p5,0.8,20000,616,1986,182,1552,-0.0685,lower,lower,False,0.00985,0.00013564750326600924,0.0017416064104161175,0.004816010755063559,0.014191747651687382,descriptive_same_state_comparison_no_new_significance_test
measurement_formal,A,C0,1,Q3_postUA_0p5,Q3_postmean_0p5,0.9,20000,718,2054,211,1547,-0.0668,lower,lower,False,0.01125,0.00015778885575157048,0.001850370210827755,0.002715896328613486,0.014204910978890144,descriptive_same_state_comparison_no_new_significance_test
measurement_formal,A,C0,1,Q3_postUA_0p5,Q3_postmean_0p5,1.0,20000,832,2121,243,1532,-0.06445,lower,lower,False,0.012899999999999998,0.0001827177216418783,0.0017871366178210443,0.0033021469861318625,0.014218074306092912,descriptive_same_state_comparison_no_new_significance_test
measurement_formal,A,C0,1,Q3_postUA_0p5,Q3_postmean_0p5,1.1,20000,968,2195,294,1521,-0.06135,lower,lower,False,0.015349999999999999,0.00021212474080270987,0.0015138326209850304,0.0043185923736629266,0.014231237633295674,descriptive_same_state_comparison_no_new_significance_test
measurement_formal,A,C0,1,Q3_postUA_0p5,Q3_postmean_0p5,1.2,20000,1142,2314,355,1527,-0.0586,lower,lower,False,0.01725,0.00024699224274654473,0.001628969584947855,0.005883146285890192,0.014244400960498435,descriptive_same_state_comparison_no_new_significance_test
measurement_formal,A,C0,1,Q3_postmean_0p5,Q3_raw_noise_0p5,0.8,20000,1986,1172,980,166,0.0407,higher,higher,False,-0.0052499999999999995,-8.986430490696423e-05,-0.002114517374419341,-0.003388734762086603,-0.03423955354157442,descriptive_same_state_comparison_no_new_significance_test
measurement_formal,A,C0,1,Q3_postmean_0p5,Q3_raw_noise_0p5,0.9,20000,2054,1245,978,169,0.04045,higher,higher,False,-0.005049999999999999,-0.00010067149848247577,-0.002409761481834893,-0.0032465871141096475,-0.03419617347481333,descriptive_same_state_comparison_no_new_significance_test
measurement_formal,A,C0,1,Q3_postmean_0p5,Q3_raw_noise_0p5,1.0,20000,2121,1338,969,186,0.03915,higher,higher,False,-0.006000000000000002,-0.00011199210115819499,-0.0020257673138070094,-0.003715752443784248,-0.03415279340805222,descriptive_same_state_comparison_no_new_significance_test
measurement_formal,A,C0,1,Q3_postmean_0p5,Q3_raw_noise_0p5,1.1,20000,2195,1419,967,191,0.0388,higher,higher,False,-0.00595,-0.00012413708012653347,-0.0020776706778664715,-0.005517884921998239,-0.034109413341291084,descriptive_same_state_comparison_no_new_significance_test
measurement_formal,A,C0,1,Q3_postmean_0p5,Q3_raw_noise_0p5,1.2,20000,2314,1565,966,217,0.03745,higher,higher,False,-0.006900000000000003,-0.0001378420429679081,-0.001803072353107022,-0.0072975697548631965,-0.03406603327452999,descriptive_same_state_comparison_no_new_significance_test
measurement_formal,A,C0,1,Q2_postUA_0p5,Q3_postUA_0p5,0.8,20000,514,616,78,180,-0.0051,lower,lower,False,-0.002749999999999999,-4.0412180297458473e-05,-0.0004411802747946933,-0.0015569893522555597,-0.012168417109409309,descriptive_same_state_comparison_no_new_significance_test
measurement_formal,A,C0,1,Q2_postUA_0p5,Q3_postUA_0p5,0.9,20000,608,718,82,192,-0.0055,lower,lower,False,-0.003349999999999999,-4.6741651472459846e-05,-0.00036711326902807637,-0.0010919263465588823,-0.012127459596017076,descriptive_same_state_comparison_no_new_significance_test
measurement_formal,A,C0,1,Q2_postUA_0p5,Q3_postUA_0p5,1.0,20000,722,832,92,202,-0.0055,lower,lower,False,-0.0032999999999999974,-5.3965086981382874e-05,-0.0005485041187268652,-0.0012818568671331965,-0.012086502082624836,descriptive_same_state_comparison_no_new_significance_test
measurement_formal,A,C0,1,Q2_postUA_0p5,Q3_postUA_0p5,1.1,20000,860,968,108,216,-0.0054,lower,lower,False,-0.00315,-6.0517840223798256e-05,-0.0006572976231185024,-0.00180843005974482,-0.01204554456923261,descriptive_same_state_comparison_no_new_significance_test
measurement_formal,A,C0,1,Q2_postUA_0p5,Q3_postUA_0p5,1.2,20000,1014,1142,117,245,-0.0064,lower,lower,False,-0.004299999999999998,-6.864226080267042e-05,-0.00044561426263902727,-0.0015681705184175804,-0.012004587055840371,descriptive_same_state_comparison_no_new_significance_test
measurement_formal,A,C0,2,Q2_ideal_delta,Q3_ideal_delta,0.8,20000,236,312,32,108,-0.0038,lower,lower,False,-0.002450000000000001,-5.1947055980894056e-05,-0.002166831524700418,-0.009848968367004014,-0.04623447986178447,descriptive_same_state_comparison_no_new_significance_test
measurement_formal,A,C0,2,Q2_ideal_delta,Q3_ideal_delta,0.9,20000,291,395,29,133,-0.0052,lower,lower,False,-0.003850000000000001,-5.837184599035005e-05,-0.001269671433057942,-0.006577211684000765,-0.04607490824688766,descriptive_same_state_comparison_no_new_significance_test
measurement_formal,A,C0,2,Q2_ideal_delta,Q3_ideal_delta,1.0,20000,361,494,34,167,-0.00665,lower,lower,False,-0.005349999999999997,-6.840222754026334e-05,-0.0008089466268023891,-0.0034141523745053123,-0.04591533663199085,descriptive_same_state_comparison_no_new_significance_test
measurement_formal,A,C0,2,Q2_ideal_delta,Q3_ideal_delta,1.1,20000,459,623,38,202,-0.0082,lower,lower,False,-0.006950000000000001,-8.212658458535673e-05,-0.0006339954990135822,-0.0024939420512184174,-0.045755765017094024,descriptive_same_state_comparison_no_new_significance_test
measurement_formal,A,C0,2,Q2_ideal_delta,Q3_ideal_delta,1.2,20000,566,739,44,217,-0.00865,lower,lower,False,-0.0075,-9.746241530409421e-05,-0.0007856207663412742,-0.0027828696876978955,-0.04559619340219721,descriptive_same_state_comparison_no_new_significance_test
measurement_formal,A,C0,2,Q3_postUA_0p1,Q3_raw_noise_0p1,0.8,20000,321,340,11,30,-0.00095,lower,lower,False,0.0003499999999999996,1.4862961302431355e-06,-0.00018248705055572308,-0.0030539682510185087,0.0,descriptive_same_state_comparison_no_new_significance_test
measurement_formal,A,C0,2,Q3_postUA_0p1,Q3_raw_noise_0p1,0.9,20000,414,424,15,25,-0.0005,lower,lower,False,0.0007500000000000007,2.704027110525325e-06,-0.00027722525931024415,-0.001825663645512253,0.0,descriptive_same_state_comparison_no_new_significance_test
measurement_formal,A,C0,2,Q3_postUA_0p1,Q3_raw_noise_0p1,1.0,20000,514,520,18,24,-0.0003,lower,lower,False,0.0008500000000000001,4.327210540193204e-06,-0.00017622627022213094,-0.0016895359503778656,0.0,descriptive_same_state_comparison_no_new_significance_test
measurement_formal,A,C0,2,Q3_postUA_0p1,Q3_raw_noise_0p1,1.1,20000,635,644,19,28,-0.00045,lower,lower,False,0.0005999999999999998,5.665465143019121e-06,-3.7863843849184065e-06,-0.0003479728767171418,0.0,descriptive_same_state_comparison_no_new_significance_test
measurement_formal,A,C0,2,Q3_postUA_0p1,Q3_raw_noise_0p1,1.2,20000,770,773,27,30,-0.00015,lower,lower,False,0.000899999999999998,6.975451000089806e-06,-5.0859164488093606e-05,-0.0008105937397343138,0.0,descriptive_same_state_comparison_no_new_significance_test
measurement_formal,A,C0,2,Q3_postUA_0p1,Q3_postmean_0p1,0.8,20000,321,344,14,37,-0.00115,lower,lower,False,0.0005000000000000004,3.397317693102221e-06,-0.00016535874946666494,-0.000491387456980262,0.0,descriptive_same_state_comparison_no_new_significance_test
measurement_formal,A,C0,2,Q3_postUA_0p1,Q3_postmean_0p1,0.9,20000,414,427,19,32,-0.00065,lower,lower,False,0.0009499999999999995,4.9709162670856706e-06,-0.00026538464584840993,-0.00028085942098364514,0.0,descriptive_same_state_comparison_no_new_significance_test
measurement_formal,A,C0,2,Q3_postUA_0p1,Q3_postmean_0p1,1.0,20000,514,525,21,32,-0.00055,lower,lower,False,0.0009499999999999995,6.9875210882416135e-06,-0.00010139853622965177,-0.0006332396871988333,0.0,descriptive_same_state_comparison_no_new_significance_test
measurement_formal,A,C0,2,Q3_postUA_0p1,Q3_postmean_0p1,1.1,20000,635,652,19,36,-0.00085,lower,lower,False,0.0005499999999999984,8.407448015066116e-06,0.00010791476233257963,-0.00012078518617067088,0.0,descriptive_same_state_comparison_no_new_significance_test
measurement_formal,A,C0,2,Q3_postUA_0p1,Q3_postmean_0p1,1.2,20000,770,781,27,38,-0.00055,lower,lower,False,0.0008499999999999966,9.589081179367054e-06,3.6791390661336174e-05,-0.0002126232082684497,0.0,descriptive_same_state_comparison_no_new_significance_test
measurement_formal,A,C0,2,Q3_postmean_0p1,Q3_raw_noise_0p1,0.8,20000,344,340,8,4,0.0002,higher,higher,False,-0.00015000000000000083,-1.9110215628590855e-06,-1.7128301089058134e-05,-0.0025625807940382467,0.0,descriptive_same_state_comparison_no_new_significance_test
measurement_formal,A,C0,2,Q3_postmean_0p1,Q3_raw_noise_0p1,0.9,20000,427,424,8,5,0.00015,higher,higher,False,-0.0001999999999999988,-2.2668891565603456e-06,-1.1840613461834223e-05,-0.0015448042245286078,0.0,descriptive_same_state_comparison_no_new_significance_test
measurement_formal,A,C0,2,Q3_postmean_0p1,Q3_raw_noise_0p1,1.0,20000,525,520,10,5,0.00025,higher,higher,False,-9.99999999999994e-05,-2.660310548048409e-06,-7.482773399247918e-05,-0.0010562962631790324,0.0,descriptive_same_state_comparison_no_new_significance_test
measurement_formal,A,C0,2,Q3_postmean_0p1,Q3_raw_noise_0p1,1.1,20000,652,644,10,2,0.0004,higher,higher,False,5.000000000000143e-05,-2.741982872046995e-06,-0.00011170114671749803,-0.00022718769054647092,0.0,descriptive_same_state_comparison_no_new_significance_test
measurement_formal,A,C0,2,Q3_postmean_0p1,Q3_raw_noise_0p1,1.2,20000,781,773,11,3,0.0004,higher,higher,False,5.000000000000143e-05,-2.6136301792772476e-06,-8.765055514942978e-05,-0.0005979705314658641,0.0,descriptive_same_state_comparison_no_new_significance_test
measurement_formal,A,C0,2,Q2_postUA_0p1,Q3_postUA_0p1,0.8,20000,249,321,35,107,-0.0036,lower,lower,False,-0.002150000000000001,-4.416347166988588e-05,-0.001798110301673565,-0.00812388403416963,-0.029370091002823465,descriptive_same_state_comparison_no_new_significance_test
measurement_formal,A,C0,2,Q2_postUA_0p1,Q3_postUA_0p1,0.9,20000,313,414,37,138,-0.00505,lower,lower,False,-0.0036499999999999987,-4.990696805638129e-05,-0.0009128475112323026,-0.007393048032422928,-0.02934339969550081,descriptive_same_state_comparison_no_new_significance_test
measurement_formal,A,C0,2,Q2_postUA_0p1,Q3_postUA_0p1,1.0,20000,397,514,46,163,-0.00585,lower,lower,False,-0.0045499999999999985,-5.8695083406335406e-05,-0.0007678500968866485,-0.004319620387302679,-0.029316708388178153,descriptive_same_state_comparison_no_new_significance_test
measurement_formal,A,C0,2,Q2_postUA_0p1,Q3_postUA_0p1,1.1,20000,493,635,49,191,-0.0071,lower,lower,False,-0.0058499999999999976,-7.028021548398378e-05,-0.0005916101346076386,-0.0018977015466965404,-0.02929001708085549,descriptive_same_state_comparison_no_new_significance_test
measurement_formal,A,C0,2,Q2_postUA_0p1,Q3_postUA_0p1,1.2,20000,614,770,58,214,-0.0078,lower,lower,False,-0.006599999999999998,-8.3774069685549e-05,-0.0006534331745689393,-0.0008195856264657346,-0.029263325773532828,descriptive_same_state_comparison_no_new_significance_test
measurement_formal,A,C0,2,Q3_postUA_0p5,Q3_raw_noise_0p5,0.8,20000,585,1066,130,611,-0.02405,lower,lower,False,0.005499999999999998,4.382459896016774e-05,-0.0008490822151501955,-0.0036170840407694915,0.0,descriptive_same_state_comparison_no_new_significance_test
measurement_formal,A,C0,2,Q3_postUA_0p5,Q3_raw_noise_0p5,0.9,20000,691,1150,148,607,-0.02295,lower,lower,False,0.0063,5.647681615171356e-05,-0.00046290257235359275,-0.00450997565515187,0.0,descriptive_same_state_comparison_no_new_significance_test
measurement_formal,A,C0,2,Q3_postUA_0p5,Q3_raw_noise_0p5,1.0,20000,840,1244,192,596,-0.0202,lower,lower,False,0.008850000000000004,7.242561703116915e-05,-0.0006883591004022294,-0.004308138291525418,0.0,descriptive_same_state_comparison_no_new_significance_test
measurement_formal,A,C0,2,Q3_postUA_0p5,Q3_raw_noise_0p5,1.1,20000,993,1372,220,599,-0.01895,lower,lower,False,0.009600000000000004,9.177314136287878e-05,-0.00024027528446984685,-0.0005970380655599995,0.0,descriptive_same_state_comparison_no_new_significance_test
measurement_formal,A,C0,2,Q3_postUA_0p5,Q3_raw_noise_0p5,1.2,20000,1190,1516,272,598,-0.0163,lower,lower,False,0.011799999999999998,0.00011500545064218134,-0.00018882859041429584,-0.001794813016474956,0.0,descriptive_same_state_comparison_no_new_significance_test
measurement_formal,A,C0,2,Q3_postUA_0p5,Q3_postmean_0p5,0.8,20000,585,1935,185,1535,-0.0675,lower,lower,False,0.009699999999999999,0.00012620694681254852,0.0016827275696819442,0.007381906635974746,0.02267639293320345,descriptive_same_state_comparison_no_new_significance_test
measurement_formal,A,C0,2,Q3_postUA_0p5,Q3_postmean_0p5,0.9,20000,691,2014,205,1528,-0.06615,lower,lower,False,0.01075,0.0001477603698650446,0.0019142742948631206,0.005496816337387786,0.02264090412861343,descriptive_same_state_comparison_no_new_significance_test
measurement_formal,A,C0,2,Q3_postUA_0p5,Q3_postmean_0p5,1.0,20000,840,2100,253,1513,-0.063,lower,lower,False,0.013300000000000003,0.00017282874828092814,0.0015865448262543293,0.0022959190375229747,0.022605415324023395,descriptive_same_state_comparison_no_new_significance_test
measurement_formal,A,C0,2,Q3_postUA_0p5,Q3_postmean_0p5,1.1,20000,993,2210,294,1511,-0.06085,lower,lower,False,0.014700000000000001,0.00020206394547445415,0.001688786707972744,0.00516846310431552,0.022569926519433348,descriptive_same_state_comparison_no_new_significance_test
measurement_formal,A,C0,2,Q3_postUA_0p5,Q3_postmean_0p5,1.2,20000,1190,2337,353,1500,-0.05735,lower,lower,False,0.0172,0.0002355174843167083,0.0015433650387993748,0.0055198044751113215,0.02253443771484334,descriptive_same_state_comparison_no_new_significance_test
measurement_formal,A,C0,2,Q3_postmean_0p5,Q3_raw_noise_0p5,0.8,20000,1935,1066,993,124,0.04345,higher,higher,False,-0.004200000000000001,-8.238234785238078e-05,-0.0025318097848321397,-0.010998990676744237,-0.02267639293320345,descriptive_same_state_comparison_no_new_significance_test
measurement_formal,A,C0,2,Q3_postmean_0p5,Q3_raw_noise_0p5,0.9,20000,2014,1150,993,129,0.0432,higher,higher,False,-0.004449999999999999,-9.128355371333105e-05,-0.0023771768672167133,-0.010006791992539656,-0.02264090412861343,descriptive_same_state_comparison_no_new_significance_test
measurement_formal,A,C0,2,Q3_postmean_0p5,Q3_raw_noise_0p5,1.0,20000,2100,1244,987,131,0.0428,higher,higher,False,-0.004449999999999999,-0.000100403131249759,-0.0022749039266565588,-0.006604057329048393,-0.022605415324023395,descriptive_same_state_comparison_no_new_significance_test
measurement_formal,A,C0,2,Q3_postmean_0p5,Q3_raw_noise_0p5,1.1,20000,2210,1372,987,149,0.0419,higher,higher,False,-0.005099999999999997,-0.00011029080411157537,-0.001929061992442591,-0.005765501169875519,-0.022569926519433348,descriptive_same_state_comparison_no_new_significance_test
measurement_formal,A,C0,2,Q3_postmean_0p5,Q3_raw_noise_0p5,1.2,20000,2337,1516,984,163,0.04105,higher,higher,False,-0.005400000000000002,-0.00012051203367452695,-0.0017321936292136707,-0.007314617491586278,-0.02253443771484334,descriptive_same_state_comparison_no_new_significance_test
measurement_formal,A,C0,2,Q2_postUA_0p5,Q3_postUA_0p5,0.8,20000,502,585,103,186,-0.00415,lower,lower,False,-0.0029,-5.503238629978746e-05,-0.0011899706094164048,-0.006293149498914977,-0.03716840456506011,descriptive_same_state_comparison_no_new_significance_test
measurement_formal,A,C0,2,Q2_postUA_0p5,Q3_postUA_0p5,0.9,20000,586,691,96,201,-0.00525,lower,lower,False,-0.003949999999999999,-6.152838466473524e-05,-0.0008033933263817267,-0.003518637539799526,-0.03708194438169964,descriptive_same_state_comparison_no_new_significance_test
measurement_formal,A,C0,2,Q2_postUA_0p5,Q3_postUA_0p5,1.0,20000,699,840,107,248,-0.00705,lower,lower,False,-0.005750000000000002,-7.216085233876195e-05,-0.0004297420001770705,-4.764675428126086e-05,-0.03699548419833916,descriptive_same_state_comparison_no_new_significance_test
measurement_formal,A,C0,2,Q2_postUA_0p5,Q3_postUA_0p5,1.1,20000,855,993,120,258,-0.0069,lower,lower,False,-0.005549999999999999,-8.435396806539592e-05,-0.0006960155788875242,-0.0015988394992858534,-0.036909024014978656,descriptive_same_state_comparison_no_new_significance_test
measurement_formal,A,C0,2,Q2_postUA_0p5,Q3_postUA_0p5,1.2,20000,1021,1190,120,289,-0.00845,lower,lower,False,-0.007099999999999995,-9.75823604214026e-05,-0.0005067920323749957,-0.0015325813850811977,-0.036822563831618194,descriptive_same_state_comparison_no_new_significance_test
measurement_formal,C,C0,0,Q2_ideal_delta,Q3_ideal_delta,0.8,20000,81,147,10,76,-0.0033,lower,lower,False,-0.0011999999999999997,-2.4926270069389952e-05,-0.0024959307356420806,-0.00725411423132185,-0.011609693471996765,descriptive_same_state_comparison_no_new_significance_test
measurement_formal,C,C0,0,Q2_ideal_delta,Q3_ideal_delta,0.9,20000,101,176,13,88,-0.00375,lower,lower,False,-0.0017000000000000001,-2.782459783222935e-05,-0.001622553711683447,-0.004857303526210215,-0.01165036873799162,descriptive_same_state_comparison_no_new_significance_test
measurement_formal,C,C0,0,Q2_ideal_delta,Q3_ideal_delta,1.0,20000,125,209,15,99,-0.0042,lower,lower,False,-0.002250000000000001,-3.1768149316312385e-05,-0.0011216977571819019,-0.0027583758398042613,-0.011691044003986469,descriptive_same_state_comparison_no_new_significance_test
measurement_formal,C,C0,0,Q2_ideal_delta,Q3_ideal_delta,1.1,20000,162,258,18,114,-0.0048,lower,lower,False,-0.0030999999999999995,-3.732883633655293e-05,-0.0007561713105313991,-0.0021815153966272677,-0.011731719269981317,descriptive_same_state_comparison_no_new_significance_test
measurement_formal,C,C0,0,Q2_ideal_delta,Q3_ideal_delta,1.2,20000,215,323,22,130,-0.0054,lower,lower,False,-0.0037,-4.433543987465524e-05,-0.0008356362792936566,-0.008308124740399447,-0.011772394535976172,descriptive_same_state_comparison_no_new_significance_test
measurement_formal,C,C0,0,Q3_postUA_0p1,Q3_raw_noise_0p1,0.8,20000,156,168,6,18,-0.0006,lower,lower,False,0.0004000000000000002,4.7783772813355275e-06,-0.00018763477958646212,-0.002452637752355276,0.0,descriptive_same_state_comparison_no_new_significance_test
measurement_formal,C,C0,0,Q3_postUA_0p1,Q3_raw_noise_0p1,0.9,20000,186,195,8,17,-0.00045,lower,lower,False,0.0004499999999999999,5.5773782996558605e-06,-2.5366847937824746e-05,-0.0009618243899409476,0.0,descriptive_same_state_comparison_no_new_significance_test
measurement_formal,C,C0,0,Q3_postUA_0p1,Q3_raw_noise_0p1,1.0,20000,224,230,8,14,-0.0003,lower,lower,False,0.0005999999999999998,6.6531439730301315e-06,-5.123160788655587e-05,-0.00026849486238637865,0.0,descriptive_same_state_comparison_no_new_significance_test
measurement_formal,C,C0,0,Q3_postUA_0p1,Q3_raw_noise_0p1,1.1,20000,282,282,16,16,0.0,equal,lower,True,0.0008000000000000004,8.45923080924854e-06,-5.462487695414783e-06,-0.0003157445254130878,0.0,descriptive_same_state_comparison_no_new_significance_test
measurement_formal,C,C0,0,Q3_postUA_0p1,Q3_raw_noise_0p1,1.2,20000,347,344,18,15,0.00015,higher,lower,True,0.0008500000000000001,1.0214927377546156e-05,0.00011021237318012411,-0.0005646655048622065,0.0,descriptive_same_state_comparison_no_new_significance_test
measurement_formal,C,C0,0,Q3_postUA_0p1,Q3_postmean_0p1,0.8,20000,156,176,9,29,-0.001,lower,lower,False,0.00045000000000000075,8.171308673015777e-06,0.00036881549303486097,-0.0025975579843686425,0.0,descriptive_same_state_comparison_no_new_significance_test
measurement_formal,C,C0,0,Q3_postUA_0p1,Q3_postmean_0p1,0.9,20000,186,203,11,28,-0.00085,lower,lower,False,0.0005000000000000004,9.058170068336672e-06,0.0004219091336703524,-0.0010395122901066117,0.0,descriptive_same_state_comparison_no_new_significance_test
measurement_formal,C,C0,0,Q3_postUA_0p1,Q3_postmean_0p1,1.0,20000,224,238,11,25,-0.0007,lower,lower,False,0.0006500000000000013,1.0221796118711518e-05,0.00031379855316424586,-0.0002908694342519183,0.0,descriptive_same_state_comparison_no_new_significance_test
measurement_formal,C,C0,0,Q3_postUA_0p1,Q3_postmean_0p1,1.1,20000,282,290,19,27,-0.0004,lower,lower,False,0.0008500000000000001,1.2072055192334388e-05,0.0002756697137183562,-0.0003796064254441289,0.0,descriptive_same_state_comparison_no_new_significance_test
measurement_formal,C,C0,0,Q3_postUA_0p1,Q3_postmean_0p1,1.2,20000,347,351,22,26,-0.0002,lower,lower,False,0.0009499999999999995,1.4000989476730031e-05,0.00030529800296421813,0.0008015306992672014,0.0,descriptive_same_state_comparison_no_new_significance_test
measurement_formal,C,C0,0,Q3_postmean_0p1,Q3_raw_noise_0p1,0.8,20000,176,168,11,3,0.0004,higher,higher,False,-5.0000000000000565e-05,-3.39293139168025e-06,-0.0005564502726213231,0.00014492023201336662,0.0,descriptive_same_state_comparison_no_new_significance_test
measurement_formal,C,C0,0,Q3_postmean_0p1,Q3_raw_noise_0p1,0.9,20000,203,195,11,3,0.0004,higher,higher,False,-5.0000000000000565e-05,-3.4807917686808116e-06,-0.00044727598160817714,7.768790016566413e-05,0.0,descriptive_same_state_comparison_no_new_significance_test
measurement_formal,C,C0,0,Q3_postmean_0p1,Q3_raw_noise_0p1,1.0,20000,238,230,11,3,0.0004,higher,higher,False,-5.000000000000143e-05,-3.568652145681387e-06,-0.00036503016105080173,2.237457186553965e-05,0.0,descriptive_same_state_comparison_no_new_significance_test
measurement_formal,C,C0,0,Q3_postmean_0p1,Q3_raw_noise_0p1,1.1,20000,290,282,11,3,0.0004,higher,higher,False,-4.99999999999997e-05,-3.612824383085849e-06,-0.000281132201413771,6.386190003104114e-05,0.0,descriptive_same_state_comparison_no_new_significance_test
measurement_formal,C,C0,0,Q3_postmean_0p1,Q3_raw_noise_0p1,1.2,20000,351,344,11,4,0.00035,higher,higher,False,-9.99999999999994e-05,-3.7860620991838755e-06,-0.00019508562978409402,-0.001366196204129408,0.0,descriptive_same_state_comparison_no_new_significance_test
measurement_formal,C,C0,0,Q2_postUA_0p1,Q3_postUA_0p1,0.8,20000,89,156,11,78,-0.00335,lower,lower,False,-0.0015000000000000005,-3.010206810796029e-05,-0.0023316775573445653,-0.00485424811767271,-0.03460177694401763,descriptive_same_state_comparison_no_new_significance_test
measurement_formal,C,C0,0,Q2_postUA_0p1,Q3_postUA_0p1,0.9,20000,107,186,12,91,-0.00395,lower,lower,False,-0.0022000000000000006,-3.3919341724535474e-05,-0.0012539238107630926,0.0009861125634876358,-0.03459266732432093,descriptive_same_state_comparison_no_new_significance_test
measurement_formal,C,C0,0,Q2_postUA_0p1,Q3_postUA_0p1,1.0,20000,133,224,16,107,-0.00455,lower,lower,False,-0.0028000000000000004,-3.910726856221255e-05,-0.0010108802063857128,0.003858227271912068,-0.03458355770462424,descriptive_same_state_comparison_no_new_significance_test
measurement_formal,C,C0,0,Q2_postUA_0p1,Q3_postUA_0p1,1.1,20000,175,282,21,128,-0.00535,lower,lower,False,-0.0036500000000000005,-4.6084220277460593e-05,-0.0008803561810402927,0.002657619575567656,-0.03457444808492756,descriptive_same_state_comparison_no_new_significance_test
measurement_formal,C,C0,0,Q2_postUA_0p1,Q3_postUA_0p1,1.2,20000,221,347,19,145,-0.0063,lower,lower,False,-0.00465,-5.482870344088986e-05,-0.000716096974919405,-0.003796544858874193,-0.03456533846523086,descriptive_same_state_comparison_no_new_significance_test
measurement_formal,C,C0,0,Q3_postUA_0p5,Q3_raw_noise_0p5,0.8,20000,315,822,72,579,-0.02535,lower,lower,False,0.0017000000000000001,1.5140528201080416e-05,-0.0009165803067788785,0.0015025554252326503,0.0,descriptive_same_state_comparison_no_new_significance_test
measurement_formal,C,C0,0,Q3_postUA_0p5,Q3_raw_noise_0p5,0.9,20000,371,860,86,575,-0.02445,lower,lower,False,0.00255,1.939389844813465e-05,-0.0010788040499703187,-0.00013232535858511557,0.0,descriptive_same_state_comparison_no_new_significance_test
measurement_formal,C,C0,0,Q3_postUA_0p5,Q3_raw_noise_0p5,1.0,20000,429,899,107,577,-0.0235,lower,lower,False,0.00345,2.5615672775009115e-05,-0.0011338961756033432,-0.0029458115334289603,0.0,descriptive_same_state_comparison_no_new_significance_test
measurement_formal,C,C0,0,Q3_postUA_0p5,Q3_raw_noise_0p5,1.1,20000,502,959,121,578,-0.02285,lower,lower,False,0.0040999999999999995,3.3700347391484834e-05,-0.0007278316156635409,-0.0018544521081623466,0.0,descriptive_same_state_comparison_no_new_significance_test
measurement_formal,C,C0,0,Q3_postUA_0p5,Q3_raw_noise_0p5,1.2,20000,611,1015,170,574,-0.0202,lower,lower,False,0.00665,4.538781331033667e-05,-0.0012509390320882257,-0.005563931082890765,0.0,descriptive_same_state_comparison_no_new_significance_test
measurement_formal,C,C0,0,Q3_postUA_0p5,Q3_postmean_0p5,0.8,20000,315,1633,94,1412,-0.0659,lower,lower,False,0.00475,6.838630119276273e-05,0.001891744310171738,0.01432446145216141,0.0,descriptive_same_state_comparison_no_new_significance_test
measurement_formal,C,C0,0,Q3_postUA_0p5,Q3_postmean_0p5,0.9,20000,371,1660,116,1405,-0.06445,lower,lower,False,0.00595,7.942196335308639e-05,0.0019336128574614642,0.008138747890725079,0.0,descriptive_same_state_comparison_no_new_significance_test
measurement_formal,C,C0,0,Q3_postUA_0p5,Q3_postmean_0p5,1.0,20000,429,1687,140,1398,-0.0629,lower,lower,False,0.0073,9.317397049431779e-05,0.0016711676415237,0.007312188372301312,0.0,descriptive_same_state_comparison_no_new_significance_test
measurement_formal,C,C0,0,Q3_postUA_0p5,Q3_postmean_0p5,1.1,20000,502,1736,157,1391,-0.0617,lower,lower,False,0.00825,0.00010909964455641197,0.0020366969677070596,0.008763577962800626,0.0,descriptive_same_state_comparison_no_new_significance_test
measurement_formal,C,C0,0,Q3_postUA_0p5,Q3_postmean_0p5,1.2,20000,611,1783,215,1387,-0.0586,lower,lower,False,0.011149999999999998,0.00012963591743263872,0.0013452660399348119,0.005814934497616914,0.0,descriptive_same_state_comparison_no_new_significance_test
measurement_formal,C,C0,0,Q3_postmean_0p5,Q3_raw_noise_0p5,0.8,20000,1633,822,885,74,0.04055,higher,higher,False,-0.0030499999999999998,-5.324577299168231e-05,-0.0028083246169506165,-0.012821906026928759,0.0,descriptive_same_state_comparison_no_new_significance_test
measurement_formal,C,C0,0,Q3_postmean_0p5,Q3_raw_noise_0p5,0.9,20000,1660,860,883,83,0.04,higher,higher,False,-0.0034000000000000002,-6.002806490495173e-05,-0.003012416907431783,-0.008271073249310194,0.0,descriptive_same_state_comparison_no_new_significance_test
measurement_formal,C,C0,0,Q3_postmean_0p5,Q3_raw_noise_0p5,1.0,20000,1687,899,885,97,0.0394,higher,higher,False,-0.00385,-6.755829771930867e-05,-0.002805063817127043,-0.010257999905730272,0.0,descriptive_same_state_comparison_no_new_significance_test
measurement_formal,C,C0,0,Q3_postmean_0p5,Q3_raw_noise_0p5,1.1,20000,1736,959,878,101,0.03885,higher,higher,False,-0.004150000000000001,-7.539929716492713e-05,-0.0027645285833706006,-0.010618030070962972,0.0,descriptive_same_state_comparison_no_new_significance_test
measurement_formal,C,C0,0,Q3_postmean_0p5,Q3_raw_noise_0p5,1.2,20000,1783,1015,878,110,0.0384,higher,higher,False,-0.004499999999999999,-8.424810412230206e-05,-0.0025962050720230376,-0.011378865580507679,0.0,descriptive_same_state_comparison_no_new_significance_test
measurement_formal,C,C0,0,Q2_postUA_0p5,Q3_postUA_0p5,0.8,20000,228,315,39,126,-0.00435,lower,lower,False,-0.0011000000000000003,-3.150500717350778e-05,-0.0022523514154697017,-0.014902062927931899,-0.023087126792208548,descriptive_same_state_comparison_no_new_significance_test
measurement_formal,C,C0,0,Q2_postUA_0p5,Q3_postUA_0p5,0.9,20000,272,371,50,149,-0.00495,lower,lower,False,-0.0017000000000000001,-3.453881875519847e-05,-0.0015016963164072063,-0.011489035360141002,-0.023074778808106836,descriptive_same_state_comparison_no_new_significance_test
measurement_formal,C,C0,0,Q2_postUA_0p5,Q3_postUA_0p5,1.0,20000,322,429,58,165,-0.00535,lower,lower,False,-0.0020499999999999997,-3.8212666686812154e-05,-0.001232401690233741,-0.0100871611728966,-0.023062430824005137,descriptive_same_state_comparison_no_new_significance_test
measurement_formal,C,C0,0,Q2_postUA_0p5,Q3_postUA_0p5,1.1,20000,396,502,73,179,-0.0053,lower,lower,False,-0.0020000000000000018,-4.242882673731162e-05,-0.001284280567604391,-0.009538403383523852,-0.023050082839903438,descriptive_same_state_comparison_no_new_significance_test
measurement_formal,C,C0,0,Q2_postUA_0p5,Q3_postUA_0p5,1.2,20000,469,611,60,202,-0.0071,lower,lower,False,-0.003949999999999999,-4.847288130922607e-05,-0.00043233981078047434,-0.005344280055521657,-0.023037734855801725,descriptive_same_state_comparison_no_new_significance_test
measurement_formal,C,C0,1,Q2_ideal_delta,Q3_ideal_delta,0.8,20000,96,173,13,90,-0.00385,lower,lower,False,-0.0022499999999999994,-3.284168870353402e-05,-0.001772066838477417,-0.006088271170549865,-0.01812683807121157,descriptive_same_state_comparison_no_new_significance_test
measurement_formal,C,C0,1,Q2_ideal_delta,Q3_ideal_delta,0.9,20000,117,201,14,98,-0.0042,lower,lower,False,-0.0026499999999999996,-3.796178344776426e-05,-0.0016490181293371282,-0.004109831301647111,-0.018135574214936986,descriptive_same_state_comparison_no_new_significance_test
measurement_formal,C,C0,1,Q2_ideal_delta,Q3_ideal_delta,1.0,20000,151,240,25,114,-0.00445,lower,lower,False,-0.0029,-4.341705064773428e-05,-0.001763091559180776,-0.00454932941231331,-0.018144310358662402,descriptive_same_state_comparison_no_new_significance_test
measurement_formal,C,C0,1,Q2_ideal_delta,Q3_ideal_delta,1.1,20000,186,301,28,143,-0.00575,lower,lower,False,-0.004200000000000001,-5.1183651222865185e-05,-0.0010255227357032284,-0.0047351985117272954,-0.018153046502387818,descriptive_same_state_comparison_no_new_significance_test
measurement_formal,C,C0,1,Q2_ideal_delta,Q3_ideal_delta,1.2,20000,233,386,40,193,-0.00765,lower,lower,False,-0.006199999999999999,-6.243950249860664e-05,-0.00038978873947288425,-0.003975020130199857,-0.018161782646113234,descriptive_same_state_comparison_no_new_significance_test
measurement_formal,C,C0,1,Q3_postUA_0p1,Q3_raw_noise_0p1,0.8,20000,191,206,3,18,-0.00075,lower,lower,False,0.00019999999999999966,2.2696350992292035e-06,9.376171123596372e-06,-0.00047897464279430396,0.0,descriptive_same_state_comparison_no_new_significance_test
measurement_formal,C,C0,1,Q3_postUA_0p1,Q3_raw_noise_0p1,0.9,20000,227,239,7,19,-0.0006,lower,lower,False,0.00035000000000000135,2.9312322638080023e-06,-9.141563076771504e-05,1.596218478249617e-05,0.0,descriptive_same_state_comparison_no_new_significance_test
measurement_formal,C,C0,1,Q3_postUA_0p1,Q3_raw_noise_0p1,1.0,20000,270,282,8,20,-0.0006,lower,lower,False,0.0003499999999999996,3.6787490135974435e-06,2.0157639357178125e-07,8.35972919458472e-05,0.0,descriptive_same_state_comparison_no_new_significance_test
measurement_formal,C,C0,1,Q3_postUA_0p1,Q3_raw_noise_0p1,1.1,20000,323,338,5,20,-0.00075,lower,lower,False,0.0001499999999999991,4.326486147183706e-06,0.00020115982124356904,0.0012948281575329845,0.0,descriptive_same_state_comparison_no_new_significance_test
measurement_formal,C,C0,1,Q3_postUA_0p1,Q3_raw_noise_0p1,1.2,20000,420,428,13,21,-0.0004,lower,lower,False,0.000449999999999999,5.072905844405109e-06,4.2800827664005864e-05,0.0004706367452923521,0.0,descriptive_same_state_comparison_no_new_significance_test
measurement_formal,C,C0,1,Q3_postUA_0p1,Q3_postmean_0p1,0.8,20000,191,214,4,27,-0.00115,lower,lower,False,0.00014999999999999996,2.6902393861231912e-06,0.00014710493023275574,-0.0004021007882426958,0.0,descriptive_same_state_comparison_no_new_significance_test
measurement_formal,C,C0,1,Q3_postUA_0p1,Q3_postmean_0p1,0.9,20000,227,245,9,27,-0.0009,lower,lower,False,0.00040000000000000105,3.3741433994301055e-06,-0.0001022858395993264,7.653832648529812e-06,0.0,descriptive_same_state_comparison_no_new_significance_test
measurement_formal,C,C0,1,Q3_postUA_0p1,Q3_postmean_0p1,1.0,20000,270,288,10,28,-0.0009,lower,lower,False,0.0003999999999999993,4.223508851244605e-06,2.011197029335235e-06,7.716673102693e-05,0.0,descriptive_same_state_comparison_no_new_significance_test
measurement_formal,C,C0,1,Q3_postUA_0p1,Q3_postmean_0p1,1.1,20000,323,343,7,27,-0.001,lower,lower,False,0.0002499999999999985,5.067922235254022e-06,0.00018075794822816973,0.0011255043727004047,0.0,descriptive_same_state_comparison_no_new_significance_test
measurement_formal,C,C0,1,Q3_postUA_0p1,Q3_postmean_0p1,1.2,20000,420,431,18,29,-0.00055,lower,lower,False,0.0005999999999999998,6.063705961311381e-06,1.91771780494749e-05,0.001070832193914198,0.0,descriptive_same_state_comparison_no_new_significance_test
measurement_formal,C,C0,1,Q3_postmean_0p1,Q3_raw_noise_0p1,0.8,20000,214,206,9,1,0.0004,higher,higher,False,4.99999999999997e-05,-4.206042868939877e-07,-0.00013772875910915937,-7.687385455160817e-05,0.0,descriptive_same_state_comparison_no_new_significance_test
measurement_formal,C,C0,1,Q3_postmean_0p1,Q3_raw_noise_0p1,0.9,20000,245,239,8,2,0.0003,higher,higher,False,-4.99999999999997e-05,-4.429111356221032e-07,1.0870208831611355e-05,8.308352133966357e-06,0.0,descriptive_same_state_comparison_no_new_significance_test
measurement_formal,C,C0,1,Q3_postmean_0p1,Q3_raw_noise_0p1,1.0,20000,288,282,8,2,0.0003,higher,higher,False,-4.99999999999997e-05,-5.447598376471613e-07,-1.8096206357634537e-06,6.430560918917194e-06,0.0,descriptive_same_state_comparison_no_new_significance_test
measurement_formal,C,C0,1,Q3_postmean_0p1,Q3_raw_noise_0p1,1.1,20000,343,338,7,2,0.00025,higher,higher,False,-9.99999999999994e-05,-7.414360880703163e-07,2.0401873015399308e-05,0.00016932378483257987,0.0,descriptive_same_state_comparison_no_new_significance_test
measurement_formal,C,C0,1,Q3_postmean_0p1,Q3_raw_noise_0p1,1.2,20000,431,428,8,5,0.00015,higher,higher,False,-0.00015000000000000083,-9.908001169062718e-07,2.3623649614530964e-05,-0.0006001954486218458,0.0,descriptive_same_state_comparison_no_new_significance_test
measurement_formal,C,C0,1,Q2_postUA_0p1,Q3_postUA_0p1,0.8,20000,115,191,21,97,-0.0038,lower,lower,False,-0.0024000000000000002,-3.524064246340179e-05,-0.001831545602883877,-0.006344583773788586,-0.017339906959251757,descriptive_same_state_comparison_no_new_significance_test
measurement_formal,C,C0,1,Q2_postUA_0p1,Q3_postUA_0p1,0.9,20000,138,227,22,111,-0.00445,lower,lower,False,-0.0031000000000000003,-4.095168693156412e-05,-0.0013349358491602046,-0.0050272712339859416,-0.017352089897552977,descriptive_same_state_comparison_no_new_significance_test
measurement_formal,C,C0,1,Q2_postUA_0p1,Q3_postUA_0p1,1.0,20000,166,270,24,128,-0.0052,lower,lower,False,-0.00385,-4.800914998978216e-05,-0.0010293656525384495,-0.006714378502705887,-0.0173642728358542,descriptive_same_state_comparison_no_new_significance_test
measurement_formal,C,C0,1,Q2_postUA_0p1,Q3_postUA_0p1,1.1,20000,205,323,26,144,-0.0059,lower,lower,False,-0.0045499999999999985,-5.725269409252343e-05,-0.0010617597874665059,-0.00710466279527841,-0.017376455774155412,descriptive_same_state_comparison_no_new_significance_test
measurement_formal,C,C0,1,Q2_postUA_0p1,Q3_postUA_0p1,1.2,20000,256,420,37,201,-0.0082,lower,lower,False,-0.006899999999999998,-6.94315655067973e-05,-0.000311615259649161,-0.006886632115588806,-0.01738863871245664,descriptive_same_state_comparison_no_new_significance_test
measurement_formal,C,C0,1,Q3_postUA_0p5,Q3_raw_noise_0p5,0.8,20000,366,704,76,414,-0.0169,lower,lower,False,0.002400000000000001,1.6095360028370195e-05,-0.0011493519450273514,-0.0019761134082371956,0.0043627024683434434,descriptive_same_state_comparison_no_new_significance_test
measurement_formal,C,C0,1,Q3_postUA_0p5,Q3_raw_noise_0p5,0.9,20000,412,752,81,421,-0.017,lower,lower,False,0.002150000000000001,2.1021363304007647e-05,-0.0002453548891088453,-0.0010802412944269854,0.0043652992442067,descriptive_same_state_comparison_no_new_significance_test
measurement_formal,C,C0,1,Q3_postUA_0p5,Q3_raw_noise_0p5,1.0,20000,478,803,98,423,-0.01625,lower,lower,False,0.0029000000000000015,2.6103618550344033e-05,-0.00037686949029183854,-0.001986138884032658,0.004367896020069942,descriptive_same_state_comparison_no_new_significance_test
measurement_formal,C,C0,1,Q3_postUA_0p5,Q3_raw_noise_0p5,1.1,20000,552,867,114,429,-0.01575,lower,lower,False,0.00315,3.2281470066549e-05,-0.00010135602568873449,-0.00177850067831134,0.004370492795933184,descriptive_same_state_comparison_no_new_significance_test
measurement_formal,C,C0,1,Q3_postUA_0p5,Q3_raw_noise_0p5,1.2,20000,672,970,135,433,-0.0149,lower,lower,False,0.0039000000000000007,3.9719805267602996e-05,-7.818898853172163e-06,-0.0022546184591377624,0.004373089571796454,descriptive_same_state_comparison_no_new_significance_test
measurement_formal,C,C0,1,Q3_postUA_0p5,Q3_postmean_0p5,0.8,20000,366,1213,89,936,-0.04235,lower,lower,False,0.004,5.460518196278681e-05,0.0014264255974284108,0.00418266578585607,0.024684163561975787,descriptive_same_state_comparison_no_new_significance_test
measurement_formal,C,C0,1,Q3_postUA_0p5,Q3_postmean_0p5,0.9,20000,412,1241,105,934,-0.04145,lower,lower,False,0.0048000000000000004,6.372067095332272e-05,0.0011797340003561838,0.001214567459309035,0.024581045465521645,descriptive_same_state_comparison_no_new_significance_test
measurement_formal,C,C0,1,Q3_postUA_0p5,Q3_postmean_0p5,1.0,20000,478,1283,127,932,-0.04025,lower,lower,False,0.005850000000000001,7.426537308445806e-05,0.000980079223009165,0.002335720221928881,0.024477927369067502,descriptive_same_state_comparison_no_new_significance_test
measurement_formal,C,C0,1,Q3_postUA_0p5,Q3_postmean_0p5,1.1,20000,552,1335,151,934,-0.03915,lower,lower,False,0.006450000000000001,8.726193021752656e-05,0.0012279430067102092,0.006332341446486808,0.024374809272613353,descriptive_same_state_comparison_no_new_significance_test
measurement_formal,C,C0,1,Q3_postUA_0p5,Q3_postmean_0p5,1.2,20000,672,1426,182,936,-0.0377,lower,lower,False,0.0075,0.00010195050021376178,0.0013029925406976197,0.006774242536195012,0.024271691176159217,descriptive_same_state_comparison_no_new_significance_test
measurement_formal,C,C0,1,Q3_postmean_0p5,Q3_raw_noise_0p5,0.8,20000,1213,704,584,75,0.02545,higher,higher,False,-0.001599999999999999,-3.850982193441661e-05,-0.002575777542455762,-0.006158779194093265,-0.020321461093632344,descriptive_same_state_comparison_no_new_significance_test
measurement_formal,C,C0,1,Q3_postmean_0p5,Q3_raw_noise_0p5,0.9,20000,1241,752,578,89,0.02445,higher,higher,False,-0.0026499999999999996,-4.269930764931507e-05,-0.0014250888894650291,-0.0022948087537360204,-0.020215746221314945,descriptive_same_state_comparison_no_new_significance_test
measurement_formal,C,C0,1,Q3_postmean_0p5,Q3_raw_noise_0p5,1.0,20000,1283,803,576,96,0.024,higher,higher,False,-0.0029499999999999995,-4.8161754534114024e-05,-0.0013569487133010035,-0.004321859105961539,-0.02011003134899756,descriptive_same_state_comparison_no_new_significance_test
measurement_formal,C,C0,1,Q3_postmean_0p5,Q3_raw_noise_0p5,1.1,20000,1335,867,576,108,0.0234,higher,higher,False,-0.003300000000000001,-5.498046015097756e-05,-0.0013292990323989437,-0.008110842124798148,-0.02000431647668017,descriptive_same_state_comparison_no_new_significance_test
measurement_formal,C,C0,1,Q3_postmean_0p5,Q3_raw_noise_0p5,1.2,20000,1426,970,581,125,0.0228,higher,higher,False,-0.003599999999999999,-6.223069494615878e-05,-0.0013108114395507919,-0.009028860995332774,-0.019898601604362763,descriptive_same_state_comparison_no_new_significance_test
measurement_formal,C,C0,1,Q2_postUA_0p5,Q3_postUA_0p5,0.8,20000,242,366,44,168,-0.0062,lower,lower,False,-0.0031000000000000003,-4.292441373882052e-05,-0.001058518838533206,-0.0035617457922621533,-0.0065285883514849125,descriptive_same_state_comparison_no_new_significance_test
measurement_formal,C,C0,1,Q2_postUA_0p5,Q3_postUA_0p5,0.9,20000,277,412,48,183,-0.00675,lower,lower,False,-0.0036500000000000005,-4.975830243966887e-05,-0.0009241409198022556,-0.0011330876443045035,-0.006505681838760116,descriptive_same_state_comparison_no_new_significance_test
measurement_formal,C,C0,1,Q2_postUA_0p5,Q3_postUA_0p5,1.0,20000,335,478,58,201,-0.00715,lower,lower,False,-0.0040500000000000015,-5.726368024877297e-05,-0.0010356995527692672,-0.003049698715782166,-0.00648277532603532,descriptive_same_state_comparison_no_new_significance_test
measurement_formal,C,C0,1,Q2_postUA_0p5,Q3_postUA_0p5,1.1,20000,410,552,71,213,-0.0071,lower,lower,False,-0.004,-6.604545356275317e-05,-0.0013620549939755335,-0.002988585421965499,-0.006459868813310524,descriptive_same_state_comparison_no_new_significance_test
measurement_formal,C,C0,1,Q2_postUA_0p5,Q3_postUA_0p5,1.2,20000,516,672,79,235,-0.0078,lower,lower,False,-0.004799999999999999,-7.531506446606864e-05,-0.0011873607699923548,-0.0036536686089948672,-0.006436962300585741,descriptive_same_state_comparison_no_new_significance_test
measurement_formal,C,C0,2,Q2_ideal_delta,Q3_ideal_delta,0.8,20000,84,149,15,80,-0.00325,lower,lower,False,-0.0016999999999999993,-3.196068082579264e-05,-0.002728670331507156,-0.02000733710902652,-0.026364768716455135,descriptive_same_state_comparison_no_new_significance_test
measurement_formal,C,C0,2,Q2_ideal_delta,Q3_ideal_delta,0.9,20000,109,175,18,84,-0.0033,lower,lower,False,-0.0017499999999999998,-3.5879817010550596e-05,-0.002838787172774377,-0.012448717475830172,-0.026345412427231374,descriptive_same_state_comparison_no_new_significance_test
measurement_formal,C,C0,2,Q2_ideal_delta,Q3_ideal_delta,1.0,20000,140,221,23,104,-0.00405,lower,lower,False,-0.0024999999999999996,-4.029050120122868e-05,-0.0019329332729701512,-0.010252281503203939,-0.026326056138007613,descriptive_same_state_comparison_no_new_significance_test
measurement_formal,C,C0,2,Q2_ideal_delta,Q3_ideal_delta,1.1,20000,192,287,23,118,-0.00475,lower,lower,False,-0.0032499999999999994,-4.60795591341974e-05,-0.0015236147545082818,-0.007214278974001988,-0.02630669984878385,descriptive_same_state_comparison_no_new_significance_test
measurement_formal,C,C0,2,Q2_ideal_delta,Q3_ideal_delta,1.2,20000,251,347,27,123,-0.0048,lower,lower,False,-0.003299999999999999,-5.2538910543630055e-05,-0.0016353987884644271,-0.006051436966910316,-0.026287343559560077,descriptive_same_state_comparison_no_new_significance_test
measurement_formal,C,C0,2,Q3_postUA_0p1,Q3_raw_noise_0p1,0.8,20000,178,190,10,22,-0.0006,lower,lower,False,0.0006999999999999992,7.871320738636029e-06,-0.00030681515990941925,0.0015463666444385585,0.0,descriptive_same_state_comparison_no_new_significance_test
measurement_formal,C,C0,2,Q3_postUA_0p1,Q3_raw_noise_0p1,0.9,20000,205,214,10,19,-0.00045,lower,lower,False,0.0008000000000000004,9.447674676640408e-06,-0.00018374734464233003,0.0009688182186300895,0.0,descriptive_same_state_comparison_no_new_significance_test
measurement_formal,C,C0,2,Q3_postUA_0p1,Q3_raw_noise_0p1,1.0,20000,244,254,9,19,-0.0005,lower,lower,False,0.000700000000000001,1.1092544287440498e-05,0.00023736275965103963,0.0029551493349673566,0.0,descriptive_same_state_comparison_no_new_significance_test
measurement_formal,C,C0,2,Q3_postUA_0p1,Q3_raw_noise_0p1,1.1,20000,314,319,13,18,-0.00025,lower,lower,False,0.0008999999999999998,1.2772511333757405e-05,0.000218135426247084,0.0010926656578972224,0.0,descriptive_same_state_comparison_no_new_significance_test
measurement_formal,C,C0,2,Q3_postUA_0p1,Q3_raw_noise_0p1,1.2,20000,380,379,20,19,5e-05,higher,lower,True,0.0010000000000000009,1.4787604753732056e-05,0.0002478280059280205,0.0004010705177028631,0.0,descriptive_same_state_comparison_no_new_significance_test
measurement_formal,C,C0,2,Q3_postUA_0p1,Q3_postmean_0p1,0.8,20000,178,195,13,30,-0.00085,lower,lower,False,0.0009499999999999995,1.1338384544938541e-05,-0.00031963455073361763,0.0022450236248190633,0.0,descriptive_same_state_comparison_no_new_significance_test
measurement_formal,C,C0,2,Q3_postUA_0p1,Q3_postmean_0p1,0.9,20000,205,218,15,28,-0.00065,lower,lower,False,0.0011000000000000003,1.3489694741297361e-05,-0.0001913270011400913,0.0014464837255434848,0.0,descriptive_same_state_comparison_no_new_significance_test
measurement_formal,C,C0,2,Q3_postUA_0p1,Q3_postmean_0p1,1.0,20000,244,259,13,28,-0.00075,lower,lower,False,0.0009500000000000012,1.5693398812513938e-05,0.0004020806922677006,0.010645768455723945,0.0,descriptive_same_state_comparison_no_new_significance_test
measurement_formal,C,C0,2,Q3_postUA_0p1,Q3_postmean_0p1,1.1,20000,314,324,16,26,-0.0005,lower,lower,False,0.0011000000000000003,1.7813196672765707e-05,0.00044771763933680077,0.0018081063943345688,0.0,descriptive_same_state_comparison_no_new_significance_test
measurement_formal,C,C0,2,Q3_postUA_0p1,Q3_postmean_0p1,1.2,20000,380,385,22,27,-0.00025,lower,lower,False,0.0011500000000000017,2.019182000082432e-05,0.0004905786676606284,0.001335172610468012,0.0,descriptive_same_state_comparison_no_new_significance_test
measurement_formal,C,C0,2,Q3_postmean_0p1,Q3_raw_noise_0p1,0.8,20000,195,190,9,4,0.00025,higher,higher,False,-0.0002500000000000002,-3.4670638063025123e-06,1.2819390824198376e-05,-0.0006986569803805048,0.0,descriptive_same_state_comparison_no_new_significance_test
measurement_formal,C,C0,2,Q3_postmean_0p1,Q3_raw_noise_0p1,0.9,20000,218,214,9,5,0.0002,higher,higher,False,-0.0002999999999999999,-4.042020064656953e-06,7.579656497761281e-06,-0.0004776655069133953,0.0,descriptive_same_state_comparison_no_new_significance_test
measurement_formal,C,C0,2,Q3_postmean_0p1,Q3_raw_noise_0p1,1.0,20000,259,254,9,4,0.00025,higher,higher,False,-0.0002500000000000002,-4.60085452507344e-06,-0.00016471793261666097,-0.007690619120756588,0.0,descriptive_same_state_comparison_no_new_significance_test
measurement_formal,C,C0,2,Q3_postmean_0p1,Q3_raw_noise_0p1,1.1,20000,324,319,8,3,0.00025,higher,higher,False,-0.00020000000000000052,-5.040685339008301e-06,-0.00022958221308971676,-0.0007154407364373463,0.0,descriptive_same_state_comparison_no_new_significance_test
measurement_formal,C,C0,2,Q3_postmean_0p1,Q3_raw_noise_0p1,1.2,20000,385,379,8,2,0.0003,higher,higher,False,-0.00015000000000000083,-5.404215247092263e-06,-0.00024275066173260786,-0.0009341020927651489,0.0,descriptive_same_state_comparison_no_new_significance_test
measurement_formal,C,C0,2,Q2_postUA_0p1,Q3_postUA_0p1,0.8,20000,97,178,20,101,-0.00405,lower,lower,False,-0.0023999999999999994,-5.1555057927768854e-05,-0.004303217216005831,-0.023466083258588438,-0.026364768716455135,descriptive_same_state_comparison_no_new_significance_test
measurement_formal,C,C0,2,Q2_postUA_0p1,Q3_postUA_0p1,0.9,20000,120,205,18,103,-0.00425,lower,lower,False,-0.0026,-5.706930761295025e-05,-0.004081753827364946,-0.02249835585816048,-0.026345412427231374,descriptive_same_state_comparison_no_new_significance_test
measurement_formal,C,C0,2,Q2_postUA_0p1,Q3_postUA_0p1,1.0,20000,158,244,24,110,-0.0043,lower,lower,False,-0.0026500000000000004,-6.244325830370156e-05,-0.003936686047353666,-0.022808170308218002,-0.026326056138007613,descriptive_same_state_comparison_no_new_significance_test
measurement_formal,C,C0,2,Q2_postUA_0p1,Q3_postUA_0p1,1.1,20000,211,314,23,126,-0.00515,lower,lower,False,-0.0034999999999999996,-6.860448699980566e-05,-0.002948910879962713,-0.013442779106186336,-0.02630669984878385,descriptive_same_state_comparison_no_new_significance_test
measurement_formal,C,C0,2,Q2_postUA_0p1,Q3_postUA_0p1,1.2,20000,272,380,29,137,-0.0054,lower,lower,False,-0.00375,-7.631036822041756e-05,-0.0027139025340361094,-0.010415653328737427,-0.026287343559560077,descriptive_same_state_comparison_no_new_significance_test
measurement_formal,C,C0,2,Q3_postUA_0p5,Q3_raw_noise_0p5,0.8,20000,338,809,56,527,-0.02355,lower,lower,False,0.0016000000000000007,4.026297320848407e-06,-0.002045735122574303,-0.010165552546361048,0.0,descriptive_same_state_comparison_no_new_significance_test
measurement_formal,C,C0,2,Q3_postUA_0p5,Q3_raw_noise_0p5,0.9,20000,393,845,75,527,-0.0226,lower,lower,False,0.002449999999999999,8.369506066971356e-06,-0.002108082842060226,-0.007158160107884032,0.0,descriptive_same_state_comparison_no_new_significance_test
measurement_formal,C,C0,2,Q3_postUA_0p5,Q3_raw_noise_0p5,1.0,20000,468,896,100,528,-0.0214,lower,lower,False,0.003700000000000002,1.514218749084636e-05,-0.0020548041793715718,-0.014330458864839773,0.0,descriptive_same_state_comparison_no_new_significance_test
measurement_formal,C,C0,2,Q3_postUA_0p5,Q3_raw_noise_0p5,1.1,20000,565,957,140,532,-0.0196,lower,lower,False,0.005299999999999999,2.4770953754273904e-05,-0.0018986719175309672,-0.008799374754289116,0.0,descriptive_same_state_comparison_no_new_significance_test
measurement_formal,C,C0,2,Q3_postUA_0p5,Q3_raw_noise_0p5,1.2,20000,658,1024,166,532,-0.0183,lower,lower,False,0.006449999999999997,3.679294141764426e-05,-0.0015779279480550544,-0.0085179499026352,0.0,descriptive_same_state_comparison_no_new_significance_test
measurement_formal,C,C0,2,Q3_postUA_0p5,Q3_postmean_0p5,0.8,20000,338,1453,100,1215,-0.05575,lower,lower,False,0.005350000000000001,8.572173288293662e-05,0.0031764112775392404,0.016554836641740768,0.0323476326753844,descriptive_same_state_comparison_no_new_significance_test
measurement_formal,C,C0,2,Q3_postUA_0p5,Q3_postmean_0p5,0.9,20000,393,1486,117,1210,-0.05465,lower,lower,False,0.006149999999999999,9.779573902570215e-05,0.003371387744679724,0.014842139086637073,0.03226386625959425,descriptive_same_state_comparison_no_new_significance_test
measurement_formal,C,C0,2,Q3_postUA_0p5,Q3_postmean_0p5,1.0,20000,468,1521,149,1202,-0.05265,lower,lower,False,0.008000000000000002,0.0001127318958215793,0.0025925453343018986,0.007261170821004661,0.0321800998438041,descriptive_same_state_comparison_no_new_significance_test
measurement_formal,C,C0,2,Q3_postUA_0p5,Q3_postmean_0p5,1.1,20000,565,1571,190,1196,-0.0503,lower,lower,False,0.009949999999999999,0.00013127398454139297,0.0022612598216310287,0.009087664456266718,0.03209633342801395,descriptive_same_state_comparison_no_new_significance_test
measurement_formal,C,C0,2,Q3_postUA_0p5,Q3_postmean_0p5,1.2,20000,658,1626,224,1192,-0.0484,lower,lower,False,0.011199999999999998,0.00015329513142181737,0.002300032273329528,0.00607930222239746,0.03201256701222378,descriptive_same_state_comparison_no_new_significance_test
measurement_formal,C,C0,2,Q3_postmean_0p5,Q3_raw_noise_0p5,0.8,20000,1453,809,747,103,0.0322,higher,higher,False,-0.00375,-8.169543556208821e-05,-0.005222146400113543,-0.026720389188101816,-0.0323476326753844,descriptive_same_state_comparison_no_new_significance_test
measurement_formal,C,C0,2,Q3_postmean_0p5,Q3_raw_noise_0p5,0.9,20000,1486,845,745,104,0.03205,higher,higher,False,-0.0037,-8.942623295873079e-05,-0.00547947058673995,-0.022000299194521105,-0.03226386625959425,descriptive_same_state_comparison_no_new_significance_test
measurement_formal,C,C0,2,Q3_postmean_0p5,Q3_raw_noise_0p5,1.0,20000,1521,896,742,117,0.03125,higher,higher,False,-0.0043,-9.758970833073294e-05,-0.00464734951367347,-0.021591629685844434,-0.0321800998438041,descriptive_same_state_comparison_no_new_significance_test
measurement_formal,C,C0,2,Q3_postmean_0p5,Q3_raw_noise_0p5,1.1,20000,1571,957,737,123,0.0307,higher,higher,False,-0.00465,-0.00010650303078711908,-0.004159931739161996,-0.017887039210555834,-0.03209633342801395,descriptive_same_state_comparison_no_new_significance_test
measurement_formal,C,C0,2,Q3_postmean_0p5,Q3_raw_noise_0p5,1.2,20000,1626,1024,737,135,0.0301,higher,higher,False,-0.004750000000000001,-0.00011650219000417311,-0.0038779602213845823,-0.01459725212503266,-0.03201256701222378,descriptive_same_state_comparison_no_new_significance_test
measurement_formal,C,C0,2,Q2_postUA_0p5,Q3_postUA_0p5,0.8,20000,241,338,55,152,-0.00485,lower,lower,False,-0.0012499999999999994,-4.425262424237292e-05,-0.003161771415632234,-0.015773619853715268,-0.034253155125600857,descriptive_same_state_comparison_no_new_significance_test
measurement_formal,C,C0,2,Q2_postUA_0p5,Q3_postUA_0p5,0.9,20000,278,393,60,175,-0.00575,lower,lower,False,-0.0020999999999999994,-4.7937742935594486e-05,-0.0020785178489919863,-0.013508133242686654,-0.0341426332757474,descriptive_same_state_comparison_no_new_significance_test
measurement_formal,C,C0,2,Q2_postUA_0p5,Q3_postUA_0p5,1.0,20000,337,468,66,197,-0.00655,lower,lower,False,-0.0030500000000000024,-5.38088448692043e-05,-0.0014246475054168935,-0.006520069805673524,-0.03403211142589396,descriptive_same_state_comparison_no_new_significance_test
measurement_formal,C,C0,2,Q2_postUA_0p5,Q3_postUA_0p5,1.1,20000,399,565,59,225,-0.0083,lower,lower,False,-0.004899999999999998,-6.21634344232161e-05,-0.0006296051023654305,-0.005488500752688481,-0.03392158957604051,descriptive_same_state_comparison_no_new_significance_test
measurement_formal,C,C0,2,Q2_postUA_0p5,Q3_postUA_0p5,1.2,20000,477,658,71,252,-0.00905,lower,lower,False,-0.005649999999999999,-7.309799917493701e-05,-0.0006447380896439803,-0.0017953709133661025,-0.033811067726187055,descriptive_same_state_comparison_no_new_significance_test
