family,case,policy,fMCP_multiplier,n_records,failure_rate_min,failure_rate_max,diagnostic_upper_min,diagnostic_upper_max,NEL_violation_rate_total_min,NEL_violation_rate_total_max,NEL_normalized_mean_defined_min,NEL_normalized_mean_defined_max,NEL_normalized_mean_violations_min,NEL_normalized_mean_violations_max,NEL_normalized_P95_violations_min,NEL_normalized_P95_violations_max,NEL_normalized_max_defined_min,NEL_normalized_max_defined_max,diagnostic_upper_le_1pct_count,diagnostic_upper_le_2pct_count,diagnostic_upper_le_5pct_count,diagnostic_upper_le_10pct_count,diagnostic_upper_le_20pct_count,scope
coverage_formal,A,Q2_safe_delta,0.8,9,0.0116,0.01485,0.015305811389899653,0.018985518831701832,0.01045,0.014,0.0001095135827818952,0.00015294943194819525,0.009397885410875637,0.011329587551718168,0.029600691315056944,0.035274173353554664,0.048117206823933494,0.09502770859309669,0,9,9,9,9,range_across_unpooled_policy_cells
coverage_formal,A,Q2_safe_delta,0.9,9,0.0141,0.01775,0.018141090953281223,0.022228927212882003,0.01285,0.01695,0.00013494978544312082,0.0001844348708385426,0.009277732785416555,0.011177870959911676,0.02816130529282191,0.035225911124020855,0.05016065736751799,0.09691726596237807,0,2,9,9,9,range_across_unpooled_policy_cells
coverage_formal,A,Q2_safe_delta,1.0,9,0.01765,0.02155,0.022117600535166673,0.026436630022705694,0.0165,0.02085,0.00016742005333938805,0.0002235132878813544,0.009470478619362005,0.010983453949943704,0.02866251662598209,0.03352956715968906,0.052204107911102485,0.09880682333165947,0,0,9,9,9,range_across_unpooled_policy_cells
coverage_formal,A,Q2_safe_delta,1.1,9,0.0219,0.02635,0.02682217842832877,0.03169984449745052,0.02095,0.0257,0.00020777565312045078,0.0002723840318856929,0.009619426611368246,0.010766167268209207,0.0279280366372842,0.03453680836580059,0.054247558454686984,0.10069638070094088,0,0,9,9,9,range_across_unpooled_policy_cells
coverage_formal,A,Q2_safe_delta,1.2,9,0.027,0.03175,0.03240893219008975,0.03756886979007158,0.02595,0.0311,0.0002576458528468717,0.00033093617021085793,0.009833811177361516,0.011180276020637092,0.02763755195448284,0.03487423983387552,0.056291008998271476,0.10258593807022225,0,0,9,9,9,range_across_unpooled_policy_cells
coverage_formal,A,Q3_delta,0.8,9,0.01515,0.0194,0.019322589993748352,0.02406115060938744,0.01285,0.0163,0.00012050352793187162,0.00020167275900151503,0.009302034880084593,0.012366994249077567,0.028171567322811574,0.04331505930196466,0.06264965541518468,0.11679797443794722,0,1,9,9,9,range_across_unpooled_policy_cells
coverage_formal,A,Q3_delta,0.9,9,0.01765,0.0229,0.022117600535166673,0.027922096993368905,0.01535,0.0202,0.00015088591513544633,0.00024039527801468865,0.00951628423123968,0.011924291326963817,0.027685551402661875,0.0395922207851352,0.06466343677929816,0.11860014790549209,0,0,9,9,9,range_across_unpooled_policy_cells
coverage_formal,A,Q3_delta,1.0,9,0.0215,0.02735,0.026381526493627353,0.03279042746193045,0.01925,0.0257,0.0001879359121141459,0.000289207560105347,0.009759487508826284,0.011917867803702045,0.028411739629381268,0.03825004318674728,0.06667721814341164,0.12040232137303694,0,0,9,9,9,range_across_unpooled_policy_cells
coverage_formal,A,Q3_delta,1.1,9,0.026,0.033,0.03131769889031496,0.03892101716578201,0.0239,0.03145,0.00023443328247823415,0.00035048090956191127,0.009565356360382317,0.011580261533254806,0.028082707649552768,0.035371144058409805,0.06869099950752511,0.12220449484058181,0,0,9,9,9,range_across_unpooled_policy_cells
coverage_formal,A,Q3_delta,1.2,9,0.0318,0.04095,0.037622998136121924,0.04747501172890207,0.02975,0.03945,0.0002930998276886755,0.0004259116560624181,0.009497479505639693,0.01179874033238038,0.027200771656634412,0.03655084089597475,0.07070478087163859,0.12400666830812668,0,0,9,9,9,range_across_unpooled_policy_cells
coverage_formal,C,Q2_safe_delta,0.8,9,0.00315,0.00545,0.005278218540069432,0.008120650024870562,0.00265,0.0048,2.337728263016341e-05,4.7890648806641846e-05,0.008759453022555992,0.012279653540164578,0.026961759239612016,0.04438349032693503,0.038229235247869614,0.07578062693307973,9,9,9,9,9,range_across_unpooled_policy_cells
coverage_formal,C,Q2_safe_delta,0.9,9,0.00385,0.00665,0.006159705839399877,0.00955723635206106,0.0034,0.00605,2.9791216759840976e-05,5.8509474536187267e-05,0.007650553807891834,0.011448664773652356,0.024989075005639245,0.03584822193054878,0.04022974874230557,0.07769121766957966,9,9,9,9,9,range_across_unpooled_policy_cells
coverage_formal,C,Q2_safe_delta,1.0,9,0.0052,0.00825,0.00781814898361089,0.011441189226729362,0.00475,0.0077,3.8159629838745054e-05,7.305265211695658e-05,0.007887015168839627,0.010823010913676344,0.024780144194321382,0.031192192681788498,0.04223026223674152,0.07960180840607961,7,9,9,9,9,range_across_unpooled_policy_cells
coverage_formal,C,Q2_safe_delta,1.1,9,0.0066,0.0104,0.009497832210090372,0.013931539864579059,0.00615,0.00995,4.9761993390657955e-05,9.171969818224916e-05,0.007991136311049682,0.010497397776698374,0.02409852903934307,0.032234719793316643,0.04423077573117749,0.08151239914257956,1,9,9,9,9,range_across_unpooled_policy_cells
coverage_formal,C,Q2_safe_delta,1.2,9,0.00895,0.01435,0.012256515188649062,0.018422852204902005,0.00855,0.0139,6.516897971104829e-05,0.00011695203040322557,0.0076221028901810855,0.009488853020488115,0.022091617981488003,0.029868823162382027,0.04623128922561344,0.08342298987907949,0,9,9,9,9,range_across_unpooled_policy_cells
coverage_formal,C,Q3_delta,0.8,9,0.0062,0.0107,0.009021263339668982,0.014276040017534564,0.00375,0.00825,3.9300232948332654e-05,9.765306751111852e-05,0.009506779550452392,0.011960140570798312,0.028870243713688914,0.04974715599699555,0.05359719022251857,0.120425217476466,3,9,9,9,9,range_across_unpooled_policy_cells
coverage_formal,C,Q3_delta,0.9,9,0.00735,0.0129,0.010385312213444773,0.016784384037197446,0.00495,0.0105,4.8366709265336774e-05,0.00011769161339743359,0.00926123509959874,0.01138444071932407,0.027742090474573742,0.04416855738288006,0.055596460388930555,0.12223660054147716,0,9,9,9,9,range_across_unpooled_policy_cells
coverage_formal,C,Q3_delta,1.0,9,0.00925,0.0154,0.01260452457380167,0.01960318994013873,0.0069,0.0132,6.08526472131711e-05,0.00014260230956502525,0.008704462294568376,0.01080320527007767,0.024031009329025164,0.03544941665813076,0.057595730555342554,0.12404798360648833,0,9,9,9,9,range_across_unpooled_policy_cells
coverage_formal,C,Q3_delta,1.1,9,0.012,0.0188,0.015761813965201384,0.023395874990213505,0.00955,0.0167,7.896346663486112e-05,0.00017429711130493498,0.008177833010868414,0.010436952772750597,0.02234920757260029,0.036199768425352406,0.059595000721754554,0.1258593666714995,0,7,9,9,9,range_across_unpooled_policy_cells
coverage_formal,C,Q3_delta,1.2,9,0.01475,0.0233,0.01887307481202394,0.028361406180245637,0.0124,0.0212,0.00010267931833587843,0.00021497400354490321,0.008176710019512104,0.010140283186080339,0.02298157465628663,0.03585523877027791,0.06159427088816654,0.12767074973651063,0,3,9,9,9,range_across_unpooled_policy_cells
measurement_formal,A,Q2_ideal_delta,0.8,3,0.0118,0.0141,0.015533935450754396,0.018141090953281223,0.011,0.0127,0.00010220855664313945,0.00012691173276627106,0.009291686967558133,0.010893710967061895,0.029613603262566564,0.03462395076945386,0.05203286269664988,0.08942195871644017,0,3,3,3,3,range_across_unpooled_policy_cells
measurement_formal,A,Q2_ideal_delta,0.9,3,0.01455,0.01655,0.01864805371398566,0.02089070085810899,0.01375,0.0153,0.00012849611349521014,0.00015476573526933683,0.009345171890560737,0.010710431506528497,0.028134677268411103,0.03367027289927655,0.05401711704043485,0.09132163684695563,0,2,3,3,3,range_across_unpooled_policy_cells
measurement_formal,A,Q2_ideal_delta,1.0,3,0.01805,0.0199,0.02256270624425642,0.024614731534043463,0.01725,0.01875,0.00016141672679813955,0.0001898873295764727,0.0093574914085878,0.010404785182272476,0.02917557595877439,0.03271684280303814,0.05600137138421982,0.09322131497747112,0,0,3,3,3,range_across_unpooled_policy_cells
measurement_formal,A,Q2_ideal_delta,1.1,3,0.02295,0.02515,0.027977030751737082,0.030388638165090954,0.02225,0.02405,0.00020342751606190125,0.0002329444245280727,0.009142809710647244,0.010399304666431812,0.028719104426868362,0.033210372793075905,0.057985625728004794,0.09512099310798659,0,0,3,3,3,range_across_unpooled_policy_cells
measurement_formal,A,Q2_ideal_delta,1.2,3,0.0278,0.0309,0.03328059948503944,0.03664812919478093,0.027,0.02985,0.00025685864979240825,0.0002903105340744551,0.009306472818565517,0.010574765957678438,0.028343116405608958,0.031995843945437155,0.05996988007178976,0.09702067123850207,0,0,3,3,3,range_across_unpooled_policy_cells
measurement_formal,A,Q2_postUA_0p1,0.8,3,0.01245,0.01495,0.0162736735417261,0.019097919083351383,0.0113,0.0135,0.00010484232593293736,0.00013472752700488774,0.00927761803687086,0.011043239918433425,0.029589092815327747,0.034208735285371744,0.05203286269664988,0.08942195871644017,0,3,3,3,3,range_across_unpooled_policy_cells
measurement_formal,A,Q2_postUA_0p1,0.9,3,0.01565,0.01775,0.01988353055282621,0.022228927212882003,0.0145,0.01645,0.00013229369100943702,0.00016373756987471557,0.009123246643095623,0.010952345811017764,0.028761526856077777,0.033656731944488184,0.05401711704043485,0.09132163684695563,0,1,3,3,3,range_across_unpooled_policy_cells
measurement_formal,A,Q2_postUA_0p1,1.0,3,0.01985,0.02185,0.024559405930409766,0.02676711882582475,0.0187,0.02055,0.000167668724816206,0.00020166395332151958,0.008965793656682632,0.01069638409878054,0.028823352584446994,0.03266640496403403,0.05600137138421982,0.09322131497747112,0,0,3,3,3,range_across_unpooled_policy_cells
measurement_formal,A,Q2_postUA_0p1,1.1,3,0.02465,0.02665,0.02984145324550608,0.03202721331606061,0.02355,0.0254,0.00021267225833840266,0.0002504366362897568,0.009030217610424022,0.010370640803590297,0.029050944262773624,0.03379763080880108,0.057985625728004794,0.09512099310798659,0,0,3,3,3,range_across_unpooled_policy_cells
measurement_formal,A,Q2_postUA_0p1,1.2,3,0.03035,0.03225,0.03605178072122382,0.038109992272785886,0.0291,0.031,0.0002696139710160481,0.0003107570103061931,0.00909276527209097,0.010329681686302416,0.02879984302866863,0.032851376713327315,0.05996988007178976,0.09702067123850207,0,0,3,3,3,range_across_unpooled_policy_cells
measurement_formal,A,Q2_postUA_0p5,0.8,3,0.0251,0.02605,0.03033394268630195,0.03137230547468212,0.0202,0.0208,0.00019181078163989636,0.0002228270656504318,0.009493209353687445,0.010998853998562427,0.02874987187014766,0.031417032525477236,0.059173598920304854,0.06147597113973161,0,0,3,3,3,range_across_unpooled_policy_cells
measurement_formal,A,Q2_postUA_0p5,0.9,3,0.0293,0.03145,0.03491199283503806,0.037244023674568486,0.0245,0.0263,0.00023982788851864033,0.0002723159683917956,0.009786446185571866,0.01083968852308994,0.028951386233916302,0.03233045702345469,0.061141369927239904,0.06347928841365467,0,0,3,3,3,range_across_unpooled_policy_cells
measurement_formal,A,Q2_postUA_0p5,1.0,3,0.03495,0.03655,0.041026150040498414,0.042749851616592296,0.0302,0.03145,0.00029783903959002065,0.00033324347697693093,0.009859754299010702,0.010644579218154458,0.029421953083811375,0.032491702772800925,0.06310914093417497,0.06548260568757774,0,0,3,3,3,range_across_unpooled_policy_cells
measurement_formal,A,Q2_postUA_0p5,1.1,3,0.04195,0.043,0.04854609617707294,0.04966969545644494,0.037,0.03815,0.0003707113270757689,0.0004061018792427778,0.009714774554233288,0.010972433748081213,0.02904969199502868,0.03215365482625622,0.06507691194111004,0.06748592296150081,0,0,3,3,3,range_across_unpooled_policy_cells
measurement_formal,A,Q2_postUA_0p5,1.2,3,0.0506,0.05105,0.0577737642493797,0.05825217193855867,0.04575,0.0466,0.0004618048376154073,0.0004941920265606866,0.009907497562360586,0.010798770906070346,0.029282219666286163,0.032253699932595484,0.0670446829480451,0.06948924023542387,0,0,0,3,3,range_across_unpooled_policy_cells
measurement_formal,A,Q3_ideal_delta,0.8,3,0.0156,0.01695,0.019827482882486876,0.02133734659364014,0.01345,0.0142,0.00014734912500987828,0.00015584140497954113,0.010373585934674318,0.01145851849225855,0.03073021624872854,0.03946257162957058,0.08179913928548284,0.11131496911060308,0,1,3,3,3,range_across_unpooled_policy_cells
measurement_formal,A,Q3_ideal_delta,0.9,3,0.0197,0.0205,0.0243933861228676,0.025278090601399208,0.0175,0.0176,0.0001808192617613189,0.00018908518970748282,0.010329429484730885,0.010800005792692257,0.031179562789205827,0.03471188895241187,0.08373623895715218,0.11313156959649782,0,0,3,3,3,range_across_unpooled_policy_cells
measurement_formal,A,Q3_ideal_delta,1.0,3,0.0236,0.0248,0.028690650012833746,0.03000566273342157,0.02155,0.0226,0.00022239692900705082,0.0002310710501123337,0.010166438035390189,0.010546441467570007,0.03174562312823312,0.033032225086992106,0.08567333862882154,0.11494817008239255,0,0,3,3,3,range_across_unpooled_policy_cells
measurement_formal,A,Q3_ideal_delta,1.1,3,0.02895,0.03115,0.03453167089298267,0.03691904590220948,0.02655,0.0292,0.0002742587622980373,0.000285554100647258,0.009776805209660826,0.010655909773434795,0.031004431857567138,0.03251159704859864,0.0876104383004909,0.1167647705682873,0,0,3,3,3,range_across_unpooled_policy_cells
measurement_formal,A,Q3_ideal_delta,1.2,3,0.03465,0.03695,0.04070260426616431,0.04318029836698732,0.0319,0.0351,0.00033893684247035283,0.00035432106509650246,0.010092093584906791,0.010815442381949156,0.030074404438107032,0.033428655122705805,0.08954753797216025,0.11858137105418204,0,0,3,3,3,range_across_unpooled_policy_cells
measurement_formal,A,Q3_postUA_0p1,0.8,3,0.01605,0.01785,0.020331551163593715,0.022340220206714577,0.01345,0.01475,0.00014900579760282324,0.00016620083555081704,0.0104102343099079,0.011417597606516781,0.03099486611085195,0.03771297684949738,0.08179913928548284,0.09300910978304952,0,0,3,3,3,range_across_unpooled_policy_cells
measurement_formal,A,Q3_postUA_0p1,0.9,3,0.0206,0.0211,0.025388553819698744,0.02594046744668261,0.0178,0.01815,0.00018220065906581832,0.0002005188573565022,0.010036094154327926,0.01126003504891527,0.03175969328550695,0.036154574888500705,0.08373623895715218,0.0949038522729353,0,0,3,3,3,range_across_unpooled_policy_cells
measurement_formal,A,Q3_postUA_0p1,1.0,3,0.025,0.026,0.030224536490971617,0.03131769889031496,0.0224,0.02325,0.0002263638082225414,0.00024378727096562597,0.00973364375356928,0.010664226113509473,0.03266968098201195,0.03335850279473548,0.08567333862882154,0.09679859476282104,0,0,3,3,3,range_across_unpooled_policy_cells
measurement_formal,A,Q3_postUA_0p1,1.1,3,0.03,0.03175,0.03567204440721303,0.03756886979007158,0.0274,0.0294,0.00028295247382238643,0.00029754256482313133,0.00962182774503166,0.010854331046312442,0.030948645809470165,0.033706122668756604,0.0876104383004909,0.09869333725270678,0,0,3,3,3,range_across_unpooled_policy_cells
measurement_formal,A,Q3_postUA_0p1,1.2,3,0.03615,0.0385,0.042319216460625836,0.04484655313893255,0.03325,0.03625,0.0003506377051588489,0.0003620265485224551,0.00974619844665991,0.01088311688949233,0.029619428655134363,0.033975046921484696,0.08954753797216025,0.10058807974259255,0,0,3,3,3,range_across_unpooled_policy_cells
measurement_formal,A,Q3_postUA_0p5,0.8,3,0.02925,0.0311,0.034857673366571924,0.03686487001164418,0.023,0.0242,0.0002468431679396838,0.0002632392459478903,0.01068317996310385,0.01144003427335712,0.03210562358327236,0.035043021369062635,0.07296130389316248,0.09634200348536497,0,0,3,3,3,range_across_unpooled_policy_cells
measurement_formal,A,Q3_postUA_0p5,0.9,3,0.03455,0.03635,0.040594730311549414,0.04253455777548761,0.02835,0.0296,0.00030135627318337557,0.00031898276323732603,0.010589839511953593,0.011206801792118016,0.03204069170767093,0.03320687273668085,0.07491258977701211,0.09822331430893955,0,0,3,3,3,range_across_unpooled_policy_cells
measurement_formal,A,Q3_postUA_0p5,1.0,3,0.0416,0.042,0.04817132823282934,0.048599624760364384,0.0343,0.03595,0.0003699998919287826,0.0003880310257632849,0.010289496299187772,0.011193083336881323,0.029469599838092636,0.03417088588221991,0.07686387566086174,0.10010462513251413,0,0,3,3,3,range_across_unpooled_policy_cells
measurement_formal,A,Q3_postUA_0p5,1.1,3,0.0478,0.04965,0.05479356328694679,0.05676329825445758,0.04115,0.0437,0.0004550652951411648,0.0004694901266687247,0.010410790133120813,0.011405814814841412,0.030648531494314533,0.03476599693674313,0.07881516154471137,0.1019859359560887,0,0,0,3,3,range_across_unpooled_policy_cells
measurement_formal,A,Q3_postUA_0p5,1.2,3,0.0552,0.0595,0.06265740913421147,0.06720998461855572,0.04875,0.0537,0.0005593871980368099,0.0005654270729127636,0.010414289594735582,0.01159502450853107,0.03081480105136736,0.03410390697367312,0.080766447428561,0.10386724677966329,0,0,0,3,3,range_across_unpooled_policy_cells
measurement_formal,A,Q3_postmean_0p1,0.8,3,0.0172,0.01845,0.02161620603988674,0.023007286019989442,0.01295,0.0139,0.00014485613721862187,0.0001590343015511563,0.010418178444421314,0.011603119424486007,0.030961661456444776,0.03820436430647764,0.08179913928548284,0.09300910978304952,0,0,3,3,3,range_across_unpooled_policy_cells
measurement_formal,A,Q3_postmean_0p1,0.9,3,0.02135,0.0216,0.026216177656695996,0.026491727212867428,0.01695,0.0172,0.00017722974279873264,0.0001917855273715151,0.010301478800176336,0.011177797311031946,0.03211923239331264,0.03643543430948435,0.08373623895715218,0.0949038522729353,0,0,3,3,3,range_across_unpooled_policy_cells
measurement_formal,A,Q3_postmean_0p1,1.0,3,0.02605,0.02625,0.03137230547468212,0.03159068387432534,0.0217,0.0223,0.00021866864793996745,0.0002332051646094804,0.009835042289798932,0.010668202392924766,0.03251753146610989,0.03377621265894851,0.08567333862882154,0.09679859476282104,0,0,3,3,3,range_across_unpooled_policy_cells
measurement_formal,A,Q3_postmean_0p1,1.1,3,0.03045,0.0326,0.036160242016967006,0.03848856770107823,0.02625,0.02885,0.0002702594767376315,0.000285032972566023,0.009513912982699081,0.010853512675366408,0.031069430995640836,0.033525515479243984,0.0876104383004909,0.09869333725270678,0,0,3,3,3,range_across_unpooled_policy_cells
measurement_formal,A,Q3_postmean_0p1,1.2,3,0.03565,0.03905,0.04178065297732117,0.0454371657233451,0.0317,0.0354,0.0003346732401061981,0.00034678387757666366,0.009709407055998574,0.010934631698162592,0.029832051863402813,0.03350349272154385,0.08954753797216025,0.10058807974259255,0,0,3,3,3,range_across_unpooled_policy_cells
measurement_formal,A,Q3_postmean_0p5,0.8,3,0.09675,0.0993,0.10627795348614548,0.10893383311187478,0.01315,0.01435,0.0001206362211271353,0.00013083586987542846,0.009000452393421905,0.009698427862941002,0.02766111473308789,0.028795455746829172,0.054737511024597334,0.07366561055216152,0,0,0,0,3,range_across_unpooled_policy_cells
measurement_formal,A,Q3_postmean_0p5,0.9,3,0.1005,0.1027,0.11018299887747603,0.11247206782614234,0.0171,0.0177,0.00015359590331833097,0.00016433078419504415,0.008675565217090472,0.009607104383613197,0.026973207436328042,0.029324795379057446,0.056754422005136,0.07558241018032612,0,0,0,0,3,range_across_unpooled_policy_cells
measurement_formal,A,Q3_postmean_0p5,1.0,3,0.10405,0.10605,0.11387605333616373,0.11595511658670868,0.02125,0.02265,0.00019717114364785446,0.00020531331762066506,0.008702951472933443,0.009658904641194298,0.02717368080056966,0.029670902230080266,0.05877133298567467,0.07749920980849073,0,0,0,0,3,range_across_unpooled_policy_cells
measurement_formal,A,Q3_postmean_0p5,1.1,3,0.1079,0.1105,0.11787729806344678,0.12057723617847334,0.02575,0.029,0.0002521457125218521,0.00025540432894836316,0.008722003425148069,0.009915639132026354,0.025480068389999014,0.029378260764177752,0.060788243966213344,0.07941600943665535,0,0,0,0,3,range_across_unpooled_policy_cells
measurement_formal,A,Q3_postmean_0p5,1.2,3,0.114,0.11685,0.12420907582636884,0.1271642267190134,0.0328,0.0365,0.0003148727247859905,0.0003238697137201016,0.008870924555936207,0.009687757485367193,0.02529499657625604,0.02931484501170023,0.06280515494675201,0.08133280906481995,0,0,0,0,3,range_across_unpooled_policy_cells
measurement_formal,A,Q3_raw_noise_0p1,0.8,3,0.017,0.0181,0.02139313634882841,0.022618307128387607,0.0131,0.01425,0.0001475195014725801,0.000159820578676773,0.010539179602101666,0.011534199235838876,0.03092845680203762,0.040766945100515886,0.08179913928548284,0.09300910978304952,0,0,3,3,3,range_across_unpooled_policy_cells
measurement_formal,A,Q3_raw_noise_0p1,0.9,3,0.02105,0.02135,0.025885305882094718,0.026216177656695996,0.0171,0.0174,0.000179496631955293,0.00019264322689683077,0.01031331941363817,0.011260616224837846,0.032146889247759235,0.03798023853401296,0.08373623895715218,0.0949038522729353,0,0,3,3,3,range_across_unpooled_policy_cells
measurement_formal,A,Q3_raw_noise_0p1,1.0,3,0.02565,0.0261,0.03093531706081192,0.03142690725190224,0.022,0.0224,0.0002220365976823482,0.0002341010670918096,0.009909870023791411,0.010636169164164468,0.0324969732034372,0.03483250892212754,0.08567333862882154,0.09679859476282104,0,0,3,3,3,range_across_unpooled_policy_cells
measurement_formal,A,Q3_raw_noise_0p1,1.1,3,0.03045,0.0322,0.036160242016967006,0.03805589602554824,0.02645,0.0288,0.0002772870086793673,0.00028630575657905753,0.00962561412941658,0.01081954325098665,0.03129661868618731,0.03348342145085611,0.0876104383004909,0.09869333725270678,0,0,3,3,3,range_across_unpooled_policy_cells
measurement_formal,A,Q3_raw_noise_0p1,1.2,3,0.03565,0.03865,0.04178065297732117,0.04500766179569944,0.0319,0.03535,0.0003427150390485668,0.00034842819400420806,0.009797057611148003,0.010917598787363827,0.030430022394868677,0.03378952716846441,0.08954753797216025,0.10058807974259255,0,0,3,3,3,range_across_unpooled_policy_cells
measurement_formal,A,Q3_raw_noise_0p5,0.8,3,0.0533,0.0586,0.06064202761815826,0.06625805903891899,0.0176,0.01885,0.00020301856897951608,0.00021745604758884526,0.011178228943332086,0.011812945237360343,0.031376155346374474,0.03866010540983213,0.0714442702615757,0.09634200348536497,0,0,0,3,3,range_across_unpooled_policy_cells
measurement_formal,A,Q3_raw_noise_0p5,0.9,3,0.0575,0.06225,0.06509393193934883,0.07011573398098347,0.02215,0.02235,0.000244879457031662,0.00026073850867712684,0.011052742084307185,0.011766193063125154,0.03257138249316709,0.0369799994288677,0.07340250154707859,0.09822331430893955,0,0,0,3,3,range_across_unpooled_policy_cells
measurement_formal,A,Q3_raw_noise_0p5,1.0,3,0.0622,0.0669,0.07006294026793299,0.07501971133758997,0.027,0.0274,0.00029757427489761346,0.00031336998099201015,0.010977855399590002,0.011431714032867288,0.033386654673864515,0.035664997098121806,0.07536073283258149,0.10010462513251413,0,0,0,3,3,range_across_unpooled_policy_cells
measurement_formal,A,Q3_raw_noise_0p5,1.1,3,0.0686,0.07095,0.07680980837802921,0.0792820675699104,0.0318,0.0341,0.00036329215377828603,0.0003762827926483856,0.01065106541759066,0.011827467465147604,0.031245569559874533,0.03638455041781597,0.07731896411808438,0.1019859359560887,0,0,0,3,3,range_across_unpooled_policy_cells
measurement_formal,A,Q3_raw_noise_0p5,1.2,3,0.0758,0.07825,0.08437647215417377,0.08694611722286688,0.0389,0.0419,0.00044438174739462854,0.0004527147677538986,0.010603118185149878,0.011468628215822676,0.03260961406784232,0.03578424999380337,0.07927719540358728,0.10386724677966329,0,0,0,3,3,range_across_unpooled_policy_cells
measurement_formal,C,Q2_ideal_delta,0.8,3,0.00405,0.0048,0.006408477765123463,0.007331437213544061,0.00345,0.0041,3.819574074777634e-05,3.934007268654666e-05,0.009595139679645526,0.011071229202254014,0.027193239206789767,0.036598245169764475,0.041100106996205435,0.044798988741349126,3,3,3,3,3,range_across_unpooled_policy_cells
measurement_formal,C,Q2_ideal_delta,0.9,3,0.00505,0.00585,0.007636038027098068,0.008602191933223856,0.00445,0.0052,4.660708829243157e-05,4.908994486371044e-05,0.009209564764716483,0.010473502987063276,0.027292315404530157,0.03609787892811987,0.04306688450211631,0.04674356571360361,3,3,3,3,3,range_across_unpooled_policy_cells
measurement_formal,C,Q2_ideal_delta,1.0,3,0.00625,0.00755,0.009080968336546159,0.010620755851950688,0.00565,0.0069,5.739821323276859e-05,6.219220628881466e-05,0.008948236794571589,0.010158975793410373,0.026394966497582446,0.03582925404081346,0.04503366200802718,0.04868814268585809,2,3,3,3,3,range_across_unpooled_policy_cells
measurement_formal,C,Q2_ideal_delta,1.1,3,0.0081,0.0096,0.011265834068727922,0.013009538332143121,0.00755,0.00935,7.115496474368887e-05,7.861984500260807e-05,0.008256216355252529,0.009424498641548195,0.026667809200840283,0.03575851355130984,0.04700043951393805,0.05063271965811257,0,3,3,3,3,range_across_unpooled_policy_cells
measurement_formal,C,Q2_ideal_delta,1.2,3,0.01075,0.01255,0.014333393950137902,0.01638726192420271,0.01025,0.0123,9.032258961849913e-05,0.00010050766394231048,0.008171354792057764,0.008983251178342859,0.026124960430601613,0.028839593444234705,0.04896721701984892,0.05257729663036705,0,3,3,3,3,range_across_unpooled_policy_cells
measurement_formal,C,Q2_postUA_0p1,0.8,3,0.00445,0.00575,0.00690254345915088,0.008482076721334386,0.00375,0.0048,4.057215586986544e-05,4.4564833032246796e-05,0.00918676167761182,0.011882767079718285,0.026800987384178587,0.04041401810583688,0.04188703810816525,0.05003962768807825,3,3,3,3,3,range_across_unpooled_policy_cells
measurement_formal,C,Q2_postUA_0p1,0.9,3,0.00535,0.0069,0.007999797958492205,0.009853728899235666,0.00465,0.00595,5.064254200884349e-05,5.540928872381378e-05,0.009311088626975663,0.011494206341221622,0.027812585781457524,0.04059103112704842,0.043850368819500316,0.05197025130625515,3,3,3,3,3,range_across_unpooled_policy_cells
measurement_formal,C,Q2_postUA_0p1,1.0,3,0.00665,0.0083,0.00955723635206106,0.011499588629983891,0.006,0.00735,6.400788264179986e-05,6.964082062181273e-05,0.008766887871151178,0.01077175967447214,0.027664001407415355,0.04158485046045398,0.04581369953083538,0.05390087492443204,1,3,3,3,3,range_across_unpooled_policy_cells
measurement_formal,C,Q2_postUA_0p1,1.1,3,0.00875,0.01055,0.012024050141689929,0.014103871381325093,0.00815,0.01005,7.95762105145317e-05,8.73187642066189e-05,0.008171077105813123,0.00976297581515095,0.026877429466424605,0.039834870697874475,0.047777030242170455,0.05583149854260894,0,3,3,3,3,range_across_unpooled_policy_cells
measurement_formal,C,Q2_postUA_0p1,1.2,3,0.01105,0.0136,0.014677152031913413,0.017576674894063646,0.01055,0.0131,9.954087807338653e-05,0.00011007289896015348,0.008139713283835292,0.009434210804320301,0.02633139011476318,0.03264385243744589,0.049740360953505515,0.057762122160785835,0,3,3,3,3,range_across_unpooled_policy_cells
measurement_formal,C,Q2_postUA_0p5,0.8,3,0.0114,0.0121,0.015077435522703997,0.015875663027908694,0.00775,0.00875,8.145058217754326e-05,8.835580557670608e-05,0.009948428778724658,0.010503972175141367,0.030700253521757686,0.032818841047932965,0.06155427783988733,0.0824887919614125,0,3,3,3,3,range_across_unpooled_policy_cells
measurement_formal,C,Q2_postUA_0p5,0.9,3,0.0136,0.0139,0.017576674894063646,0.01791546976022336,0.01,0.01065,9.976060658608607e-05,0.00010866060951007854,0.009970573825246371,0.01019879298274878,0.02815197193757936,0.03237522290981078,0.06348813982246924,0.08437812063669815,0,3,3,3,3,range_across_unpooled_policy_cells
measurement_formal,C,Q2_postUA_0p5,1.0,3,0.0161,0.01685,0.02038750933698604,0.02122574001333948,0.01255,0.0136,0.00012372279987464245,0.0001341226290445648,0.009786143797431089,0.009858013234775516,0.027207268129742754,0.0316910919865555,0.06542200180505114,0.08626744931198381,0,0,3,3,3,range_across_unpooled_policy_cells
measurement_formal,C,Q2_postUA_0p5,1.1,3,0.0198,0.0205,0.024504073178322754,0.025278090601399208,0.0163,0.01675,0.0001541455054658892,0.00016588321272778317,0.009439098564083927,0.009899513996578629,0.025957300542943214,0.032502091808609634,0.06735586378763306,0.08815677798726948,0,0,3,3,3,range_across_unpooled_policy_cells
measurement_formal,C,Q2_postUA_0p5,1.2,3,0.02345,0.0258,0.028526053310853734,0.031099224211205312,0.02,0.0221,0.00019297541625774514,0.00020554313126704984,0.009030194526559964,0.009925648020026233,0.026950729769112107,0.031697863479055,0.06928972577021497,0.09004610666255512,0,0,3,3,3,range_across_unpooled_policy_cells
measurement_formal,C,Q3_ideal_delta,0.8,3,0.00735,0.00865,0.010385312213444773,0.011907675357850072,0.00465,0.00635,6.312201081716629e-05,7.218176139008068e-05,0.011367206518122943,0.013567159937896095,0.03328151037733963,0.04735500993517768,0.05574338671020494,0.07116375745780426,0,3,3,3,3,range_across_unpooled_policy_cells
measurement_formal,C,Q3_ideal_delta,0.9,3,0.00875,0.01005,0.012024050141689929,0.013528779820565552,0.00615,0.00785,7.443168612466092e-05,8.70517283114747e-05,0.011089392141589136,0.012096056698746723,0.03322577986695196,0.04095518245433009,0.05774422213991786,0.07308897814083498,0,3,3,3,3,range_across_unpooled_policy_cells
measurement_formal,C,Q3_ideal_delta,1.0,3,0.01045,0.012,0.01398900201318671,0.015761813965201384,0.0079,0.0098,8.916636254908097e-05,0.00010560925693654894,0.01077645478944377,0.011280673550592275,0.034491960056649854,0.03858762988061772,0.05974505756963078,0.0750141988238657,0,3,3,3,3,range_across_unpooled_policy_cells
measurement_formal,C,Q3_ideal_delta,1.1,3,0.0129,0.01505,0.016784384037197446,0.01921027599653532,0.01065,0.0129,0.0001084838010802418,0.00012980349622547326,0.00977983110976081,0.010180669952079594,0.03388208817484227,0.037940028947937104,0.061745892999343695,0.07693941950689642,0,3,3,3,3,range_across_unpooled_policy_cells
measurement_formal,C,Q3_ideal_delta,1.2,3,0.01615,0.0193,0.020443457793358072,0.02395034659256156,0.01395,0.0173,0.00013465802949315438,0.00016215359057821237,0.009373039917815743,0.00980675358052219,0.03217639739751193,0.037084436019924824,0.06374672842905661,0.07886464018992713,0,0,3,3,3,range_across_unpooled_policy_cells
measurement_formal,C,Q3_postUA_0p1,0.8,3,0.0078,0.00955,0.010914395682897537,0.012951742919708782,0.00525,0.0072,7.466690114020708e-05,9.21272137976343e-05,0.011018307280495698,0.01421444463706285,0.03314557115796717,0.051002720615390726,0.059226945067417006,0.08464140463209588,0,3,3,3,3,range_across_unpooled_policy_cells
measurement_formal,C,Q3_postUA_0p1,0.9,3,0.0093,0.01135,0.012662448213531654,0.01502030145178797,0.00685,0.00905,8.737274655169873e-05,0.00010771184962179374,0.010646024476135867,0.013458595610243124,0.032839857015443466,0.051339455943851475,0.06120245871705329,0.08656291863057608,0,3,3,3,3,range_across_unpooled_policy_cells
measurement_formal,C,Q3_postUA_0p1,1.0,3,0.0112,0.0135,0.014848801315872013,0.017463644363585943,0.0088,0.0112,0.0001037442903112203,0.00012645114094550142,0.010502885992500282,0.012703573918504844,0.03437837991012124,0.05185855579463389,0.06317797236668958,0.08848443262905628,0,3,3,3,3,range_across_unpooled_policy_cells
measurement_formal,C,Q3_postUA_0p1,1.1,3,0.0141,0.01615,0.018141090953281223,0.020443457793358072,0.0118,0.0139,0.0001256604307919923,0.00015073613165992656,0.010399264214417087,0.011119987985775836,0.035225217466235255,0.04032020857261094,0.06515348601632587,0.0904059466275365,0,2,3,3,3,range_across_unpooled_policy_cells
measurement_formal,C,Q3_postUA_0p1,1.2,3,0.01735,0.021,0.021783415576568495,0.02583013775728043,0.0152,0.01885,0.0001543695815142764,0.00018295660917480304,0.009521354843357066,0.010853615817871401,0.03321802223035199,0.03715002017654258,0.06712899966596216,0.0923274606260167,0,0,3,3,3,range_across_unpooled_policy_cells
measurement_formal,C,Q3_postUA_0p5,0.8,3,0.01575,0.0183,0.01999559555062474,0.022840629161510285,0.00885,0.0114,0.00011295558935105104,0.000132608429819079,0.011006947617257864,0.013255538644715136,0.03426199931401984,0.047824472865618264,0.07110239197448338,0.11674194708701335,0,1,3,3,3,range_across_unpooled_policy_cells
measurement_formal,C,Q3_postUA_0p5,0.9,3,0.01855,0.0206,0.023118350755463216,0.025388553819698744,0.0117,0.0137,0.00013429942534128454,0.00015659835244567302,0.011082406267035702,0.012277310831740766,0.032872073252979146,0.04588335615249743,0.07303647806893211,0.11852075391244556,0,0,3,3,3,range_across_unpooled_policy_cells
measurement_formal,C,Q3_postUA_0p5,1.0,3,0.02145,0.0239,0.02632641660407526,0.029019693991277243,0.0146,0.017,0.0001619354665614546,0.0001879314739137691,0.010821843350200356,0.011282660740192409,0.03297428058729477,0.038211161792229026,0.07497056416338084,0.12029956073787777,0,0,3,3,3,range_across_unpooled_policy_cells
measurement_formal,C,Q3_postUA_0p5,1.1,3,0.0251,0.02825,0.03033394268630195,0.033770417228365934,0.0183,0.02165,0.00019657433220320083,0.00022804664715099927,0.01052911909894406,0.01080115355805946,0.033257601402579495,0.037990592561298116,0.07690465025782957,0.12207836756330999,0,0,3,3,3,range_across_unpooled_policy_cells
measurement_formal,C,Q3_postUA_0p5,1.2,3,0.03055,0.0336,0.036268687983690914,0.03956928318025102,0.02395,0.0269,0.0002414482975669712,0.00027864113044198685,0.010075803799720642,0.010570386109670213,0.03224424877294051,0.0334932343924211,0.0788387363522783,0.12385717438874218,0,0,3,3,3,range_across_unpooled_policy_cells
measurement_formal,C,Q3_postmean_0p1,0.8,3,0.0088,0.0107,0.01208220167045089,0.014276040017534564,0.0048,0.00705,6.649559246719131e-05,8.078882925269575e-05,0.010871202350262942,0.014167809424735908,0.03354767194620987,0.04875769699057166,0.059226945067417006,0.08464140463209588,0,3,3,3,3,range_across_unpooled_policy_cells
measurement_formal,C,Q3_postmean_0p1,0.9,3,0.01015,0.01225,0.013643949222896934,0.016046325929483667,0.00635,0.00865,7.831457648336206e-05,9.422215488049637e-05,0.010748310315735194,0.013649922611383215,0.032832203182794936,0.04989297221830799,0.06120245871705329,0.08656291863057608,0,3,3,3,3,range_across_unpooled_policy_cells
measurement_formal,C,Q3_postmean_0p1,1.0,3,0.0119,0.0144,0.015647905020271895,0.018479169696344565,0.00815,0.0108,9.352249419250878e-05,0.00011342646176035029,0.010500874795470946,0.012301493226237144,0.03430121317909431,0.04121278733890994,0.06317797236668958,0.08848443262905628,0,3,3,3,3,range_across_unpooled_policy_cells
measurement_formal,C,Q3_postmean_0p1,1.1,3,0.0145,0.01715,0.018591770392949132,0.021560451939985608,0.01095,0.01365,0.0001135883755996579,0.00013950353606388832,0.010218506266188917,0.010672270346439035,0.03409971309353485,0.03851210217827637,0.06515348601632587,0.0904059466275365,0,1,3,3,3,range_across_unpooled_policy_cells
measurement_formal,C,Q3_postmean_0p1,1.2,3,0.01755,0.02155,0.022006239893344305,0.026436630022705694,0.01425,0.01825,0.00014036859203754636,0.0001734407585056394,0.00950217766530759,0.010363037150210773,0.03214719003643779,0.035814847566074566,0.06712899966596216,0.0923274606260167,0,0,3,3,3,range_across_unpooled_policy_cells
measurement_formal,C,Q3_postmean_0p5,0.8,3,0.06065,0.08165,0.0684256415380436,0.09050817400226142,0.0041,0.0074,4.4569288158288314e-05,7.092423263979388e-05,0.009580522019829453,0.01086457928043933,0.03007933352816377,0.033396442523703454,0.046418228412507596,0.08464140463209588,0,0,0,3,3,range_across_unpooled_policy_cells
measurement_formal,C,Q3_postmean_0p5,0.9,3,0.06205,0.083,0.06990455082665452,0.09192128846664141,0.00575,0.0089,5.487746198819816e-05,8.816905079376523e-05,0.008905923087061042,0.009902672266679518,0.031041217065860358,0.03165750579367011,0.04845543260341047,0.08656291863057608,0,0,0,3,3,range_across_unpooled_policy_cells
measurement_formal,C,Q3_postmean_0p5,1.0,3,0.06415,0.08435,0.07212088559974705,0.09333372628054919,0.0073,0.01115,6.876149606713682e-05,0.00010977958185092216,0.00869011540589051,0.009841764127191191,0.029982240930338043,0.030949990971224365,0.05049263679431334,0.08848443262905628,0,0,0,3,3,range_across_unpooled_policy_cells
measurement_formal,C,Q3_postmean_0p5,1.1,3,0.06675,0.0868,0.07486169300758665,0.0958953584403679,0.01005,0.0143,8.747468764678886e-05,0.00013695169156091865,0.00826785927731303,0.009573210551349251,0.02673212596366644,0.028902928105031398,0.052529840985216215,0.0904059466275365,0,0,0,3,3,range_across_unpooled_policy_cells
measurement_formal,C,Q3_postmean_0p5,1.2,3,0.0713,0.08915,0.07965005590415573,0.09835046251944561,0.0128,0.0194,0.00011181238013433248,0.00017301172215244213,0.008270353836340685,0.0089145627558547,0.0254700062367455,0.02741393217002364,0.05456704517611908,0.0923274606260167,0,0,0,3,3,range_across_unpooled_policy_cells
measurement_formal,C,Q3_raw_noise_0p1,0.8,3,0.0084,0.0103,0.011616310350996872,0.013816559987536512,0.00485,0.007,6.988852385887156e-05,8.425589305899827e-05,0.011008931109372101,0.014402079416649312,0.03362454580076148,0.04945635397095217,0.059226945067417006,0.08464140463209588,0,3,3,3,3,range_across_unpooled_policy_cells
measurement_formal,C,Q3_raw_noise_0p1,0.9,3,0.00975,0.01195,0.013182800423161223,0.01570486702405138,0.0064,0.0087,8.179536825204287e-05,9.826417494515333e-05,0.010737440106903582,0.013642342954885454,0.03282389483066097,0.050370637725221386,0.06120245871705329,0.08656291863057608,0,3,3,3,3,range_across_unpooled_policy_cells
measurement_formal,C,Q3_raw_noise_0p1,1.0,3,0.0115,0.0141,0.015191655333825323,0.018141090953281223,0.0082,0.01085,9.709114633819016e-05,0.00011535859665806092,0.01050268441610671,0.012466211158853805,0.034294782618175396,0.04890340645966653,0.06317797236668958,0.08848443262905628,0,3,3,3,3,range_across_unpooled_policy_cells
measurement_formal,C,Q3_raw_noise_0p1,1.1,3,0.0141,0.0169,0.018141090953281223,0.021281547828191163,0.011,0.01375,0.00011720119998274375,0.00014024497215195863,0.010198104393173518,0.010901852559528752,0.03393038930870227,0.03922754291471372,0.06515348601632587,0.0904059466275365,0,1,3,3,3,range_across_unpooled_policy_cells
measurement_formal,C,Q3_raw_noise_0p1,1.2,3,0.0172,0.0214,0.02161620603988674,0.02627130033236738,0.01435,0.0184,0.00014415465413673023,0.00017443155862254567,0.00947855401569306,0.01060578781194338,0.032747385485059635,0.03700506280118229,0.06712899966596216,0.0923274606260167,0,0,3,3,3,range_across_unpooled_policy_cells
measurement_formal,C,Q3_raw_noise_0p5,0.8,3,0.0352,0.0411,0.04129568511147254,0.047635737310201196,0.00715,0.009,9.781506114997062e-05,0.0001285821324982306,0.012156299562285216,0.01530127376728944,0.036238112722257035,0.05799002541197931,0.06673968950613994,0.11674194708701335,0,0,3,3,3,range_across_unpooled_policy_cells
measurement_formal,C,Q3_raw_noise_0p5,0.9,3,0.0376,0.043,0.04387938002014905,0.04966969545644494,0.00915,0.01155,0.00011490552689314989,0.00014822884637870167,0.011327761156144547,0.014385393673800992,0.03395231454740613,0.05304151626038146,0.06867117882472541,0.11852075391244556,0,0,3,3,3,range_across_unpooled_policy_cells
measurement_formal,C,Q3_raw_noise_0p5,1.0,3,0.04015,0.04495,0.04661742567232261,0.051753678093859015,0.01115,0.0141,0.0001363197937864455,0.00017278928642292275,0.011198712840492194,0.01333746491956398,0.03496041947132743,0.0525416206570688,0.0706026681433109,0.12029956073787777,0,0,1,3,3,range_across_unpooled_policy_cells
measurement_formal,C,Q3_raw_noise_0p5,1.1,3,0.04335,0.04795,0.05004399826819857,0.054953371792775055,0.0142,0.0176,0.000162873984811716,0.00020327569339672537,0.010902509583748195,0.012427791016475027,0.035036102080890835,0.04678996731558723,0.07253415746189638,0.12207836756330999,0,0,0,3,3,range_across_unpooled_policy_cells
measurement_formal,C,Q3_raw_noise_0p5,1.2,3,0.0485,0.0512,0.05553918323244368,0.05841160820701181,0.0173,0.023,0.00019606048425663454,0.00024184818902434258,0.010225374195405491,0.012148314057725268,0.034498867232078276,0.0420111842950563,0.07446564678048184,0.12385717438874218,0,0,0,3,3,range_across_unpooled_policy_cells
