record_set,case,component,project_value,external_value,unit,signed_difference,relative_difference,tolerance,input_comparability,difference_class,status,explanation,project_version,source_version
93_component_checks,lactating_cow_test,milk_NEL_concentration,0.8283799999999999,0.8283799999999999,Mcal/kg,0.0,0.0,1e-10,directly_comparable,same_component_consistent,PASS,Same equation or matched aggregation and unit conversion; agreement at the predeclared unit-specific absolute tolerance.,f5de3f096b618bc01e3c456c493e3788b519a1e4 selected book equations,University of Guelph nasem-dairy 1.0.2; release f602a7aa7e3e71c12cbec86440ed37e4e6577733
93_component_checks,lactating_cow_test,milk_NEL_daily,20.760859559999997,20.760859559999997,Mcal/d,0.0,0.0,1e-08,directly_comparable,same_component_consistent,PASS,Same equation or matched aggregation and unit conversion; agreement at the predeclared unit-specific absolute tolerance.,f5de3f096b618bc01e3c456c493e3788b519a1e4 selected book equations,University of Guelph nasem-dairy 1.0.2; release f602a7aa7e3e71c12cbec86440ed37e4e6577733
93_component_checks,lactating_cow_test,animal_factor_DMI_not_planned_supply,21.687577670699824,21.687577670699824,kg/d,0.0,0.0,1e-10,directly_comparable,same_component_consistent,PASS,Same equation or matched aggregation and unit conversion; agreement at the predeclared unit-specific absolute tolerance.,f5de3f096b618bc01e3c456c493e3788b519a1e4 selected book equations,University of Guelph nasem-dairy 1.0.2; release f602a7aa7e3e71c12cbec86440ed37e4e6577733
93_component_checks,lactating_cow_test,Ca_maintenance,22.068900000000003,22.068900000000003,g/d,0.0,0.0,1e-08,directly_comparable,same_component_consistent,PASS,Same equation or matched aggregation and unit conversion; agreement at the predeclared unit-specific absolute tolerance.,f5de3f096b618bc01e3c456c493e3788b519a1e4 selected book equations,University of Guelph nasem-dairy 1.0.2; release f602a7aa7e3e71c12cbec86440ed37e4e6577733
93_component_checks,lactating_cow_test,Ca_growth,1.9149896347251396,1.91498963472514,g/d,-4.440892098500626e-16,-2.319016258872874e-16,1e-08,directly_comparable,same_component_consistent,PASS,Same equation or matched aggregation and unit conversion; agreement at the predeclared unit-specific absolute tolerance.,f5de3f096b618bc01e3c456c493e3788b519a1e4 selected book equations,University of Guelph nasem-dairy 1.0.2; release f602a7aa7e3e71c12cbec86440ed37e4e6577733
93_component_checks,lactating_cow_test,Ca_gestation_literal,0.0116038918863025,0.011603891886302455,g/d,4.5102810375396984e-17,3.886869234677854e-15,1e-08,directly_comparable,same_component_consistent,PASS,Same equation or matched aggregation and unit conversion; agreement at the predeclared unit-specific absolute tolerance.,f5de3f096b618bc01e3c456c493e3788b519a1e4 selected book equations,University of Guelph nasem-dairy 1.0.2; release f602a7aa7e3e71c12cbec86440ed37e4e6577733
93_component_checks,lactating_cow_test,Ca_lactation_target_TP,29.316023880000003,29.316023880000003,g/d,0.0,0.0,1e-08,directly_comparable,same_component_consistent,PASS,Same equation or matched aggregation and unit conversion; agreement at the predeclared unit-specific absolute tolerance.,f5de3f096b618bc01e3c456c493e3788b519a1e4 selected book equations,University of Guelph nasem-dairy 1.0.2; release f602a7aa7e3e71c12cbec86440ed37e4e6577733
93_component_checks,lactating_cow_test,P_maintenance_adult,24.895877000000002,24.895877000000002,g/d,0.0,0.0,1e-08,directly_comparable,same_component_consistent,PASS,Same equation or matched aggregation and unit conversion; agreement at the predeclared unit-specific absolute tolerance.,f5de3f096b618bc01e3c456c493e3788b519a1e4 selected book equations,University of Guelph nasem-dairy 1.0.2; release f602a7aa7e3e71c12cbec86440ed37e4e6577733
93_component_checks,lactating_cow_test,P_growth,1.1309478084385578,1.1309478084385578,g/d,0.0,0.0,1e-08,directly_comparable,same_component_consistent,PASS,Same equation or matched aggregation and unit conversion; agreement at the predeclared unit-specific absolute tolerance.,f5de3f096b618bc01e3c456c493e3788b519a1e4 selected book equations,University of Guelph nasem-dairy 1.0.2; release f602a7aa7e3e71c12cbec86440ed37e4e6577733
93_component_checks,lactating_cow_test,P_gestation_literal,0.012293215187115878,0.012293215187115849,g/d,2.949029909160572e-17,2.39890855587671e-15,1e-08,directly_comparable,same_component_consistent,PASS,Same equation or matched aggregation and unit conversion; agreement at the predeclared unit-specific absolute tolerance.,f5de3f096b618bc01e3c456c493e3788b519a1e4 selected book equations,University of Guelph nasem-dairy 1.0.2; release f602a7aa7e3e71c12cbec86440ed37e4e6577733
93_component_checks,lactating_cow_test,P_lactation_target_TP,23.9542596,23.9542596,g/d,0.0,0.0,1e-08,directly_comparable,same_component_consistent,PASS,Same equation or matched aggregation and unit conversion; agreement at the predeclared unit-specific absolute tolerance.,f5de3f096b618bc01e3c456c493e3788b519a1e4 selected book equations,University of Guelph nasem-dairy 1.0.2; release f602a7aa7e3e71c12cbec86440ed37e4e6577733
93_component_checks,lactating_cow_test,Ca_factorial_sum_target_TP,53.31151740661144,53.31151740661144,g/d,0.0,0.0,1e-08,directly_comparable,same_component_consistent,PASS,Same equation or matched aggregation and unit conversion; agreement at the predeclared unit-specific absolute tolerance.,f5de3f096b618bc01e3c456c493e3788b519a1e4 selected book equations,University of Guelph nasem-dairy 1.0.2; release f602a7aa7e3e71c12cbec86440ed37e4e6577733
93_component_checks,lactating_cow_test,P_factorial_sum_target_TP,49.993377623625676,49.993377623625676,g/d,0.0,0.0,1e-08,directly_comparable,same_component_consistent,PASS,Same equation or matched aggregation and unit conversion; agreement at the predeclared unit-specific absolute tolerance.,f5de3f096b618bc01e3c456c493e3788b519a1e4 selected book equations,University of Guelph nasem-dairy 1.0.2; release f602a7aa7e3e71c12cbec86440ed37e4e6577733
93_component_checks,lactating_cow_test,DM_mass_aggregation,24.521000000000004,24.521,kg/d,3.552713678800501e-15,1.4488453483954574e-16,1e-10,directly_comparable,same_component_consistent,PASS,Same equation or matched aggregation and unit conversion; agreement at the predeclared unit-specific absolute tolerance.,f5de3f096b618bc01e3c456c493e3788b519a1e4 selected book equations,University of Guelph nasem-dairy 1.0.2; release f602a7aa7e3e71c12cbec86440ed37e4e6577733
93_component_checks,lactating_cow_test,Fd_CP_mass_fraction_conversion,5.166564403881273,5.166564403881272,kg/d,8.881784197001252e-16,1.7190890314517324e-16,1e-10,directly_comparable,same_component_consistent,PASS,Same equation or matched aggregation and unit conversion; agreement at the predeclared unit-specific absolute tolerance.,f5de3f096b618bc01e3c456c493e3788b519a1e4 selected book equations,University of Guelph nasem-dairy 1.0.2; release f602a7aa7e3e71c12cbec86440ed37e4e6577733
93_component_checks,lactating_cow_test,Fd_CP_concentration_conversion,21.06995801101616,21.069958011016155,%,3.552713678800501e-15,1.6861512856091172e-16,1e-10,directly_comparable,same_component_consistent,PASS,Same equation or matched aggregation and unit conversion; agreement at the predeclared unit-specific absolute tolerance.,f5de3f096b618bc01e3c456c493e3788b519a1e4 selected book equations,University of Guelph nasem-dairy 1.0.2; release f602a7aa7e3e71c12cbec86440ed37e4e6577733
93_component_checks,lactating_cow_test,Fd_NDF_mass_fraction_conversion,8.101661759504356,8.101661759504356,kg/d,0.0,0.0,1e-10,directly_comparable,same_component_consistent,PASS,Same equation or matched aggregation and unit conversion; agreement at the predeclared unit-specific absolute tolerance.,f5de3f096b618bc01e3c456c493e3788b519a1e4 selected book equations,University of Guelph nasem-dairy 1.0.2; release f602a7aa7e3e71c12cbec86440ed37e4e6577733
93_component_checks,lactating_cow_test,Fd_NDF_concentration_conversion,33.03968744955082,33.03968744955082,%,0.0,0.0,1e-10,directly_comparable,same_component_consistent,PASS,Same equation or matched aggregation and unit conversion; agreement at the predeclared unit-specific absolute tolerance.,f5de3f096b618bc01e3c456c493e3788b519a1e4 selected book equations,University of Guelph nasem-dairy 1.0.2; release f602a7aa7e3e71c12cbec86440ed37e4e6577733
93_component_checks,lactating_cow_test,Fd_St_mass_fraction_conversion,4.966547832584288,4.966547832584288,kg/d,0.0,0.0,1e-10,directly_comparable,same_component_consistent,PASS,Same equation or matched aggregation and unit conversion; agreement at the predeclared unit-specific absolute tolerance.,f5de3f096b618bc01e3c456c493e3788b519a1e4 selected book equations,University of Guelph nasem-dairy 1.0.2; release f602a7aa7e3e71c12cbec86440ed37e4e6577733
93_component_checks,lactating_cow_test,Fd_St_concentration_conversion,20.254263009601107,20.254263009601107,%,0.0,0.0,1e-10,directly_comparable,same_component_consistent,PASS,Same equation or matched aggregation and unit conversion; agreement at the predeclared unit-specific absolute tolerance.,f5de3f096b618bc01e3c456c493e3788b519a1e4 selected book equations,University of Guelph nasem-dairy 1.0.2; release f602a7aa7e3e71c12cbec86440ed37e4e6577733
93_component_checks,lactating_cow_test,Fd_Ca_mass_fraction_conversion,0.19066445781004088,0.19066445781004082,kg/d,5.551115123125783e-17,2.9114577446082602e-16,1e-10,directly_comparable,same_component_consistent,PASS,Same equation or matched aggregation and unit conversion; agreement at the predeclared unit-specific absolute tolerance.,f5de3f096b618bc01e3c456c493e3788b519a1e4 selected book equations,University of Guelph nasem-dairy 1.0.2; release f602a7aa7e3e71c12cbec86440ed37e4e6577733
93_component_checks,lactating_cow_test,Fd_Ca_concentration_conversion,0.7775558003753553,0.7775558003753551,%,2.220446049250313e-16,2.855674214221566e-16,1e-10,directly_comparable,same_component_consistent,PASS,Same equation or matched aggregation and unit conversion; agreement at the predeclared unit-specific absolute tolerance.,f5de3f096b618bc01e3c456c493e3788b519a1e4 selected book equations,University of Guelph nasem-dairy 1.0.2; release f602a7aa7e3e71c12cbec86440ed37e4e6577733
93_component_checks,lactating_cow_test,Fd_P_mass_fraction_conversion,0.12494270863674847,0.12494270863674849,kg/d,-1.3877787807814457e-17,-1.1107321074783137e-16,1e-10,directly_comparable,same_component_consistent,PASS,Same equation or matched aggregation and unit conversion; agreement at the predeclared unit-specific absolute tolerance.,f5de3f096b618bc01e3c456c493e3788b519a1e4 selected book equations,University of Guelph nasem-dairy 1.0.2; release f602a7aa7e3e71c12cbec86440ed37e4e6577733
93_component_checks,lactating_cow_test,Fd_P_concentration_conversion,0.5095334963368071,0.5095334963368072,%,-1.1102230246251565e-16,-2.1789009605980584e-16,1e-10,directly_comparable,same_component_consistent,PASS,Same equation or matched aggregation and unit conversion; agreement at the predeclared unit-specific absolute tolerance.,f5de3f096b618bc01e3c456c493e3788b519a1e4 selected book equations,University of Guelph nasem-dairy 1.0.2; release f602a7aa7e3e71c12cbec86440ed37e4e6577733
93_component_checks,lactating_cow_test,asfed_times_DM_reconstructs_supplied_DM,24.521,24.521,kg/d,0.0,0.0,1e-10,directly_comparable,same_component_consistent,PASS,Same equation or matched aggregation and unit conversion; agreement at the predeclared unit-specific absolute tolerance.,f5de3f096b618bc01e3c456c493e3788b519a1e4 selected book equations,University of Guelph nasem-dairy 1.0.2; release f602a7aa7e3e71c12cbec86440ed37e4e6577733
93_component_checks,lactating_cow_test,Fd_Ca_absorbed_g_day,74.95708522330904,74.95708522330904,g/d,0.0,0.0,1e-08,directly_comparable,same_component_consistent,PASS,Same equation or matched aggregation and unit conversion; agreement at the predeclared unit-specific absolute tolerance.,f5de3f096b618bc01e3c456c493e3788b519a1e4 selected book equations,University of Guelph nasem-dairy 1.0.2; release f602a7aa7e3e71c12cbec86440ed37e4e6577733
93_component_checks,lactating_cow_test,Fd_P_absorbed_g_day,90.73159328722599,90.73159328722602,g/d,-2.842170943040401e-14,-3.132504169791259e-16,1e-08,directly_comparable,same_component_consistent,PASS,Same equation or matched aggregation and unit conversion; agreement at the predeclared unit-specific absolute tolerance.,f5de3f096b618bc01e3c456c493e3788b519a1e4 selected book equations,University of Guelph nasem-dairy 1.0.2; release f602a7aa7e3e71c12cbec86440ed37e4e6577733
93_component_checks,lactating_cow_test,diet_NDF_digestibility_same_lignin_baseline,0.46615335300580646,0.46615335300580646,fraction,0.0,0.0,1e-12,directly_comparable,same_component_consistent,PASS,Same equation or matched aggregation and unit conversion; agreement at the predeclared unit-specific absolute tolerance.,f5de3f096b618bc01e3c456c493e3788b519a1e4 selected book equations,University of Guelph nasem-dairy 1.0.2; release f602a7aa7e3e71c12cbec86440ed37e4e6577733
93_component_checks,lactating_cow_test,diet_starch_digestibility_same_baseline,0.8926467186886389,0.8926467186886389,fraction,0.0,0.0,1e-12,directly_comparable,same_component_consistent,PASS,Same equation or matched aggregation and unit conversion; agreement at the predeclared unit-specific absolute tolerance.,f5de3f096b618bc01e3c456c493e3788b519a1e4 selected book equations,University of Guelph nasem-dairy 1.0.2; release f602a7aa7e3e71c12cbec86440ed37e4e6577733
93_component_checks,lactating_cow_test,gas_energy_same_selected_chain_inputs,7.023146710886044,7.023146710886044,Mcal/d,0.0,0.0,1e-08,directly_comparable,same_component_consistent,PASS,Same equation or matched aggregation and unit conversion; agreement at the predeclared unit-specific absolute tolerance.,f5de3f096b618bc01e3c456c493e3788b519a1e4 selected book equations,University of Guelph nasem-dairy 1.0.2; release f602a7aa7e3e71c12cbec86440ed37e4e6577733
93_component_checks,lactating_cow_test,NEL_maintenance_equation,12.496924873907766,12.496924873907766,Mcal/d,0.0,0.0,1e-08,directly_comparable,same_component_consistent,PASS,Same equation or matched aggregation and unit conversion; agreement at the predeclared unit-specific absolute tolerance.,f5de3f096b618bc01e3c456c493e3788b519a1e4 selected book equations,University of Guelph nasem-dairy 1.0.2; release f602a7aa7e3e71c12cbec86440ed37e4e6577733
93_component_checks,lactating_cow_early_lactation,milk_NEL_concentration,0.738675,0.738675,Mcal/kg,0.0,0.0,1e-10,directly_comparable,same_component_consistent,PASS,Same equation or matched aggregation and unit conversion; agreement at the predeclared unit-specific absolute tolerance.,f5de3f096b618bc01e3c456c493e3788b519a1e4 selected book equations,University of Guelph nasem-dairy 1.0.2; release f602a7aa7e3e71c12cbec86440ed37e4e6577733
93_component_checks,lactating_cow_early_lactation,milk_NEL_daily,33.240375,33.240375,Mcal/d,0.0,0.0,1e-08,directly_comparable,same_component_consistent,PASS,Same equation or matched aggregation and unit conversion; agreement at the predeclared unit-specific absolute tolerance.,f5de3f096b618bc01e3c456c493e3788b519a1e4 selected book equations,University of Guelph nasem-dairy 1.0.2; release f602a7aa7e3e71c12cbec86440ed37e4e6577733
93_component_checks,lactating_cow_early_lactation,animal_factor_DMI_not_planned_supply,22.97719146714572,22.97719146714572,kg/d,0.0,0.0,1e-10,directly_comparable,same_component_consistent,PASS,Same equation or matched aggregation and unit conversion; agreement at the predeclared unit-specific absolute tolerance.,f5de3f096b618bc01e3c456c493e3788b519a1e4 selected book equations,University of Guelph nasem-dairy 1.0.2; release f602a7aa7e3e71c12cbec86440ed37e4e6577733
93_component_checks,lactating_cow_early_lactation,Ca_maintenance,19.8,19.8,g/d,0.0,0.0,1e-08,directly_comparable,same_component_consistent,PASS,Same equation or matched aggregation and unit conversion; agreement at the predeclared unit-specific absolute tolerance.,f5de3f096b618bc01e3c456c493e3788b519a1e4 selected book equations,University of Guelph nasem-dairy 1.0.2; release f602a7aa7e3e71c12cbec86440ed37e4e6577733
93_component_checks,lactating_cow_early_lactation,Ca_growth,0.7864,0.7864,g/d,0.0,0.0,1e-08,directly_comparable,same_component_consistent,PASS,Same equation or matched aggregation and unit conversion; agreement at the predeclared unit-specific absolute tolerance.,f5de3f096b618bc01e3c456c493e3788b519a1e4 selected book equations,University of Guelph nasem-dairy 1.0.2; release f602a7aa7e3e71c12cbec86440ed37e4e6577733
93_component_checks,lactating_cow_early_lactation,Ca_gestation_literal,0.0,0.0013035773191303478,g/d,-0.0013035773191303478,-1.0,1e-08,EXPECTED_STRUCTURAL_DIFFERENCE,version_or_branch_difference,EXPECTED_DIFFERENCE,Open cow with gestation day 0: project explicitly returns zero pregnancy requirement; nasem-dairy 1.0.2 literal gestation equations return small positive values; summed requirement inherits this branch difference.,f5de3f096b618bc01e3c456c493e3788b519a1e4 selected book equations,University of Guelph nasem-dairy 1.0.2; release f602a7aa7e3e71c12cbec86440ed37e4e6577733
93_component_checks,lactating_cow_early_lactation,Ca_lactation_target_TP,45.54,45.54,g/d,0.0,0.0,1e-08,directly_comparable,same_component_consistent,PASS,Same equation or matched aggregation and unit conversion; agreement at the predeclared unit-specific absolute tolerance.,f5de3f096b618bc01e3c456c493e3788b519a1e4 selected book equations,University of Guelph nasem-dairy 1.0.2; release f602a7aa7e3e71c12cbec86440ed37e4e6577733
93_component_checks,lactating_cow_early_lactation,P_maintenance_adult,22.42,22.42,g/d,0.0,0.0,1e-08,directly_comparable,same_component_consistent,PASS,Same equation or matched aggregation and unit conversion; agreement at the predeclared unit-specific absolute tolerance.,f5de3f096b618bc01e3c456c493e3788b519a1e4 selected book equations,University of Guelph nasem-dairy 1.0.2; release f602a7aa7e3e71c12cbec86440ed37e4e6577733
93_component_checks,lactating_cow_early_lactation,P_growth,0.4668,0.4668,g/d,0.0,0.0,1e-08,directly_comparable,same_component_consistent,PASS,Same equation or matched aggregation and unit conversion; agreement at the predeclared unit-specific absolute tolerance.,f5de3f096b618bc01e3c456c493e3788b519a1e4 selected book equations,University of Guelph nasem-dairy 1.0.2; release f602a7aa7e3e71c12cbec86440ed37e4e6577733
93_component_checks,lactating_cow_early_lactation,P_gestation_literal,0.0,0.0014458845271032531,g/d,-0.0014458845271032531,-1.0,1e-08,EXPECTED_STRUCTURAL_DIFFERENCE,version_or_branch_difference,EXPECTED_DIFFERENCE,Open cow with gestation day 0: project explicitly returns zero pregnancy requirement; nasem-dairy 1.0.2 literal gestation equations return small positive values; summed requirement inherits this branch difference.,f5de3f096b618bc01e3c456c493e3788b519a1e4 selected book equations,University of Guelph nasem-dairy 1.0.2; release f602a7aa7e3e71c12cbec86440ed37e4e6577733
93_component_checks,lactating_cow_early_lactation,P_lactation_target_TP,39.15,39.14999999999999,g/d,7.105427357601002e-15,1.8149239738444453e-16,1e-08,directly_comparable,same_component_consistent,PASS,Same equation or matched aggregation and unit conversion; agreement at the predeclared unit-specific absolute tolerance.,f5de3f096b618bc01e3c456c493e3788b519a1e4 selected book equations,University of Guelph nasem-dairy 1.0.2; release f602a7aa7e3e71c12cbec86440ed37e4e6577733
93_component_checks,lactating_cow_early_lactation,Ca_factorial_sum_target_TP,66.1264,66.12770357731912,g/d,-0.0013035773191205635,-1.971302870961441e-05,1e-08,EXPECTED_STRUCTURAL_DIFFERENCE,version_or_branch_difference,EXPECTED_DIFFERENCE,Open cow with gestation day 0: project explicitly returns zero pregnancy requirement; nasem-dairy 1.0.2 literal gestation equations return small positive values; summed requirement inherits this branch difference.,f5de3f096b618bc01e3c456c493e3788b519a1e4 selected book equations,University of Guelph nasem-dairy 1.0.2; release f602a7aa7e3e71c12cbec86440ed37e4e6577733
93_component_checks,lactating_cow_early_lactation,P_factorial_sum_target_TP,62.0368,62.0382458845271,g/d,-0.0014458845271008158,-2.3306341217191516e-05,1e-08,EXPECTED_STRUCTURAL_DIFFERENCE,version_or_branch_difference,EXPECTED_DIFFERENCE,Open cow with gestation day 0: project explicitly returns zero pregnancy requirement; nasem-dairy 1.0.2 literal gestation equations return small positive values; summed requirement inherits this branch difference.,f5de3f096b618bc01e3c456c493e3788b519a1e4 selected book equations,University of Guelph nasem-dairy 1.0.2; release f602a7aa7e3e71c12cbec86440ed37e4e6577733
93_component_checks,lactating_cow_early_lactation,DM_mass_aggregation,22.00000000000001,22.0,kg/d,1.0658141036401503e-14,4.844609562000683e-16,1e-10,directly_comparable,same_component_consistent,PASS,Same equation or matched aggregation and unit conversion; agreement at the predeclared unit-specific absolute tolerance.,f5de3f096b618bc01e3c456c493e3788b519a1e4 selected book equations,University of Guelph nasem-dairy 1.0.2; release f602a7aa7e3e71c12cbec86440ed37e4e6577733
93_component_checks,lactating_cow_early_lactation,Fd_CP_mass_fraction_conversion,,5.642537181531546,kg/d,,,1e-10,ACTIVE_INPUT_MISSING_EXTERNAL_DEMO,active_input_missing,NOT_ASSESSABLE,Active feed composition contains missing data in public demo; external aggregation can skip missing entries. No zero imputation or feed deletion; comparison not interpretable as a physical supply identity.,f5de3f096b618bc01e3c456c493e3788b519a1e4 selected book equations,University of Guelph nasem-dairy 1.0.2; release f602a7aa7e3e71c12cbec86440ed37e4e6577733
93_component_checks,lactating_cow_early_lactation,Fd_CP_concentration_conversion,,25.647896279688847,%,,,1e-10,ACTIVE_INPUT_MISSING_EXTERNAL_DEMO,active_input_missing,NOT_ASSESSABLE,Active feed composition contains missing data in public demo; external aggregation can skip missing entries. No zero imputation or feed deletion; comparison not interpretable as a physical supply identity.,f5de3f096b618bc01e3c456c493e3788b519a1e4 selected book equations,University of Guelph nasem-dairy 1.0.2; release f602a7aa7e3e71c12cbec86440ed37e4e6577733
93_component_checks,lactating_cow_early_lactation,Fd_NDF_mass_fraction_conversion,,5.7218589514568565,kg/d,,,1e-10,ACTIVE_INPUT_MISSING_EXTERNAL_DEMO,active_input_missing,NOT_ASSESSABLE,Active feed composition contains missing data in public demo; external aggregation can skip missing entries. No zero imputation or feed deletion; comparison not interpretable as a physical supply identity.,f5de3f096b618bc01e3c456c493e3788b519a1e4 selected book equations,University of Guelph nasem-dairy 1.0.2; release f602a7aa7e3e71c12cbec86440ed37e4e6577733
93_component_checks,lactating_cow_early_lactation,Fd_NDF_concentration_conversion,,26.008449779349345,%,,,1e-10,ACTIVE_INPUT_MISSING_EXTERNAL_DEMO,active_input_missing,NOT_ASSESSABLE,Active feed composition contains missing data in public demo; external aggregation can skip missing entries. No zero imputation or feed deletion; comparison not interpretable as a physical supply identity.,f5de3f096b618bc01e3c456c493e3788b519a1e4 selected book equations,University of Guelph nasem-dairy 1.0.2; release f602a7aa7e3e71c12cbec86440ed37e4e6577733
93_component_checks,lactating_cow_early_lactation,Fd_St_mass_fraction_conversion,,4.7255519663759005,kg/d,,,1e-10,ACTIVE_INPUT_MISSING_EXTERNAL_DEMO,active_input_missing,NOT_ASSESSABLE,Active feed composition contains missing data in public demo; external aggregation can skip missing entries. No zero imputation or feed deletion; comparison not interpretable as a physical supply identity.,f5de3f096b618bc01e3c456c493e3788b519a1e4 selected book equations,University of Guelph nasem-dairy 1.0.2; release f602a7aa7e3e71c12cbec86440ed37e4e6577733
93_component_checks,lactating_cow_early_lactation,Fd_St_concentration_conversion,,21.479781665345,%,,,1e-10,ACTIVE_INPUT_MISSING_EXTERNAL_DEMO,active_input_missing,NOT_ASSESSABLE,Active feed composition contains missing data in public demo; external aggregation can skip missing entries. No zero imputation or feed deletion; comparison not interpretable as a physical supply identity.,f5de3f096b618bc01e3c456c493e3788b519a1e4 selected book equations,University of Guelph nasem-dairy 1.0.2; release f602a7aa7e3e71c12cbec86440ed37e4e6577733
93_component_checks,lactating_cow_early_lactation,Fd_Ca_mass_fraction_conversion,,0.12606132770398315,kg/d,,,1e-10,ACTIVE_INPUT_MISSING_EXTERNAL_DEMO,active_input_missing,NOT_ASSESSABLE,Active feed composition contains missing data in public demo; external aggregation can skip missing entries. No zero imputation or feed deletion; comparison not interpretable as a physical supply identity.,f5de3f096b618bc01e3c456c493e3788b519a1e4 selected book equations,University of Guelph nasem-dairy 1.0.2; release f602a7aa7e3e71c12cbec86440ed37e4e6577733
93_component_checks,lactating_cow_early_lactation,Fd_Ca_concentration_conversion,,0.5730060350181052,%,,,1e-10,ACTIVE_INPUT_MISSING_EXTERNAL_DEMO,active_input_missing,NOT_ASSESSABLE,Active feed composition contains missing data in public demo; external aggregation can skip missing entries. No zero imputation or feed deletion; comparison not interpretable as a physical supply identity.,f5de3f096b618bc01e3c456c493e3788b519a1e4 selected book equations,University of Guelph nasem-dairy 1.0.2; release f602a7aa7e3e71c12cbec86440ed37e4e6577733
93_component_checks,lactating_cow_early_lactation,Fd_P_mass_fraction_conversion,,0.08446532793598384,kg/d,,,1e-10,ACTIVE_INPUT_MISSING_EXTERNAL_DEMO,active_input_missing,NOT_ASSESSABLE,Active feed composition contains missing data in public demo; external aggregation can skip missing entries. No zero imputation or feed deletion; comparison not interpretable as a physical supply identity.,f5de3f096b618bc01e3c456c493e3788b519a1e4 selected book equations,University of Guelph nasem-dairy 1.0.2; release f602a7aa7e3e71c12cbec86440ed37e4e6577733
93_component_checks,lactating_cow_early_lactation,Fd_P_concentration_conversion,,0.38393330879992654,%,,,1e-10,ACTIVE_INPUT_MISSING_EXTERNAL_DEMO,active_input_missing,NOT_ASSESSABLE,Active feed composition contains missing data in public demo; external aggregation can skip missing entries. No zero imputation or feed deletion; comparison not interpretable as a physical supply identity.,f5de3f096b618bc01e3c456c493e3788b519a1e4 selected book equations,University of Guelph nasem-dairy 1.0.2; release f602a7aa7e3e71c12cbec86440ed37e4e6577733
93_component_checks,lactating_cow_early_lactation,asfed_times_DM_reconstructs_supplied_DM,22.00000000000001,22.0,kg/d,1.0658141036401503e-14,4.844609562000683e-16,1e-10,directly_comparable,same_component_consistent,PASS,Same equation or matched aggregation and unit conversion; agreement at the predeclared unit-specific absolute tolerance.,f5de3f096b618bc01e3c456c493e3788b519a1e4 selected book equations,University of Guelph nasem-dairy 1.0.2; release f602a7aa7e3e71c12cbec86440ed37e4e6577733
93_component_checks,lactating_cow_early_lactation,Fd_Ca_absorbed_g_day,,51.802961479284455,g/d,,,1e-08,ACTIVE_INPUT_MISSING_EXTERNAL_DEMO,active_input_missing,NOT_ASSESSABLE,Active feed composition contains missing data in public demo; external aggregation can skip missing entries. No zero imputation or feed deletion; comparison not interpretable as a physical supply identity.,f5de3f096b618bc01e3c456c493e3788b519a1e4 selected book equations,University of Guelph nasem-dairy 1.0.2; release f602a7aa7e3e71c12cbec86440ed37e4e6577733
93_component_checks,lactating_cow_early_lactation,Fd_P_absorbed_g_day,,63.061884344040266,g/d,,,1e-08,ACTIVE_INPUT_MISSING_EXTERNAL_DEMO,active_input_missing,NOT_ASSESSABLE,Active feed composition contains missing data in public demo; external aggregation can skip missing entries. No zero imputation or feed deletion; comparison not interpretable as a physical supply identity.,f5de3f096b618bc01e3c456c493e3788b519a1e4 selected book equations,University of Guelph nasem-dairy 1.0.2; release f602a7aa7e3e71c12cbec86440ed37e4e6577733
93_component_checks,lactating_cow_early_lactation,diet_NDF_digestibility_same_lignin_baseline,,,fraction,,,1e-12,ACTIVE_INPUT_MISSING_EXTERNAL_DEMO,active_input_missing,NOT_ASSESSABLE,Active feed composition contains missing data in public demo; external aggregation can skip missing entries. No zero imputation or feed deletion; comparison not interpretable as a physical supply identity.,f5de3f096b618bc01e3c456c493e3788b519a1e4 selected book equations,University of Guelph nasem-dairy 1.0.2; release f602a7aa7e3e71c12cbec86440ed37e4e6577733
93_component_checks,lactating_cow_early_lactation,diet_starch_digestibility_same_baseline,,,fraction,,,1e-12,ACTIVE_INPUT_MISSING_EXTERNAL_DEMO,active_input_missing,NOT_ASSESSABLE,Active feed composition contains missing data in public demo; external aggregation can skip missing entries. No zero imputation or feed deletion; comparison not interpretable as a physical supply identity.,f5de3f096b618bc01e3c456c493e3788b519a1e4 selected book equations,University of Guelph nasem-dairy 1.0.2; release f602a7aa7e3e71c12cbec86440ed37e4e6577733
93_component_checks,lactating_cow_early_lactation,gas_energy_same_selected_chain_inputs,,,Mcal/d,,,1e-08,ACTIVE_INPUT_MISSING_EXTERNAL_DEMO,active_input_missing,NOT_ASSESSABLE,Active feed composition contains missing data in public demo; external aggregation can skip missing entries. No zero imputation or feed deletion; comparison not interpretable as a physical supply identity.,f5de3f096b618bc01e3c456c493e3788b519a1e4 selected book equations,University of Guelph nasem-dairy 1.0.2; release f602a7aa7e3e71c12cbec86440ed37e4e6577733
93_component_checks,lactating_cow_early_lactation,NEL_maintenance_equation,13.60891589269775,13.60891589269775,Mcal/d,0.0,0.0,1e-08,directly_comparable,same_component_consistent,PASS,Same equation or matched aggregation and unit conversion; agreement at the predeclared unit-specific absolute tolerance.,f5de3f096b618bc01e3c456c493e3788b519a1e4 selected book equations,University of Guelph nasem-dairy 1.0.2; release f602a7aa7e3e71c12cbec86440ed37e4e6577733
93_component_checks,lactating_cow_other,milk_NEL_concentration,0.8085249999999999,0.8085249999999999,Mcal/kg,0.0,0.0,1e-10,directly_comparable,same_component_consistent,PASS,Same equation or matched aggregation and unit conversion; agreement at the predeclared unit-specific absolute tolerance.,f5de3f096b618bc01e3c456c493e3788b519a1e4 selected book equations,University of Guelph nasem-dairy 1.0.2; release f602a7aa7e3e71c12cbec86440ed37e4e6577733
93_component_checks,lactating_cow_other,milk_NEL_daily,23.447225,23.447225,Mcal/d,0.0,0.0,1e-08,directly_comparable,same_component_consistent,PASS,Same equation or matched aggregation and unit conversion; agreement at the predeclared unit-specific absolute tolerance.,f5de3f096b618bc01e3c456c493e3788b519a1e4 selected book equations,University of Guelph nasem-dairy 1.0.2; release f602a7aa7e3e71c12cbec86440ed37e4e6577733
93_component_checks,lactating_cow_other,animal_factor_DMI_not_planned_supply,22.69763551411981,22.69763551411981,kg/d,0.0,0.0,1e-10,directly_comparable,same_component_consistent,PASS,Same equation or matched aggregation and unit conversion; agreement at the predeclared unit-specific absolute tolerance.,f5de3f096b618bc01e3c456c493e3788b519a1e4 selected book equations,University of Guelph nasem-dairy 1.0.2; release f602a7aa7e3e71c12cbec86440ed37e4e6577733
93_component_checks,lactating_cow_other,Ca_maintenance,22.86,22.86,g/d,0.0,0.0,1e-08,directly_comparable,same_component_consistent,PASS,Same equation or matched aggregation and unit conversion; agreement at the predeclared unit-specific absolute tolerance.,f5de3f096b618bc01e3c456c493e3788b519a1e4 selected book equations,University of Guelph nasem-dairy 1.0.2; release f602a7aa7e3e71c12cbec86440ed37e4e6577733
93_component_checks,lactating_cow_other,Ca_growth,-0.19703517805445875,-0.19703517805445875,g/d,0.0,0.0,1e-08,directly_comparable,same_component_consistent,PASS,Same equation or matched aggregation and unit conversion; agreement at the predeclared unit-specific absolute tolerance.,f5de3f096b618bc01e3c456c493e3788b519a1e4 selected book equations,University of Guelph nasem-dairy 1.0.2; release f602a7aa7e3e71c12cbec86440ed37e4e6577733
93_component_checks,lactating_cow_other,Ca_gestation_literal,0.008318544780456872,0.008318544780456882,g/d,-1.0408340855860843e-17,-1.2512213530801216e-15,1e-08,directly_comparable,same_component_consistent,PASS,Same equation or matched aggregation and unit conversion; agreement at the predeclared unit-specific absolute tolerance.,f5de3f096b618bc01e3c456c493e3788b519a1e4 selected book equations,University of Guelph nasem-dairy 1.0.2; release f602a7aa7e3e71c12cbec86440ed37e4e6577733
93_component_checks,lactating_cow_other,Ca_lactation_target_TP,32.1204,32.1204,g/d,0.0,0.0,1e-08,directly_comparable,same_component_consistent,PASS,Same equation or matched aggregation and unit conversion; agreement at the predeclared unit-specific absolute tolerance.,f5de3f096b618bc01e3c456c493e3788b519a1e4 selected book equations,University of Guelph nasem-dairy 1.0.2; release f602a7aa7e3e71c12cbec86440ed37e4e6577733
93_component_checks,lactating_cow_other,P_maintenance_adult,25.7564,25.7564,g/d,0.0,0.0,1e-08,directly_comparable,same_component_consistent,PASS,Same equation or matched aggregation and unit conversion; agreement at the predeclared unit-specific absolute tolerance.,f5de3f096b618bc01e3c456c493e3788b519a1e4 selected book equations,University of Guelph nasem-dairy 1.0.2; release f602a7aa7e3e71c12cbec86440ed37e4e6577733
93_component_checks,lactating_cow_other,P_growth,-0.11690519331458965,-0.11690519331458965,g/d,0.0,0.0,1e-08,directly_comparable,same_component_consistent,PASS,Same equation or matched aggregation and unit conversion; agreement at the predeclared unit-specific absolute tolerance.,f5de3f096b618bc01e3c456c493e3788b519a1e4 selected book equations,University of Guelph nasem-dairy 1.0.2; release f602a7aa7e3e71c12cbec86440ed37e4e6577733
93_component_checks,lactating_cow_other,P_gestation_literal,0.008877714960100222,0.008877714960100225,g/d,-3.469446951953614e-18,-3.9080404896379395e-16,1e-08,directly_comparable,same_component_consistent,PASS,Same equation or matched aggregation and unit conversion; agreement at the predeclared unit-specific absolute tolerance.,f5de3f096b618bc01e3c456c493e3788b519a1e4 selected book equations,University of Guelph nasem-dairy 1.0.2; release f602a7aa7e3e71c12cbec86440ed37e4e6577733
93_component_checks,lactating_cow_other,P_lactation_target_TP,26.738,26.738,g/d,0.0,0.0,1e-08,directly_comparable,same_component_consistent,PASS,Same equation or matched aggregation and unit conversion; agreement at the predeclared unit-specific absolute tolerance.,f5de3f096b618bc01e3c456c493e3788b519a1e4 selected book equations,University of Guelph nasem-dairy 1.0.2; release f602a7aa7e3e71c12cbec86440ed37e4e6577733
93_component_checks,lactating_cow_other,Ca_factorial_sum_target_TP,54.79168336672599,54.79168336672599,g/d,0.0,0.0,1e-08,directly_comparable,same_component_consistent,PASS,Same equation or matched aggregation and unit conversion; agreement at the predeclared unit-specific absolute tolerance.,f5de3f096b618bc01e3c456c493e3788b519a1e4 selected book equations,University of Guelph nasem-dairy 1.0.2; release f602a7aa7e3e71c12cbec86440ed37e4e6577733
93_component_checks,lactating_cow_other,P_factorial_sum_target_TP,52.38637252164551,52.38637252164551,g/d,0.0,0.0,1e-08,directly_comparable,same_component_consistent,PASS,Same equation or matched aggregation and unit conversion; agreement at the predeclared unit-specific absolute tolerance.,f5de3f096b618bc01e3c456c493e3788b519a1e4 selected book equations,University of Guelph nasem-dairy 1.0.2; release f602a7aa7e3e71c12cbec86440ed37e4e6577733
93_component_checks,lactating_cow_other,DM_mass_aggregation,25.4,25.4,kg/d,0.0,0.0,1e-10,directly_comparable,same_component_consistent,PASS,Same equation or matched aggregation and unit conversion; agreement at the predeclared unit-specific absolute tolerance.,f5de3f096b618bc01e3c456c493e3788b519a1e4 selected book equations,University of Guelph nasem-dairy 1.0.2; release f602a7aa7e3e71c12cbec86440ed37e4e6577733
93_component_checks,lactating_cow_other,Fd_CP_mass_fraction_conversion,3.8748270285879998,3.8748270285879998,kg/d,0.0,0.0,1e-10,directly_comparable,same_component_consistent,PASS,Same equation or matched aggregation and unit conversion; agreement at the predeclared unit-specific absolute tolerance.,f5de3f096b618bc01e3c456c493e3788b519a1e4 selected book equations,University of Guelph nasem-dairy 1.0.2; release f602a7aa7e3e71c12cbec86440ed37e4e6577733
93_component_checks,lactating_cow_other,Fd_CP_concentration_conversion,15.255224521999999,15.255224521999999,%,0.0,0.0,1e-10,directly_comparable,same_component_consistent,PASS,Same equation or matched aggregation and unit conversion; agreement at the predeclared unit-specific absolute tolerance.,f5de3f096b618bc01e3c456c493e3788b519a1e4 selected book equations,University of Guelph nasem-dairy 1.0.2; release f602a7aa7e3e71c12cbec86440ed37e4e6577733
93_component_checks,lactating_cow_other,Fd_NDF_mass_fraction_conversion,6.573239636578,6.573239636577999,kg/d,8.881784197001252e-16,1.3512034686179602e-16,1e-10,directly_comparable,same_component_consistent,PASS,Same equation or matched aggregation and unit conversion; agreement at the predeclared unit-specific absolute tolerance.,f5de3f096b618bc01e3c456c493e3788b519a1e4 selected book equations,University of Guelph nasem-dairy 1.0.2; release f602a7aa7e3e71c12cbec86440ed37e4e6577733
93_component_checks,lactating_cow_other,Fd_NDF_concentration_conversion,25.878896207,25.878896206999997,%,3.552713678800501e-15,1.3728227241158476e-16,1e-10,directly_comparable,same_component_consistent,PASS,Same equation or matched aggregation and unit conversion; agreement at the predeclared unit-specific absolute tolerance.,f5de3f096b618bc01e3c456c493e3788b519a1e4 selected book equations,University of Guelph nasem-dairy 1.0.2; release f602a7aa7e3e71c12cbec86440ed37e4e6577733
93_component_checks,lactating_cow_other,Fd_St_mass_fraction_conversion,7.287632355617999,7.2876323556179985,kg/d,8.881784197001252e-16,1.2187475662317583e-16,1e-10,directly_comparable,same_component_consistent,PASS,Same equation or matched aggregation and unit conversion; agreement at the predeclared unit-specific absolute tolerance.,f5de3f096b618bc01e3c456c493e3788b519a1e4 selected book equations,University of Guelph nasem-dairy 1.0.2; release f602a7aa7e3e71c12cbec86440ed37e4e6577733
93_component_checks,lactating_cow_other,Fd_St_concentration_conversion,28.691465967000003,28.691465966999996,%,7.105427357601002e-15,2.476495054582933e-16,1e-10,directly_comparable,same_component_consistent,PASS,Same equation or matched aggregation and unit conversion; agreement at the predeclared unit-specific absolute tolerance.,f5de3f096b618bc01e3c456c493e3788b519a1e4 selected book equations,University of Guelph nasem-dairy 1.0.2; release f602a7aa7e3e71c12cbec86440ed37e4e6577733
93_component_checks,lactating_cow_other,Fd_Ca_mass_fraction_conversion,,0.219573772942,kg/d,,,1e-10,ACTIVE_INPUT_MISSING_EXTERNAL_DEMO,active_input_missing,NOT_ASSESSABLE,Active feed composition contains missing data in public demo; external aggregation can skip missing entries. No zero imputation or feed deletion; comparison not interpretable as a physical supply identity.,f5de3f096b618bc01e3c456c493e3788b519a1e4 selected book equations,University of Guelph nasem-dairy 1.0.2; release f602a7aa7e3e71c12cbec86440ed37e4e6577733
93_component_checks,lactating_cow_other,Fd_Ca_concentration_conversion,,0.864463673,%,,,1e-10,ACTIVE_INPUT_MISSING_EXTERNAL_DEMO,active_input_missing,NOT_ASSESSABLE,Active feed composition contains missing data in public demo; external aggregation can skip missing entries. No zero imputation or feed deletion; comparison not interpretable as a physical supply identity.,f5de3f096b618bc01e3c456c493e3788b519a1e4 selected book equations,University of Guelph nasem-dairy 1.0.2; release f602a7aa7e3e71c12cbec86440ed37e4e6577733
93_component_checks,lactating_cow_other,Fd_P_mass_fraction_conversion,,0.135079585822,kg/d,,,1e-10,ACTIVE_INPUT_MISSING_EXTERNAL_DEMO,active_input_missing,NOT_ASSESSABLE,Active feed composition contains missing data in public demo; external aggregation can skip missing entries. No zero imputation or feed deletion; comparison not interpretable as a physical supply identity.,f5de3f096b618bc01e3c456c493e3788b519a1e4 selected book equations,University of Guelph nasem-dairy 1.0.2; release f602a7aa7e3e71c12cbec86440ed37e4e6577733
93_component_checks,lactating_cow_other,Fd_P_concentration_conversion,,0.531809393,%,,,1e-10,ACTIVE_INPUT_MISSING_EXTERNAL_DEMO,active_input_missing,NOT_ASSESSABLE,Active feed composition contains missing data in public demo; external aggregation can skip missing entries. No zero imputation or feed deletion; comparison not interpretable as a physical supply identity.,f5de3f096b618bc01e3c456c493e3788b519a1e4 selected book equations,University of Guelph nasem-dairy 1.0.2; release f602a7aa7e3e71c12cbec86440ed37e4e6577733
93_component_checks,lactating_cow_other,asfed_times_DM_reconstructs_supplied_DM,25.4,25.4,kg/d,0.0,0.0,1e-10,directly_comparable,same_component_consistent,PASS,Same equation or matched aggregation and unit conversion; agreement at the predeclared unit-specific absolute tolerance.,f5de3f096b618bc01e3c456c493e3788b519a1e4 selected book equations,University of Guelph nasem-dairy 1.0.2; release f602a7aa7e3e71c12cbec86440ed37e4e6577733
93_component_checks,lactating_cow_other,Fd_Ca_absorbed_g_day,,114.30937107599999,g/d,,,1e-08,ACTIVE_INPUT_MISSING_EXTERNAL_DEMO,active_input_missing,NOT_ASSESSABLE,Active feed composition contains missing data in public demo; external aggregation can skip missing entries. No zero imputation or feed deletion; comparison not interpretable as a physical supply identity.,f5de3f096b618bc01e3c456c493e3788b519a1e4 selected book equations,University of Guelph nasem-dairy 1.0.2; release f602a7aa7e3e71c12cbec86440ed37e4e6577733
93_component_checks,lactating_cow_other,Fd_P_absorbed_g_day,,100.41503675997438,g/d,,,1e-08,ACTIVE_INPUT_MISSING_EXTERNAL_DEMO,active_input_missing,NOT_ASSESSABLE,Active feed composition contains missing data in public demo; external aggregation can skip missing entries. No zero imputation or feed deletion; comparison not interpretable as a physical supply identity.,f5de3f096b618bc01e3c456c493e3788b519a1e4 selected book equations,University of Guelph nasem-dairy 1.0.2; release f602a7aa7e3e71c12cbec86440ed37e4e6577733
93_component_checks,lactating_cow_other,diet_NDF_digestibility_same_lignin_baseline,0.4389580277805604,0.4389580277805604,fraction,0.0,0.0,1e-12,directly_comparable,same_component_consistent,PASS,Same equation or matched aggregation and unit conversion; agreement at the predeclared unit-specific absolute tolerance.,f5de3f096b618bc01e3c456c493e3788b519a1e4 selected book equations,University of Guelph nasem-dairy 1.0.2; release f602a7aa7e3e71c12cbec86440ed37e4e6577733
93_component_checks,lactating_cow_other,diet_starch_digestibility_same_baseline,0.8722319446728943,0.8722319446728943,fraction,0.0,0.0,1e-12,directly_comparable,same_component_consistent,PASS,Same equation or matched aggregation and unit conversion; agreement at the predeclared unit-specific absolute tolerance.,f5de3f096b618bc01e3c456c493e3788b519a1e4 selected book equations,University of Guelph nasem-dairy 1.0.2; release f602a7aa7e3e71c12cbec86440ed37e4e6577733
93_component_checks,lactating_cow_other,gas_energy_same_selected_chain_inputs,5.202966563372647,5.202966563372647,Mcal/d,0.0,0.0,1e-08,directly_comparable,same_component_consistent,PASS,Same equation or matched aggregation and unit conversion; agreement at the predeclared unit-specific absolute tolerance.,f5de3f096b618bc01e3c456c493e3788b519a1e4 selected book equations,University of Guelph nasem-dairy 1.0.2; release f602a7aa7e3e71c12cbec86440ed37e4e6577733
93_component_checks,lactating_cow_other,NEL_maintenance_equation,12.032055700112629,12.032055700112629,Mcal/d,0.0,0.0,1e-08,directly_comparable,same_component_consistent,PASS,Same equation or matched aggregation and unit conversion; agreement at the predeclared unit-specific absolute tolerance.,f5de3f096b618bc01e3c456c493e3788b519a1e4 selected book equations,University of Guelph nasem-dairy 1.0.2; release f602a7aa7e3e71c12cbec86440ed37e4e6577733
15_energy_structure_records,lactating_cow_test,DE,72.92111502924399,72.89930492055373,Mcal/d,0.021810108690260677,0.00029918129828575887,,matched_public_demo_inputs_selected_chain_vs_full_model,full_vs_selected_chain_structural_difference,DESCRIPTIVE_STRUCTURAL_COMPARISON,"fixed microbial loss, fixed basal FA digestibility, lignin-only baseline, selected book chain versus full model including predicted microbial protein and urine coefficient; no animal validation",f5de3f096b618bc01e3c456c493e3788b519a1e4 selected chain,University of Guelph nasem-dairy 1.0.2; release f602a7aa7e3e71c12cbec86440ed37e4e6577733
15_energy_structure_records,lactating_cow_test,GasE,7.023146710886045,7.023146710886044,Mcal/d,8.881784197001252e-16,1.264644547896782e-16,,matched_public_demo_inputs_selected_chain_vs_full_model,full_vs_selected_chain_structural_difference,DESCRIPTIVE_STRUCTURAL_COMPARISON,"fixed microbial loss, fixed basal FA digestibility, lignin-only baseline, selected book chain versus full model including predicted microbial protein and urine coefficient; no animal validation",f5de3f096b618bc01e3c456c493e3788b519a1e4 selected chain,University of Guelph nasem-dairy 1.0.2; release f602a7aa7e3e71c12cbec86440ed37e4e6577733
15_energy_structure_records,lactating_cow_test,UE,6.972106873832645,5.900244509888603,Mcal/d,1.0718623639440414,0.18166405852293707,,matched_public_demo_inputs_selected_chain_vs_full_model,full_vs_selected_chain_structural_difference,DESCRIPTIVE_STRUCTURAL_COMPARISON,"fixed microbial loss, fixed basal FA digestibility, lignin-only baseline, selected book chain versus full model including predicted microbial protein and urine coefficient; no animal validation",f5de3f096b618bc01e3c456c493e3788b519a1e4 selected chain,University of Guelph nasem-dairy 1.0.2; release f602a7aa7e3e71c12cbec86440ed37e4e6577733
15_energy_structure_records,lactating_cow_test,ME,58.92586144452531,59.97591369977909,Mcal/d,-1.0500522552537817,-0.017507899262861074,,matched_public_demo_inputs_selected_chain_vs_full_model,full_vs_selected_chain_structural_difference,DESCRIPTIVE_STRUCTURAL_COMPARISON,"fixed microbial loss, fixed basal FA digestibility, lignin-only baseline, selected book chain versus full model including predicted microbial protein and urine coefficient; no animal validation",f5de3f096b618bc01e3c456c493e3788b519a1e4 selected chain,University of Guelph nasem-dairy 1.0.2; release f602a7aa7e3e71c12cbec86440ed37e4e6577733
15_energy_structure_records,lactating_cow_test,NEL,38.89106855338671,39.5841030418542,Mcal/d,-0.6930344884674895,-0.01750789926286091,,matched_public_demo_inputs_selected_chain_vs_full_model,full_vs_selected_chain_structural_difference,DESCRIPTIVE_STRUCTURAL_COMPARISON,"fixed microbial loss, fixed basal FA digestibility, lignin-only baseline, selected book chain versus full model including predicted microbial protein and urine coefficient; no animal validation",f5de3f096b618bc01e3c456c493e3788b519a1e4 selected chain,University of Guelph nasem-dairy 1.0.2; release f602a7aa7e3e71c12cbec86440ed37e4e6577733
15_energy_structure_records,lactating_cow_early_lactation,DE,,74.64761097904794,Mcal/d,,,,outside_selected_chain_scope,not_comparable_scope,NOT_ASSESSABLE,"NRC16F1090: supplemental NPN or out-of-range predicted RUP; InvalidProblemError: FeedEnergyInputs NRC16F1090: rup_pct_cp=-2.5368731563421827 must be in [0, 100]; InvalidProblemError: FeedEnergyInputs NRC16F1091: ndf=nan must be a finite % of DM in [0, 100]; lignin=nan must be a finite % of DM in [0, 100]; starch=nan must be a finite % of DM in [0, 100]; fa=nan must be a finite % of DM in [0, 100]; cp=nan must be a finite % of DM in [0, 100]; drup_pct_rup=nan must be in [0, 100]",f5de3f096b618bc01e3c456c493e3788b519a1e4 selected chain,University of Guelph nasem-dairy 1.0.2; release f602a7aa7e3e71c12cbec86440ed37e4e6577733
15_energy_structure_records,lactating_cow_early_lactation,GasE,,4.819061806871687,Mcal/d,,,,outside_selected_chain_scope,not_comparable_scope,NOT_ASSESSABLE,"NRC16F1090: supplemental NPN or out-of-range predicted RUP; InvalidProblemError: FeedEnergyInputs NRC16F1090: rup_pct_cp=-2.5368731563421827 must be in [0, 100]; InvalidProblemError: FeedEnergyInputs NRC16F1091: ndf=nan must be a finite % of DM in [0, 100]; lignin=nan must be a finite % of DM in [0, 100]; starch=nan must be a finite % of DM in [0, 100]; fa=nan must be a finite % of DM in [0, 100]; cp=nan must be a finite % of DM in [0, 100]; drup_pct_rup=nan must be in [0, 100]",f5de3f096b618bc01e3c456c493e3788b519a1e4 selected chain,University of Guelph nasem-dairy 1.0.2; release f602a7aa7e3e71c12cbec86440ed37e4e6577733
15_energy_structure_records,lactating_cow_early_lactation,UE,,6.277104965856534,Mcal/d,,,,outside_selected_chain_scope,not_comparable_scope,NOT_ASSESSABLE,"NRC16F1090: supplemental NPN or out-of-range predicted RUP; InvalidProblemError: FeedEnergyInputs NRC16F1090: rup_pct_cp=-2.5368731563421827 must be in [0, 100]; InvalidProblemError: FeedEnergyInputs NRC16F1091: ndf=nan must be a finite % of DM in [0, 100]; lignin=nan must be a finite % of DM in [0, 100]; starch=nan must be a finite % of DM in [0, 100]; fa=nan must be a finite % of DM in [0, 100]; cp=nan must be a finite % of DM in [0, 100]; drup_pct_rup=nan must be in [0, 100]",f5de3f096b618bc01e3c456c493e3788b519a1e4 selected chain,University of Guelph nasem-dairy 1.0.2; release f602a7aa7e3e71c12cbec86440ed37e4e6577733
15_energy_structure_records,lactating_cow_early_lactation,ME,,63.551444206319715,Mcal/d,,,,outside_selected_chain_scope,not_comparable_scope,NOT_ASSESSABLE,"NRC16F1090: supplemental NPN or out-of-range predicted RUP; InvalidProblemError: FeedEnergyInputs NRC16F1090: rup_pct_cp=-2.5368731563421827 must be in [0, 100]; InvalidProblemError: FeedEnergyInputs NRC16F1091: ndf=nan must be a finite % of DM in [0, 100]; lignin=nan must be a finite % of DM in [0, 100]; starch=nan must be a finite % of DM in [0, 100]; fa=nan must be a finite % of DM in [0, 100]; cp=nan must be a finite % of DM in [0, 100]; drup_pct_rup=nan must be in [0, 100]",f5de3f096b618bc01e3c456c493e3788b519a1e4 selected chain,University of Guelph nasem-dairy 1.0.2; release f602a7aa7e3e71c12cbec86440ed37e4e6577733
15_energy_structure_records,lactating_cow_early_lactation,NEL,,41.943953176171014,Mcal/d,,,,outside_selected_chain_scope,not_comparable_scope,NOT_ASSESSABLE,"NRC16F1090: supplemental NPN or out-of-range predicted RUP; InvalidProblemError: FeedEnergyInputs NRC16F1090: rup_pct_cp=-2.5368731563421827 must be in [0, 100]; InvalidProblemError: FeedEnergyInputs NRC16F1091: ndf=nan must be a finite % of DM in [0, 100]; lignin=nan must be a finite % of DM in [0, 100]; starch=nan must be a finite % of DM in [0, 100]; fa=nan must be a finite % of DM in [0, 100]; cp=nan must be a finite % of DM in [0, 100]; drup_pct_rup=nan must be in [0, 100]",f5de3f096b618bc01e3c456c493e3788b519a1e4 selected chain,University of Guelph nasem-dairy 1.0.2; release f602a7aa7e3e71c12cbec86440ed37e4e6577733
15_energy_structure_records,lactating_cow_other,DE,78.1090665057176,78.05900505766964,Mcal/d,0.05006144804796975,0.0006413282876329845,,matched_public_demo_inputs_selected_chain_vs_full_model,full_vs_selected_chain_structural_difference,DESCRIPTIVE_STRUCTURAL_COMPARISON,"fixed microbial loss, fixed basal FA digestibility, lignin-only baseline, selected book chain versus full model including predicted microbial protein and urine coefficient; no animal validation",f5de3f096b618bc01e3c456c493e3788b519a1e4 selected chain,University of Guelph nasem-dairy 1.0.2; release f602a7aa7e3e71c12cbec86440ed37e4e6577733
15_energy_structure_records,lactating_cow_other,GasE,5.202966563372648,5.202966563372648,Mcal/d,0.0,0.0,,matched_public_demo_inputs_selected_chain_vs_full_model,full_vs_selected_chain_structural_difference,DESCRIPTIVE_STRUCTURAL_COMPARISON,"fixed microbial loss, fixed basal FA digestibility, lignin-only baseline, selected book chain versus full model including predicted microbial protein and urine coefficient; no animal validation",f5de3f096b618bc01e3c456c493e3788b519a1e4 selected chain,University of Guelph nasem-dairy 1.0.2; release f602a7aa7e3e71c12cbec86440ed37e4e6577733
15_energy_structure_records,lactating_cow_other,UE,4.1783633883317535,3.295125561915594,Mcal/d,0.8832378264161593,0.26804375427281024,,matched_public_demo_inputs_selected_chain_vs_full_model,full_vs_selected_chain_structural_difference,DESCRIPTIVE_STRUCTURAL_COMPARISON,"fixed microbial loss, fixed basal FA digestibility, lignin-only baseline, selected book chain versus full model including predicted microbial protein and urine coefficient; no animal validation",f5de3f096b618bc01e3c456c493e3788b519a1e4 selected chain,University of Guelph nasem-dairy 1.0.2; release f602a7aa7e3e71c12cbec86440ed37e4e6577733
15_energy_structure_records,lactating_cow_other,ME,68.7277365540132,69.5609129323814,Mcal/d,-0.8331763783681936,-0.011977651575362526,,matched_public_demo_inputs_selected_chain_vs_full_model,full_vs_selected_chain_structural_difference,DESCRIPTIVE_STRUCTURAL_COMPARISON,"fixed microbial loss, fixed basal FA digestibility, lignin-only baseline, selected book chain versus full model including predicted microbial protein and urine coefficient; no animal validation",f5de3f096b618bc01e3c456c493e3788b519a1e4 selected chain,University of Guelph nasem-dairy 1.0.2; release f602a7aa7e3e71c12cbec86440ed37e4e6577733
15_energy_structure_records,lactating_cow_other,NEL,45.36030612564872,45.910202535371724,Mcal/d,-0.5498964097230044,-0.011977651575362451,,matched_public_demo_inputs_selected_chain_vs_full_model,full_vs_selected_chain_structural_difference,DESCRIPTIVE_STRUCTURAL_COMPARISON,"fixed microbial loss, fixed basal FA digestibility, lignin-only baseline, selected book chain versus full model including predicted microbial protein and urine coefficient; no animal validation",f5de3f096b618bc01e3c456c493e3788b519a1e4 selected chain,University of Guelph nasem-dairy 1.0.2; release f602a7aa7e3e71c12cbec86440ed37e4e6577733
