family,case,scenario,training_rep_id,policy,n_total,n_defined,row_unknown,energy_violation_count,energy_violation_rate_total,joint_failure_count,joint_failure_rate_total,positive_deficit_count,positive_deficit_frequency_defined,identity_absolute_error,normalization,normalized_mean,normalized_top_ceil5pct_mean,scope
coverage_formal,A,C0,0,Q2_safe_delta,20000,20000,0,407,0.02035,428,0.0214,407,0.02035,1.734723475976807e-18,original_fixed_selected_chain_NEL_target,0.0002235132878813544,0.004470265757627089,NEL positive deficit arithmetic identity and original row/event classifications; no causal or formal tail inference
coverage_formal,A,C0,0,Q3_delta,20000,19995,5,475,0.02375,518,0.0259,475,0.023755938984746188,1.734723475976807e-18,original_fixed_selected_chain_NEL_target,0.00028312014037301685,0.005660987206758472,NEL positive deficit arithmetic identity and original row/event classifications; no causal or formal tail inference
coverage_formal,A,C0,1,Q2_safe_delta,20000,20000,0,386,0.0193,407,0.02035,386,0.0193,0.0,original_fixed_selected_chain_NEL_target,0.00018278023735368668,0.0036556047470737334,NEL positive deficit arithmetic identity and original row/event classifications; no causal or formal tail inference
coverage_formal,A,C0,1,Q3_delta,20000,19996,4,463,0.02315,516,0.0258,463,0.02315463092618524,1.734723475976807e-18,original_fixed_selected_chain_NEL_target,0.00023268114038620975,0.004652692083162651,NEL positive deficit arithmetic identity and original row/event classifications; no causal or formal tail inference
coverage_formal,A,C0,2,Q2_safe_delta,20000,20000,0,417,0.02085,431,0.02155,417,0.02085,0.0,original_fixed_selected_chain_NEL_target,0.00021577645149096006,0.004315529029819201,NEL positive deficit arithmetic identity and original row/event classifications; no causal or formal tail inference
coverage_formal,A,C0,2,Q3_delta,20000,19991,9,514,0.0257,547,0.02735,514,0.025711570206592968,1.734723475976807e-18,original_fixed_selected_chain_NEL_target,0.000289207560105347,0.005781548334065993,NEL positive deficit arithmetic identity and original row/event classifications; no causal or formal tail inference
coverage_formal,A,C1_Table6_matched,0,Q2_safe_delta,20000,20000,0,391,0.01955,409,0.02045,391,0.01955,1.734723475976807e-18,original_fixed_selected_chain_NEL_target,0.00018849633829727557,0.0037699267659455113,NEL positive deficit arithmetic identity and original row/event classifications; no causal or formal tail inference
coverage_formal,A,C1_Table6_matched,0,Q3_delta,20000,19993,7,458,0.0229,506,0.0253,458,0.02290801780623218,0.0,original_fixed_selected_chain_NEL_target,0.00022922099050068446,0.004582815263080184,NEL positive deficit arithmetic identity and original row/event classifications; no causal or formal tail inference
coverage_formal,A,C1_Table6_matched,1,Q2_safe_delta,20000,20000,0,381,0.01905,396,0.0198,381,0.01905,1.734723475976807e-18,original_fixed_selected_chain_NEL_target,0.00019610100562434036,0.003922020112486807,NEL positive deficit arithmetic identity and original row/event classifications; no causal or formal tail inference
coverage_formal,A,C1_Table6_matched,1,Q3_delta,20000,19994,6,460,0.023,523,0.02615,460,0.023006902070621185,0.0,original_fixed_selected_chain_NEL_target,0.00023779965360108514,0.004754566274100097,NEL positive deficit arithmetic identity and original row/event classifications; no causal or formal tail inference
coverage_formal,A,C1_Table6_matched,2,Q2_safe_delta,20000,20000,0,387,0.01935,405,0.02025,387,0.01935,0.0,original_fixed_selected_chain_NEL_target,0.00018854152616787142,0.0037708305233574283,NEL positive deficit arithmetic identity and original row/event classifications; no causal or formal tail inference
coverage_formal,A,C1_Table6_matched,2,Q3_delta,20000,19986,14,467,0.02335,511,0.02555,467,0.02336635644951466,0.0,original_fixed_selected_chain_NEL_target,0.00025454133494391576,0.005087263120189101,NEL positive deficit arithmetic identity and original row/event classifications; no causal or formal tail inference
coverage_formal,A,C2_Corn4D_author,0,Q2_safe_delta,20000,20000,0,330,0.0165,353,0.01765,330,0.0165,0.0,original_fixed_selected_chain_NEL_target,0.00016976640340661387,0.003395328068132277,NEL positive deficit arithmetic identity and original row/event classifications; no causal or formal tail inference
coverage_formal,A,C2_Corn4D_author,0,Q3_delta,20000,19991,9,385,0.01925,430,0.0215,385,0.019258666399879946,0.0,original_fixed_selected_chain_NEL_target,0.00020109228174906716,0.004020035804445602,NEL positive deficit arithmetic identity and original row/event classifications; no causal or formal tail inference
coverage_formal,A,C2_Corn4D_author,1,Q2_safe_delta,20000,20000,0,340,0.017,359,0.01795,340,0.017,0.0,original_fixed_selected_chain_NEL_target,0.00016742005333938805,0.003348401066787761,NEL positive deficit arithmetic identity and original row/event classifications; no causal or formal tail inference
coverage_formal,A,C2_Corn4D_author,1,Q3_delta,20000,19993,7,385,0.01925,444,0.0222,385,0.01925673985895063,0.0,original_fixed_selected_chain_NEL_target,0.0001879359121141459,0.0037574026908981186,NEL positive deficit arithmetic identity and original row/event classifications; no causal or formal tail inference
coverage_formal,A,C2_Corn4D_author,2,Q2_safe_delta,20000,20000,0,378,0.0189,397,0.01985,378,0.0189,0.0,original_fixed_selected_chain_NEL_target,0.00018213512844489515,0.0036427025688979026,NEL positive deficit arithmetic identity and original row/event classifications; no causal or formal tail inference
coverage_formal,A,C2_Corn4D_author,2,Q3_delta,20000,19988,12,454,0.0227,489,0.02445,454,0.022713628176906142,1.734723475976807e-18,original_fixed_selected_chain_NEL_target,0.00024615358568003663,0.0049201178705725705,NEL positive deficit arithmetic identity and original row/event classifications; no causal or formal tail inference
coverage_formal,C,C0,0,Q2_safe_delta,20000,20000,0,128,0.0064,137,0.00685,128,0.0064,4.336808689942018e-19,original_fixed_selected_chain_NEL_target,6.92672698475286e-05,0.001385345396950572,NEL positive deficit arithmetic identity and original row/event classifications; no causal or formal tail inference
coverage_formal,C,C0,0,Q3_delta,20000,19996,4,177,0.00885,209,0.01045,177,0.008851770354070814,0.0,original_fixed_selected_chain_NEL_target,9.022056508669556e-05,0.0018040504194735646,NEL positive deficit arithmetic identity and original row/event classifications; no causal or formal tail inference
coverage_formal,C,C0,1,Q2_safe_delta,20000,20000,0,154,0.0077,165,0.00825,154,0.0077,4.336808689942018e-19,original_fixed_selected_chain_NEL_target,7.305265211695658e-05,0.0014610530423391315,NEL positive deficit arithmetic identity and original row/event classifications; no causal or formal tail inference
coverage_formal,C,C0,1,Q3_delta,20000,20000,0,264,0.0132,308,0.0154,264,0.0132,8.673617379884035e-19,original_fixed_selected_chain_NEL_target,0.00014260230956502525,0.0028520461913005054,NEL positive deficit arithmetic identity and original row/event classifications; no causal or formal tail inference
coverage_formal,C,C0,2,Q2_safe_delta,20000,20000,0,121,0.00605,130,0.0065,121,0.00605,0.0,original_fixed_selected_chain_NEL_target,5.333962326171913e-05,0.0010667924652343825,NEL positive deficit arithmetic identity and original row/event classifications; no causal or formal tail inference
coverage_formal,C,C0,2,Q3_delta,20000,19991,9,184,0.0092,239,0.01195,184,0.009204141863838727,4.336808689942018e-19,original_fixed_selected_chain_NEL_target,8.011710580764252e-05,0.0016016210622005816,NEL positive deficit arithmetic identity and original row/event classifications; no causal or formal tail inference
coverage_formal,C,C1_Table6_matched,0,Q2_safe_delta,20000,20000,0,120,0.006,131,0.00655,120,0.006,0.0,original_fixed_selected_chain_NEL_target,5.2218249422311256e-05,0.0010443649884462251,NEL positive deficit arithmetic identity and original row/event classifications; no causal or formal tail inference
coverage_formal,C,C1_Table6_matched,0,Q3_delta,20000,19988,12,153,0.00765,211,0.01055,153,0.007654592755653392,0.0,original_fixed_selected_chain_NEL_target,6.815346153202333e-05,0.0013622513891020822,NEL positive deficit arithmetic identity and original row/event classifications; no causal or formal tail inference
coverage_formal,C,C1_Table6_matched,1,Q2_safe_delta,20000,20000,0,141,0.00705,151,0.00755,141,0.00705,0.0,original_fixed_selected_chain_NEL_target,5.757188100363829e-05,0.001151437620072766,NEL positive deficit arithmetic identity and original row/event classifications; no causal or formal tail inference
coverage_formal,C,C1_Table6_matched,1,Q3_delta,20000,20000,0,229,0.01145,273,0.01365,229,0.01145,8.673617379884035e-19,original_fixed_selected_chain_NEL_target,0.0001070952311588365,0.0021419046231767294,NEL positive deficit arithmetic identity and original row/event classifications; no causal or formal tail inference
coverage_formal,C,C1_Table6_matched,2,Q2_safe_delta,20000,20000,0,111,0.00555,122,0.0061,111,0.00555,0.0,original_fixed_selected_chain_NEL_target,5.7304099234124606e-05,0.0011460819846824922,NEL positive deficit arithmetic identity and original row/event classifications; no causal or formal tail inference
coverage_formal,C,C1_Table6_matched,2,Q3_delta,20000,19992,8,174,0.0087,216,0.0108,174,0.008703481392557022,0.0,original_fixed_selected_chain_NEL_target,8.800363965191106e-05,0.0017593687639210055,NEL positive deficit arithmetic identity and original row/event classifications; no causal or formal tail inference
coverage_formal,C,C2_Corn4D_author,0,Q2_safe_delta,20000,20000,0,127,0.00635,133,0.00665,127,0.00635,0.0,original_fixed_selected_chain_NEL_target,5.673605107600637e-05,0.0011347210215201273,NEL positive deficit arithmetic identity and original row/event classifications; no causal or formal tail inference
coverage_formal,C,C2_Corn4D_author,0,Q3_delta,20000,19994,6,171,0.00855,206,0.0103,171,0.00855256576973092,0.0,original_fixed_selected_chain_NEL_target,8.469661127585165e-05,0.001693424045849378,NEL positive deficit arithmetic identity and original row/event classifications; no causal or formal tail inference
coverage_formal,C,C2_Corn4D_author,1,Q2_safe_delta,20000,20000,0,113,0.00565,128,0.0064,113,0.00565,4.336808689942018e-19,original_fixed_selected_chain_NEL_target,4.45616357039439e-05,0.000891232714078878,NEL positive deficit arithmetic identity and original row/event classifications; no causal or formal tail inference
coverage_formal,C,C2_Corn4D_author,1,Q3_delta,20000,20000,0,219,0.01095,250,0.0125,219,0.01095,8.673617379884035e-19,original_fixed_selected_chain_NEL_target,9.804128220998188e-05,0.001960825644199638,NEL positive deficit arithmetic identity and original row/event classifications; no causal or formal tail inference
coverage_formal,C,C2_Corn4D_author,2,Q2_safe_delta,20000,20000,0,95,0.00475,104,0.0052,95,0.00475,2.168404344971009e-19,original_fixed_selected_chain_NEL_target,3.8159629838745054e-05,0.0007631925967749012,NEL positive deficit arithmetic identity and original row/event classifications; no causal or formal tail inference
coverage_formal,C,C2_Corn4D_author,2,Q3_delta,20000,19988,12,138,0.0069,185,0.00925,138,0.006904142485491295,0.0,original_fixed_selected_chain_NEL_target,6.08526472131711e-05,0.001216322712496864,NEL positive deficit arithmetic identity and original row/event classifications; no causal or formal tail inference
measurement_formal,A,C0,0,Q3_ideal_delta,20000,19994,6,431,0.02155,472,0.0236,431,0.021556466940082026,1.734723475976807e-18,original_fixed_selected_chain_NEL_target,0.00022239692900705082,0.0044466041985669735,NEL positive deficit arithmetic identity and original row/event classifications; no causal or formal tail inference
measurement_formal,A,C0,0,Q3_raw_noise_0p1,20000,19994,6,440,0.022,513,0.02565,440,0.02200660198059418,1.734723475976807e-18,original_fixed_selected_chain_NEL_target,0.00022545900761153376,0.004507827398185006,NEL positive deficit arithmetic identity and original row/event classifications; no causal or formal tail inference
measurement_formal,A,C0,0,Q3_raw_noise_0p5,20000,19994,6,540,0.027,1311,0.06555,540,0.02700810243072922,0.0,original_fixed_selected_chain_NEL_target,0.00030729191368715817,0.00614399452226104,NEL positive deficit arithmetic identity and original row/event classifications; no causal or formal tail inference
measurement_formal,A,C0,0,Q3_postmean_0p1,20000,19994,6,434,0.0217,521,0.02605,434,0.021706511953586076,0.0,original_fixed_selected_chain_NEL_target,0.00021866864793996745,0.004372060946911709,NEL positive deficit arithmetic identity and original row/event classifications; no causal or formal tail inference
measurement_formal,A,C0,0,Q3_postmean_0p5,20000,19994,6,425,0.02125,2081,0.10405,425,0.021256376913073922,1.734723475976807e-18,original_fixed_selected_chain_NEL_target,0.00020531331762066506,0.004105034472507577,NEL positive deficit arithmetic identity and original row/event classifications; no causal or formal tail inference
measurement_formal,A,C0,0,Q3_postUA_0p1,20000,19994,6,448,0.0224,500,0.025,448,0.02240672201660498,0.0,original_fixed_selected_chain_NEL_target,0.00023139828689299844,0.004626577348138611,NEL positive deficit arithmetic identity and original row/event classifications; no causal or formal tail inference
measurement_formal,A,C0,0,Q3_postUA_0p5,20000,19994,6,706,0.0353,839,0.04195,706,0.03531059317795339,3.469446951953614e-18,original_fixed_selected_chain_NEL_target,0.0003880310257632849,0.007758292329111118,NEL positive deficit arithmetic identity and original row/event classifications; no causal or formal tail inference
measurement_formal,A,C0,0,Q2_ideal_delta,20000,20000,0,375,0.01875,398,0.0199,375,0.01875,1.734723475976807e-18,original_fixed_selected_chain_NEL_target,0.0001874429028170322,0.0037488580563406443,NEL positive deficit arithmetic identity and original row/event classifications; no causal or formal tail inference
measurement_formal,A,C0,0,Q2_postUA_0p1,20000,19999,1,411,0.02055,437,0.02185,411,0.020551027551377568,0.0,original_fixed_selected_chain_NEL_target,0.00020166395332151958,0.00403307740247707,NEL positive deficit arithmetic identity and original row/event classifications; no causal or formal tail inference
measurement_formal,A,C0,0,Q2_postUA_0p5,20000,19994,6,629,0.03145,731,0.03655,629,0.031459437831349406,3.469446951953614e-18,original_fixed_selected_chain_NEL_target,0.00033324347697693093,0.006662870078676758,NEL positive deficit arithmetic identity and original row/event classifications; no causal or formal tail inference
measurement_formal,A,C0,1,Q3_ideal_delta,20000,19991,9,438,0.0219,496,0.0248,438,0.021909859436746535,0.0,original_fixed_selected_chain_NEL_target,0.0002310710501123337,0.004619341362795663,NEL positive deficit arithmetic identity and original row/event classifications; no causal or formal tail inference
measurement_formal,A,C0,1,Q3_raw_noise_0p1,20000,19991,9,440,0.022,522,0.0261,440,0.022009904457005652,1.734723475976807e-18,original_fixed_selected_chain_NEL_target,0.0002341010670918096,0.004679914432232366,NEL positive deficit arithmetic identity and original row/event classifications; no causal or formal tail inference
measurement_formal,A,C0,1,Q3_raw_noise_0p5,20000,19991,9,548,0.0274,1338,0.0669,548,0.027412335550997948,0.0,original_fixed_selected_chain_NEL_target,0.00031336998099201015,0.006264579290011275,NEL positive deficit arithmetic identity and original row/event classifications; no causal or formal tail inference
measurement_formal,A,C0,1,Q3_postmean_0p1,20000,19991,9,437,0.02185,523,0.02615,437,0.021859836926616978,0.0,original_fixed_selected_chain_NEL_target,0.0002332051646094804,0.004662004445708122,NEL positive deficit arithmetic identity and original row/event classifications; no causal or formal tail inference
measurement_formal,A,C0,1,Q3_postmean_0p5,20000,19991,9,428,0.0214,2121,0.10605,428,0.021409634335450952,0.0,original_fixed_selected_chain_NEL_target,0.00020137787983381516,0.004025745195757799,NEL positive deficit arithmetic identity and original row/event classifications; no causal or formal tail inference
measurement_formal,A,C0,1,Q3_postUA_0p1,20000,19991,9,457,0.02285,520,0.026,457,0.022860287129208144,0.0,original_fixed_selected_chain_NEL_target,0.00024378727096562597,0.004873551333873829,NEL positive deficit arithmetic identity and original row/event classifications; no causal or formal tail inference
measurement_formal,A,C0,1,Q3_postUA_0p5,20000,19991,9,686,0.0343,832,0.0416,686,0.03431544194887699,0.0,original_fixed_selected_chain_NEL_target,0.00038409560147569346,0.007678455169100588,NEL positive deficit arithmetic identity and original row/event classifications; no causal or formal tail inference
measurement_formal,A,C0,1,Q2_ideal_delta,20000,20000,0,365,0.01825,383,0.01915,365,0.01825,0.0,original_fixed_selected_chain_NEL_target,0.0001898873295764727,0.0037977465915294533,NEL positive deficit arithmetic identity and original row/event classifications; no causal or formal tail inference
measurement_formal,A,C0,1,Q2_postUA_0p1,20000,20000,0,374,0.0187,401,0.02005,374,0.0187,1.734723475976807e-18,original_fixed_selected_chain_NEL_target,0.0002000223826471961,0.004000447652943923,NEL positive deficit arithmetic identity and original row/event classifications; no causal or formal tail inference
measurement_formal,A,C0,1,Q2_postUA_0p5,20000,19991,9,620,0.031,722,0.0361,620,0.031013956280326146,0.0,original_fixed_selected_chain_NEL_target,0.0003301305144943106,0.006599639115255764,NEL positive deficit arithmetic identity and original row/event classifications; no causal or formal tail inference
measurement_formal,A,C0,2,Q3_ideal_delta,20000,19995,5,452,0.0226,494,0.0247,452,0.022605651412853214,1.734723475976807e-18,original_fixed_selected_chain_NEL_target,0.0002298189543384029,0.004595229991996365,NEL positive deficit arithmetic identity and original row/event classifications; no causal or formal tail inference
measurement_formal,A,C0,2,Q3_raw_noise_0p1,20000,19995,5,448,0.0224,520,0.026,448,0.022405601400350087,1.734723475976807e-18,original_fixed_selected_chain_NEL_target,0.0002220365976823482,0.004439621770658552,NEL positive deficit arithmetic identity and original row/event classifications; no causal or formal tail inference
measurement_formal,A,C0,2,Q3_raw_noise_0p5,20000,19995,5,542,0.0271,1244,0.0622,542,0.027106776694173544,1.734723475976807e-18,original_fixed_selected_chain_NEL_target,0.00029757427489761346,0.00594999762657778,NEL positive deficit arithmetic identity and original row/event classifications; no causal or formal tail inference
measurement_formal,A,C0,2,Q3_postmean_0p1,20000,19995,5,446,0.0223,525,0.02625,446,0.022305576394098525,0.0,original_fixed_selected_chain_NEL_target,0.00021937628713429978,0.004386428861250324,NEL positive deficit arithmetic identity and original row/event classifications; no causal or formal tail inference
measurement_formal,A,C0,2,Q3_postmean_0p5,20000,19995,5,453,0.02265,2100,0.105,453,0.022655663915978994,0.0,original_fixed_selected_chain_NEL_target,0.00019717114364785446,0.003942437017238849,NEL positive deficit arithmetic identity and original row/event classifications; no causal or formal tail inference
measurement_formal,A,C0,2,Q3_postUA_0p1,20000,19995,5,465,0.02325,514,0.0257,465,0.023255813953488372,1.734723475976807e-18,original_fixed_selected_chain_NEL_target,0.0002263638082225414,0.004526144345409716,NEL positive deficit arithmetic identity and original row/event classifications; no causal or formal tail inference
measurement_formal,A,C0,2,Q3_postUA_0p5,20000,19995,5,719,0.03595,840,0.042,719,0.03595898974743686,0.0,original_fixed_selected_chain_NEL_target,0.0003699998919287826,0.007398147839116009,NEL positive deficit arithmetic identity and original row/event classifications; no causal or formal tail inference
measurement_formal,A,C0,2,Q2_ideal_delta,20000,20000,0,345,0.01725,361,0.01805,345,0.01725,8.673617379884035e-19,original_fixed_selected_chain_NEL_target,0.00016141672679813955,0.003228334535962791,NEL positive deficit arithmetic identity and original row/event classifications; no causal or formal tail inference
measurement_formal,A,C0,2,Q2_postUA_0p1,20000,19999,1,374,0.0187,397,0.01985,374,0.018700935046752337,1.734723475976807e-18,original_fixed_selected_chain_NEL_target,0.000167668724816206,0.003353206827599304,NEL positive deficit arithmetic identity and original row/event classifications; no causal or formal tail inference
measurement_formal,A,C0,2,Q2_postUA_0p5,20000,19995,5,604,0.0302,699,0.03495,604,0.030207551887971994,0.0,original_fixed_selected_chain_NEL_target,0.00029783903959002065,0.005955291596602463,NEL positive deficit arithmetic identity and original row/event classifications; no causal or formal tail inference
measurement_formal,C,C0,0,Q3_ideal_delta,20000,19989,11,158,0.0079,209,0.01045,158,0.007904347391065086,0.0,original_fixed_selected_chain_NEL_target,8.916636254908097e-05,0.0017823464209935794,NEL positive deficit arithmetic identity and original row/event classifications; no causal or formal tail inference
measurement_formal,C,C0,0,Q3_raw_noise_0p1,20000,19989,11,164,0.0082,230,0.0115,164,0.008204512481865026,0.0,original_fixed_selected_chain_NEL_target,9.709114633819016e-05,0.0019407549241540834,NEL positive deficit arithmetic identity and original row/event classifications; no causal or formal tail inference
measurement_formal,C,C0,0,Q3_raw_noise_0p5,20000,19989,11,223,0.01115,899,0.04495,223,0.011156135874731103,2.6020852139652106e-18,original_fixed_selected_chain_NEL_target,0.0001363197937864455,0.0027248963579972587,NEL positive deficit arithmetic identity and original row/event classifications; no causal or formal tail inference
measurement_formal,C,C0,0,Q3_postmean_0p1,20000,19989,11,163,0.00815,238,0.0119,163,0.008154484966731702,8.673617379884035e-19,original_fixed_selected_chain_NEL_target,9.352249419250878e-05,0.0018694211364140578,NEL positive deficit arithmetic identity and original row/event classifications; no causal or formal tail inference
measurement_formal,C,C0,0,Q3_postmean_0p5,20000,19989,11,146,0.0073,1687,0.08435,146,0.007304017209465206,0.0,original_fixed_selected_chain_NEL_target,6.876149606713682e-05,0.0013744735448859978,NEL positive deficit arithmetic identity and original row/event classifications; no causal or formal tail inference
measurement_formal,C,C0,0,Q3_postUA_0p1,20000,19989,11,176,0.0088,224,0.0112,176,0.008804842663464907,0.0,original_fixed_selected_chain_NEL_target,0.0001037442903112203,0.0020737446190309825,NEL positive deficit arithmetic identity and original row/event classifications; no causal or formal tail inference
measurement_formal,C,C0,0,Q3_postUA_0p5,20000,19989,11,292,0.0146,429,0.02145,292,0.014608034418930412,8.673617379884035e-19,original_fixed_selected_chain_NEL_target,0.0001619354665614546,0.0032369280410969163,NEL positive deficit arithmetic identity and original row/event classifications; no causal or formal tail inference
measurement_formal,C,C0,0,Q2_ideal_delta,20000,20000,0,113,0.00565,125,0.00625,113,0.00565,4.336808689942018e-19,original_fixed_selected_chain_NEL_target,5.739821323276859e-05,0.001147964264655372,NEL positive deficit arithmetic identity and original row/event classifications; no causal or formal tail inference
measurement_formal,C,C0,0,Q2_postUA_0p1,20000,19998,2,120,0.006,133,0.00665,120,0.006000600060006,4.336808689942018e-19,original_fixed_selected_chain_NEL_target,6.463702174900774e-05,0.001292611160936657,NEL positive deficit arithmetic identity and original row/event classifications; no causal or formal tail inference
measurement_formal,C,C0,0,Q2_postUA_0p5,20000,19989,11,251,0.01255,322,0.0161,251,0.012556906298464156,0.0,original_fixed_selected_chain_NEL_target,0.00012372279987464245,0.0024730950466942277,NEL positive deficit arithmetic identity and original row/event classifications; no causal or formal tail inference
measurement_formal,C,C0,1,Q3_ideal_delta,20000,20000,0,196,0.0098,240,0.012,196,0.0098,8.673617379884035e-19,original_fixed_selected_chain_NEL_target,0.00010560925693654894,0.002112185138730979,NEL positive deficit arithmetic identity and original row/event classifications; no causal or formal tail inference
measurement_formal,C,C0,1,Q3_raw_noise_0p1,20000,19997,3,217,0.01085,282,0.0141,217,0.010851627744161624,0.0,original_fixed_selected_chain_NEL_target,0.00011397122159799745,0.002279082518295155,NEL positive deficit arithmetic identity and original row/event classifications; no causal or formal tail inference
measurement_formal,C,C0,1,Q3_raw_noise_0p5,20000,19995,5,282,0.0141,803,0.04015,282,0.014103525881470368,0.0,original_fixed_selected_chain_NEL_target,0.00015794133638503618,0.0031580370210187985,NEL positive deficit arithmetic identity and original row/event classifications; no causal or formal tail inference
measurement_formal,C,C0,1,Q3_postmean_0p1,20000,19997,3,216,0.0108,288,0.0144,216,0.010801620243036455,0.0,original_fixed_selected_chain_NEL_target,0.00011342646176035029,0.0022681889558217247,NEL positive deficit arithmetic identity and original row/event classifications; no causal or formal tail inference
measurement_formal,C,C0,1,Q3_postmean_0p5,20000,19992,8,223,0.01115,1283,0.06415,223,0.011154461784713885,8.673617379884035e-19,original_fixed_selected_chain_NEL_target,0.00010977958185092216,0.0021947134003636355,NEL positive deficit arithmetic identity and original row/event classifications; no causal or formal tail inference
measurement_formal,C,C0,1,Q3_postUA_0p1,20000,19997,3,224,0.0112,270,0.0135,224,0.011201680252037806,0.0,original_fixed_selected_chain_NEL_target,0.00011764997061159489,0.0023526464623200628,NEL positive deficit arithmetic identity and original row/event classifications; no causal or formal tail inference
measurement_formal,C,C0,1,Q3_postUA_0p5,20000,19992,8,340,0.017,478,0.0239,340,0.017006802721088437,1.734723475976807e-18,original_fixed_selected_chain_NEL_target,0.00018404495493538022,0.003679426739068121,NEL positive deficit arithmetic identity and original row/event classifications; no causal or formal tail inference
measurement_formal,C,C0,1,Q2_ideal_delta,20000,20000,0,138,0.0069,151,0.00755,138,0.0069,0.0,original_fixed_selected_chain_NEL_target,6.219220628881466e-05,0.001243844125776293,NEL positive deficit arithmetic identity and original row/event classifications; no causal or formal tail inference
measurement_formal,C,C0,1,Q2_postUA_0p1,20000,19997,3,147,0.00735,166,0.0083,147,0.00735110266539981,4.336808689942018e-19,original_fixed_selected_chain_NEL_target,6.964082062181273e-05,0.0013926074899743893,NEL positive deficit arithmetic identity and original row/event classifications; no causal or formal tail inference
measurement_formal,C,C0,1,Q2_postUA_0p5,20000,19992,8,259,0.01295,335,0.01675,259,0.012955182072829132,0.0,original_fixed_selected_chain_NEL_target,0.00012678127468660725,0.002534611243534652,NEL positive deficit arithmetic identity and original row/event classifications; no causal or formal tail inference
measurement_formal,C,C0,2,Q3_ideal_delta,20000,19992,8,185,0.00925,221,0.01105,185,0.009253701480592237,0.0,original_fixed_selected_chain_NEL_target,0.00010069109956458691,0.0020130164624952217,NEL positive deficit arithmetic identity and original row/event classifications; no causal or formal tail inference
measurement_formal,C,C0,2,Q3_raw_noise_0p1,20000,19992,8,185,0.00925,254,0.0127,185,0.009253701480592237,0.0,original_fixed_selected_chain_NEL_target,0.00011535859665806092,0.0023062490643879544,NEL positive deficit arithmetic identity and original row/event classifications; no causal or formal tail inference
measurement_formal,C,C0,2,Q3_raw_noise_0p5,20000,19992,8,259,0.01295,896,0.0448,259,0.012955182072829132,0.0,original_fixed_selected_chain_NEL_target,0.00017278928642292275,0.003454403414167071,NEL positive deficit arithmetic identity and original row/event classifications; no causal or formal tail inference
measurement_formal,C,C0,2,Q3_postmean_0p1,20000,19992,8,180,0.009,259,0.01295,180,0.00900360144057623,8.673617379884035e-19,original_fixed_selected_chain_NEL_target,0.00011075774213298748,0.002214268780722686,NEL positive deficit arithmetic identity and original row/event classifications; no causal or formal tail inference
measurement_formal,C,C0,2,Q3_postmean_0p5,20000,19992,8,173,0.00865,1521,0.07605,173,0.008653461384553822,4.336808689942018e-19,original_fixed_selected_chain_NEL_target,7.519957809218981e-05,0.0015033899652190587,NEL positive deficit arithmetic identity and original row/event classifications; no causal or formal tail inference
measurement_formal,C,C0,2,Q3_postUA_0p1,20000,19992,8,199,0.00995,244,0.0122,199,0.009953981592637055,8.673617379884035e-19,original_fixed_selected_chain_NEL_target,0.00012645114094550142,0.0025280112097824637,NEL positive deficit arithmetic identity and original row/event classifications; no causal or formal tail inference
measurement_formal,C,C0,2,Q3_postUA_0p5,20000,19992,8,333,0.01665,468,0.0234,333,0.016656662665066026,1.734723475976807e-18,original_fixed_selected_chain_NEL_target,0.0001879314739137691,0.0037571260264840723,NEL positive deficit arithmetic identity and original row/event classifications; no causal or formal tail inference
measurement_formal,C,C0,2,Q2_ideal_delta,20000,20000,0,135,0.00675,140,0.007,135,0.00675,0.0,original_fixed_selected_chain_NEL_target,6.040059836335823e-05,0.0012080119672671643,NEL positive deficit arithmetic identity and original row/event classifications; no causal or formal tail inference
measurement_formal,C,C0,2,Q2_postUA_0p1,20000,19997,3,146,0.0073,158,0.0079,146,0.007301095164274641,0.0,original_fixed_selected_chain_NEL_target,6.400788264179986e-05,0.001279965629188072,NEL positive deficit arithmetic identity and original row/event classifications; no causal or formal tail inference
measurement_formal,C,C0,2,Q2_postUA_0p5,20000,19992,8,272,0.0136,337,0.01685,272,0.013605442176870748,8.673617379884035e-19,original_fixed_selected_chain_NEL_target,0.0001341226290445648,0.0026813795998589397,NEL positive deficit arithmetic identity and original row/event classifications; no causal or formal tail inference
