family,case,policy,training_source_cells,min_normalized_NEL_top_ceil5pct_mean,max_normalized_NEL_top_ceil5pct_mean,normalization,scope
coverage_formal,A,Q2_safe_delta,9,0.003348401066787761,0.004470265757627089,original_fixed_selected_chain_NEL_target,"ranges across cells, not pooled estimates"
coverage_formal,A,Q3_delta,9,0.0037574026908981186,0.005781548334065993,original_fixed_selected_chain_NEL_target,"ranges across cells, not pooled estimates"
coverage_formal,C,Q2_safe_delta,9,0.0007631925967749012,0.0014610530423391315,original_fixed_selected_chain_NEL_target,"ranges across cells, not pooled estimates"
coverage_formal,C,Q3_delta,9,0.001216322712496864,0.0028520461913005054,original_fixed_selected_chain_NEL_target,"ranges across cells, not pooled estimates"
measurement_formal,A,Q2_ideal_delta,3,0.003228334535962791,0.0037977465915294533,original_fixed_selected_chain_NEL_target,"ranges across cells, not pooled estimates"
measurement_formal,A,Q2_postUA_0p1,3,0.003353206827599304,0.00403307740247707,original_fixed_selected_chain_NEL_target,"ranges across cells, not pooled estimates"
measurement_formal,A,Q2_postUA_0p5,3,0.005955291596602463,0.006662870078676758,original_fixed_selected_chain_NEL_target,"ranges across cells, not pooled estimates"
measurement_formal,A,Q3_ideal_delta,3,0.0044466041985669735,0.004619341362795663,original_fixed_selected_chain_NEL_target,"ranges across cells, not pooled estimates"
measurement_formal,A,Q3_postUA_0p1,3,0.004526144345409716,0.004873551333873829,original_fixed_selected_chain_NEL_target,"ranges across cells, not pooled estimates"
measurement_formal,A,Q3_postUA_0p5,3,0.007398147839116009,0.007758292329111118,original_fixed_selected_chain_NEL_target,"ranges across cells, not pooled estimates"
measurement_formal,A,Q3_postmean_0p1,3,0.004372060946911709,0.004662004445708122,original_fixed_selected_chain_NEL_target,"ranges across cells, not pooled estimates"
measurement_formal,A,Q3_postmean_0p5,3,0.003942437017238849,0.004105034472507577,original_fixed_selected_chain_NEL_target,"ranges across cells, not pooled estimates"
measurement_formal,A,Q3_raw_noise_0p1,3,0.004439621770658552,0.004679914432232366,original_fixed_selected_chain_NEL_target,"ranges across cells, not pooled estimates"
measurement_formal,A,Q3_raw_noise_0p5,3,0.00594999762657778,0.006264579290011275,original_fixed_selected_chain_NEL_target,"ranges across cells, not pooled estimates"
measurement_formal,C,Q2_ideal_delta,3,0.001147964264655372,0.001243844125776293,original_fixed_selected_chain_NEL_target,"ranges across cells, not pooled estimates"
measurement_formal,C,Q2_postUA_0p1,3,0.001279965629188072,0.0013926074899743893,original_fixed_selected_chain_NEL_target,"ranges across cells, not pooled estimates"
measurement_formal,C,Q2_postUA_0p5,3,0.0024730950466942277,0.0026813795998589397,original_fixed_selected_chain_NEL_target,"ranges across cells, not pooled estimates"
measurement_formal,C,Q3_ideal_delta,3,0.0017823464209935794,0.002112185138730979,original_fixed_selected_chain_NEL_target,"ranges across cells, not pooled estimates"
measurement_formal,C,Q3_postUA_0p1,3,0.0020737446190309825,0.0025280112097824637,original_fixed_selected_chain_NEL_target,"ranges across cells, not pooled estimates"
measurement_formal,C,Q3_postUA_0p5,3,0.0032369280410969163,0.0037571260264840723,original_fixed_selected_chain_NEL_target,"ranges across cells, not pooled estimates"
measurement_formal,C,Q3_postmean_0p1,3,0.0018694211364140578,0.0022681889558217247,original_fixed_selected_chain_NEL_target,"ranges across cells, not pooled estimates"
measurement_formal,C,Q3_postmean_0p5,3,0.0013744735448859978,0.0021947134003636355,original_fixed_selected_chain_NEL_target,"ranges across cells, not pooled estimates"
measurement_formal,C,Q3_raw_noise_0p1,3,0.0019407549241540834,0.0023062490643879544,original_fixed_selected_chain_NEL_target,"ranges across cells, not pooled estimates"
measurement_formal,C,Q3_raw_noise_0p5,3,0.0027248963579972587,0.003454403414167071,original_fixed_selected_chain_NEL_target,"ranges across cells, not pooled estimates"
