family,case,scenario,policy,n_training_replicates,min_normalized_top_ceil5pct_mean,max_normalized_top_ceil5pct_mean,min_energy_violation_rate,max_energy_violation_rate,min_n_defined,max_n_defined,scope
coverage_formal,A,C0,Q2_safe_delta,3,0.0036556047470737334,0.004470265757627089,0.0193,0.02085,20000,20000,"per-source range, no pooling"
coverage_formal,A,C0,Q3_delta,3,0.004652692083162651,0.005781548334065993,0.02315,0.0257,19991,19996,"per-source range, no pooling"
coverage_formal,A,C1_Table6_matched,Q2_safe_delta,3,0.0037699267659455113,0.003922020112486807,0.01905,0.01955,20000,20000,"per-source range, no pooling"
coverage_formal,A,C1_Table6_matched,Q3_delta,3,0.004582815263080184,0.005087263120189101,0.0229,0.02335,19986,19994,"per-source range, no pooling"
coverage_formal,A,C2_Corn4D_author,Q2_safe_delta,3,0.003348401066787761,0.0036427025688979026,0.0165,0.0189,20000,20000,"per-source range, no pooling"
coverage_formal,A,C2_Corn4D_author,Q3_delta,3,0.0037574026908981186,0.0049201178705725705,0.01925,0.0227,19988,19993,"per-source range, no pooling"
coverage_formal,C,C0,Q2_safe_delta,3,0.0010667924652343825,0.0014610530423391315,0.00605,0.0077,20000,20000,"per-source range, no pooling"
coverage_formal,C,C0,Q3_delta,3,0.0016016210622005816,0.0028520461913005054,0.00885,0.0132,19991,20000,"per-source range, no pooling"
coverage_formal,C,C1_Table6_matched,Q2_safe_delta,3,0.0010443649884462251,0.001151437620072766,0.00555,0.00705,20000,20000,"per-source range, no pooling"
coverage_formal,C,C1_Table6_matched,Q3_delta,3,0.0013622513891020822,0.0021419046231767294,0.00765,0.01145,19988,20000,"per-source range, no pooling"
coverage_formal,C,C2_Corn4D_author,Q2_safe_delta,3,0.0007631925967749012,0.0011347210215201273,0.00475,0.00635,20000,20000,"per-source range, no pooling"
coverage_formal,C,C2_Corn4D_author,Q3_delta,3,0.001216322712496864,0.001960825644199638,0.0069,0.01095,19988,20000,"per-source range, no pooling"
measurement_formal,A,C0,Q2_ideal_delta,3,0.003228334535962791,0.0037977465915294533,0.01725,0.01875,20000,20000,"per-source range, no pooling"
measurement_formal,A,C0,Q2_postUA_0p1,3,0.003353206827599304,0.00403307740247707,0.0187,0.02055,19999,20000,"per-source range, no pooling"
measurement_formal,A,C0,Q2_postUA_0p5,3,0.005955291596602463,0.006662870078676758,0.0302,0.03145,19991,19995,"per-source range, no pooling"
measurement_formal,A,C0,Q3_ideal_delta,3,0.0044466041985669735,0.004619341362795663,0.02155,0.0226,19991,19995,"per-source range, no pooling"
measurement_formal,A,C0,Q3_postUA_0p1,3,0.004526144345409716,0.004873551333873829,0.0224,0.02325,19991,19995,"per-source range, no pooling"
measurement_formal,A,C0,Q3_postUA_0p5,3,0.007398147839116009,0.007758292329111118,0.0343,0.03595,19991,19995,"per-source range, no pooling"
measurement_formal,A,C0,Q3_postmean_0p1,3,0.004372060946911709,0.004662004445708122,0.0217,0.0223,19991,19995,"per-source range, no pooling"
measurement_formal,A,C0,Q3_postmean_0p5,3,0.003942437017238849,0.004105034472507577,0.02125,0.02265,19991,19995,"per-source range, no pooling"
measurement_formal,A,C0,Q3_raw_noise_0p1,3,0.004439621770658552,0.004679914432232366,0.022,0.0224,19991,19995,"per-source range, no pooling"
measurement_formal,A,C0,Q3_raw_noise_0p5,3,0.00594999762657778,0.006264579290011275,0.027,0.0274,19991,19995,"per-source range, no pooling"
measurement_formal,C,C0,Q2_ideal_delta,3,0.001147964264655372,0.001243844125776293,0.00565,0.0069,20000,20000,"per-source range, no pooling"
measurement_formal,C,C0,Q2_postUA_0p1,3,0.001279965629188072,0.0013926074899743893,0.006,0.00735,19997,19998,"per-source range, no pooling"
measurement_formal,C,C0,Q2_postUA_0p5,3,0.0024730950466942277,0.0026813795998589397,0.01255,0.0136,19989,19992,"per-source range, no pooling"
measurement_formal,C,C0,Q3_ideal_delta,3,0.0017823464209935794,0.002112185138730979,0.0079,0.0098,19989,20000,"per-source range, no pooling"
measurement_formal,C,C0,Q3_postUA_0p1,3,0.0020737446190309825,0.0025280112097824637,0.0088,0.0112,19989,19997,"per-source range, no pooling"
measurement_formal,C,C0,Q3_postUA_0p5,3,0.0032369280410969163,0.0037571260264840723,0.0146,0.017,19989,19992,"per-source range, no pooling"
measurement_formal,C,C0,Q3_postmean_0p1,3,0.0018694211364140578,0.0022681889558217247,0.00815,0.0108,19989,19997,"per-source range, no pooling"
measurement_formal,C,C0,Q3_postmean_0p5,3,0.0013744735448859978,0.0021947134003636355,0.0073,0.01115,19989,19992,"per-source range, no pooling"
measurement_formal,C,C0,Q3_raw_noise_0p1,3,0.0019407549241540834,0.0023062490643879544,0.0082,0.01085,19989,19997,"per-source range, no pooling"
measurement_formal,C,C0,Q3_raw_noise_0p5,3,0.0027248963579972587,0.003454403414167071,0.01115,0.0141,19989,19995,"per-source range, no pooling"
