case,replicate,pool_or_rule,corn_silage_typical,legume_hay_mid,corn_grain_dry_ground_medium,soybean_meal_solvent_48cp,canola_meal_solvent,soybean_hulls,limestone_ground,dicalcium_phosphate,cottonseed_whole_linted,total_as_fed_kg_d
A,0,Q0_static,22.0,7.9,7.4,4.8,0.0,4.1,0.1,0.1,NA,46.5
A,0,Q1_static,14.0,9.2,5.4,4.6,0.0,8.2,0.0,0.1,NA,41.6
A,0,Q2_static,14.0,9.2,5.4,4.6,0.0,8.2,0.0,0.1,NA,41.6
A,0,Q3_static,14.0,9.2,5.4,4.6,0.0,8.2,0.0,0.1,NA,41.6
A,0,Q4_static,14.0,9.2,5.4,4.6,0.0,8.2,0.0,0.1,NA,41.6
A,1,Q0_static,22.2,6.2,6.1,4.8,0.1,6.9,0.1,0.1,NA,46.5
A,1,Q1_static,14.0,9.2,5.4,4.6,0.0,8.2,0.0,0.1,NA,41.6
A,1,Q2_static,14.0,9.2,5.4,4.6,0.0,8.2,0.0,0.1,NA,41.6
A,1,Q3_static,14.0,9.2,5.4,4.6,0.0,8.2,0.0,0.1,NA,41.6
A,1,Q4_static,14.0,9.2,5.4,4.6,0.0,8.2,0.0,0.1,NA,41.6
A,2,Q0_static,22.0,7.9,7.4,4.8,0.0,4.1,0.1,0.1,NA,46.5
A,2,Q1_static,10.0,11.1,4.0,4.1,0.0,9.8,0.0,0.1,NA,39.1
A,2,Q2_static,10.0,11.1,4.0,4.1,0.0,9.8,0.0,0.1,NA,39.1
A,2,Q3_static,10.0,11.1,4.0,4.1,0.0,9.8,0.0,0.1,NA,39.1
A,2,Q4_static,10.0,11.1,4.0,4.1,0.0,9.8,0.0,0.1,NA,39.1
C,0,Q0_static,24.3,7.0,6.8,4.8,0.0,2.7,0.2,0.1,2.0,47.8
C,0,Q1_static,7.1,13.4,1.9,2.4,0.0,9.1,0.0,0.2,3.2,37.3
C,0,Q2_static,9.5,12.0,3.0,2.7,0.0,8.1,0.0,0.1,3.2,38.7
C,0,Q3_static,9.5,12.0,3.0,2.7,0.0,8.1,0.0,0.1,3.2,38.7
C,0,Q4_static,9.5,12.0,3.0,2.7,0.0,8.1,0.0,0.1,3.2,38.7
C,1,Q0_static,24.3,7.0,6.8,4.8,0.0,2.7,0.2,0.1,2.0,47.8
C,1,Q1_static,7.1,13.4,1.9,2.4,0.0,9.1,0.0,0.2,3.2,37.3
C,1,Q2_static,10.3,11.6,3.2,2.9,0.0,7.9,0.0,0.1,3.1,39.2
C,1,Q3_static,10.3,11.6,3.2,2.9,0.0,7.9,0.0,0.1,3.1,39.2
C,1,Q4_static,10.3,11.6,3.2,2.9,0.0,7.9,0.0,0.1,3.1,39.2
C,2,Q0_static,24.3,7.0,6.8,4.8,0.0,2.7,0.2,0.1,2.0,47.8
C,2,Q1_static,5.2,14.0,1.5,2.2,0.0,9.7,0.0,0.2,3.2,36.1
C,2,Q2_static,10.9,11.9,2.6,3.0,0.0,7.9,0.0,0.1,3.1,39.6
C,2,Q3_static,10.9,11.9,2.6,3.0,0.0,7.9,0.0,0.1,3.1,39.6
C,2,Q4_static,10.9,11.9,2.6,3.0,0.0,7.9,0.0,0.1,3.1,39.6
R0,0,new_trainingbest_static,19.8,5.7,4.2,7.8,0.0,4.4,0.1,0.1,NA,42.0
R0,1,new_trainingbest_static,19.9,5.5,4.2,7.4,0.0,4.9,0.1,0.1,NA,42.1
R0,2,new_trainingbest_static,19.9,5.5,4.2,7.9,0.0,4.4,0.1,0.1,NA,42.1
B,0,new_trainingbest_static,19.8,5.6,4.2,6.6,0.0,2.7,0.2,0.0,2.9,42.0
B,1,new_trainingbest_static,19.6,5.5,4.1,6.3,0.0,3.2,0.2,0.1,2.9,41.9
B,2,new_trainingbest_static,19.9,5.5,4.2,6.6,0.0,2.8,0.2,0.0,2.9,42.1
