case,new_root_index,world,scenario,primary_metric,n_fixed_q,n_structurally_legal_q,min_upper_risk,best_q_pointwise_cp_upper,best_q_simultaneous_cp_upper,all_q_min_simultaneous_upper_risk_lower,max_upper_risk,max_unknown_share,alpha_0.01_pointwise_comparable_q,alpha_0.01_simultaneous_comparable_q,alpha_0.01_all_frozen_q_rejected_by_simultaneous_lower,alpha_0.02_pointwise_comparable_q,alpha_0.02_simultaneous_comparable_q,alpha_0.02_all_frozen_q_rejected_by_simultaneous_lower,alpha_0.05_pointwise_comparable_q,alpha_0.05_simultaneous_comparable_q,alpha_0.05_all_frozen_q_rejected_by_simultaneous_lower,alpha_0.1_pointwise_comparable_q,alpha_0.1_simultaneous_comparable_q,alpha_0.1_all_frozen_q_rejected_by_simultaneous_lower,alpha_0.2_pointwise_comparable_q,alpha_0.2_simultaneous_comparable_q,alpha_0.2_all_frozen_q_rejected_by_simultaneous_lower
R0,0,MO12,C0,event/main_reference_plan_domain,8,8,0.8418,0.8460325420830493,0.8561351812704713,0.8267135447744356,0.9536,0.0,0,0,True,0,0,True,0,0,True,0,0,True,0,0,True
R0,0,MO12,C1_Table6_matched,event/main_reference_plan_domain,8,8,0.8411,0.8453402279712153,0.855462267338224,0.8259880002834605,0.9488,0.0,0,0,True,0,0,True,0,0,True,0,0,True,0,0,True
R0,0,MO12,C2_Corn4D_author,event/main_reference_plan_domain,8,8,0.8703,0.8741927153385132,0.8834394020617135,0.8563465262191033,0.97095,0.0,0,0,True,0,0,True,0,0,True,0,0,True,0,0,True
R0,0,TAB,C0,event/main_reference_plan_domain,8,8,0.90715,0.9105066415538344,0.9184091332779935,0.894995450718735,0.9573,0.0,0,0,True,0,0,True,0,0,True,0,0,True,0,0,True
R0,0,TAB,C1_Table6_matched,event/main_reference_plan_domain,8,8,0.8969,0.9004190305001308,0.9087280197343095,0.8841992141860864,0.95035,0.0,0,0,True,0,0,True,0,0,True,0,0,True,0,0,True
R0,0,TAB,C2_Corn4D_author,event/main_reference_plan_domain,8,8,0.92785,0.9308382059600189,0.937820385813068,0.9169383683533872,0.9715,0.0,0,0,True,0,0,True,0,0,True,0,0,True,0,0,True
R0,0,NARROW,C0,event/main_reference_plan_domain,8,8,0.80215,0.8067758372219579,0.8178740245389424,0.7857619764840102,0.9676,0.0,0,0,True,0,0,True,0,0,True,0,0,True,0,0,True
R0,0,NARROW,C1_Table6_matched,event/main_reference_plan_domain,8,8,0.80355,0.8081632922409578,0.8192296250714922,0.7872032956574234,0.9628,0.0,0,0,True,0,0,True,0,0,True,0,0,True,0,0,True
R0,0,NARROW,C2_Corn4D_author,event/main_reference_plan_domain,8,8,0.814,0.8185167306634482,0.829338111446031,0.7979718144610477,0.9767,0.0,0,0,True,0,0,True,0,0,True,0,0,True,0,0,True
R0,0,SRC12,C0,event/main_reference_plan_domain,8,8,0.8897,0.8933265026977045,0.901904836125315,0.8766382955771428,0.95765,0.0,0,0,True,0,0,True,0,0,True,0,0,True,0,0,True
R0,0,SRC12,C1_Table6_matched,event/main_reference_plan_domain,8,8,0.88995,0.8935728557358843,0.902142044948519,0.8769005348978058,0.9573,0.0,0,0,True,0,0,True,0,0,True,0,0,True,0,0,True
R0,0,SRC12,C2_Corn4D_author,event/main_reference_plan_domain,8,8,0.91535,0.9185677957851399,0.9261231560074618,0.9036632896541652,0.971,0.0,0,0,True,0,0,True,0,0,True,0,0,True,0,0,True
R0,0,SRC14,C0,event/main_reference_plan_domain,8,8,0.8585,0.8625401032183937,0.8721576130437798,0.8440543244397084,0.9729,0.0,0,0,True,0,0,True,0,0,True,0,0,True,0,0,True
R0,0,SRC14,C1_Table6_matched,event/main_reference_plan_domain,8,8,0.86085,0.8648615467990193,0.8744071621996268,0.8464995965753374,0.97095,0.0,0,0,True,0,0,True,0,0,True,0,0,True,0,0,True
R0,0,SRC14,C2_Corn4D_author,event/main_reference_plan_domain,8,8,0.8669,0.8708362264450868,0.8801923235248138,0.8528011003858423,0.9778,0.0,0,0,True,0,0,True,0,0,True,0,0,True,0,0,True
R0,1,MO12,C0,event/main_reference_plan_domain,8,8,0.84545,0.849641987016315,0.8596422921511686,0.8304983951145584,0.9547,0.0,0,0,True,0,0,True,0,0,True,0,0,True,0,0,True
R0,1,MO12,C1_Table6_matched,event/main_reference_plan_domain,8,8,0.8446,0.8488015037498851,0.8588258179845265,0.8296167414107308,0.94945,0.0,0,0,True,0,0,True,0,0,True,0,0,True,0,0,True
R0,1,MO12,C2_Corn4D_author,event/main_reference_plan_domain,8,8,0.87505,0.8788804366000873,0.8879706079581661,0.8613048463124846,0.97075,0.0,0,0,True,0,0,True,0,0,True,0,0,True,0,0,True
R0,1,TAB,C0,event/main_reference_plan_domain,8,8,0.90655,0.9099164747265728,0.9178435654030347,0.8943623450947796,0.9581,0.0001,0,0,True,0,0,True,0,0,True,0,0,True,0,0,True
R0,1,TAB,C1_Table6_matched,event/main_reference_plan_domain,8,8,0.8976,0.9011083035164397,0.9093904231634293,0.8849352646333053,0.95015,0.00015,0,0,True,0,0,True,0,0,True,0,0,True,0,0,True
R0,1,TAB,C2_Corn4D_author,event/main_reference_plan_domain,8,8,0.9292,0.9321619416218762,0.939078614341745,0.9183771454243341,0.9709,0.0001,0,0,True,0,0,True,0,0,True,0,0,True,0,0,True
R0,1,NARROW,C0,event/main_reference_plan_domain,8,8,0.80335,0.8079650899274038,0.8190359870283985,0.7869973737473863,0.96865,0.0,0,0,True,0,0,True,0,0,True,0,0,True,0,0,True
R0,1,NARROW,C1_Table6_matched,event/main_reference_plan_domain,8,8,0.8066,0.8111856464730207,0.8221818063991606,0.7903444034102576,0.9649,0.0,0,0,True,0,0,True,0,0,True,0,0,True,0,0,True
R0,1,NARROW,C2_Corn4D_author,event/main_reference_plan_domain,8,8,0.8152,0.8197053036373634,0.8304977238695251,0.7992095611702255,0.9772,0.0,0,0,True,0,0,True,0,0,True,0,0,True,0,0,True
R0,1,SRC12,C0,event/main_reference_plan_domain,8,8,0.89125,0.8948537955450186,0.9033751991257161,0.878264510901697,0.96045,0.00015,0,0,True,0,0,True,0,0,True,0,0,True,0,0,True
R0,1,SRC12,C1_Table6_matched,event/main_reference_plan_domain,8,8,0.8923,0.8958882819946906,0.9043707978107992,0.8793665940775384,0.9574,0.00015,0,0,True,0,0,True,0,0,True,0,0,True,0,0,True
R0,1,SRC12,C2_Corn4D_author,event/main_reference_plan_domain,8,8,0.91795,0.9211219316699564,0.9285627098955832,0.9064179804987764,0.97185,0.00015,0,0,True,0,0,True,0,0,True,0,0,True,0,0,True
R0,1,SRC14,C0,event/main_reference_plan_domain,8,8,0.8614,0.8654048077465323,0.8749334601243474,0.8470720865381842,0.973,0.00025,0,0,True,0,0,True,0,0,True,0,0,True,0,0,True
R0,1,SRC14,C1_Table6_matched,event/main_reference_plan_domain,8,8,0.8622,0.8661949673955116,0.8756988527113907,0.8479049308270993,0.9713,0.0002,0,0,True,0,0,True,0,0,True,0,0,True,0,0,True
R0,1,SRC14,C2_Corn4D_author,event/main_reference_plan_domain,8,8,0.8705,0.874390128543359,0.883630312261695,0.8565551750604088,0.97795,0.00025,0,0,True,0,0,True,0,0,True,0,0,True,0,0,True
R0,2,MO12,C0,event/main_reference_plan_domain,8,8,0.84455,0.8487520621789213,0.8587777853260407,0.8295648841928521,0.9546,0.0,0,0,True,0,0,True,0,0,True,0,0,True,0,0,True
R0,2,MO12,C1_Table6_matched,event/main_reference_plan_domain,8,8,0.8422,0.8464281369938123,0.8565196580487102,0.827128187079989,0.9492,0.0,0,0,True,0,0,True,0,0,True,0,0,True,0,0,True
R0,2,MO12,C2_Corn4D_author,event/main_reference_plan_domain,8,8,0.873,0.8768575323268619,0.8860157867273224,0.8591641882283295,0.97035,0.0,0,0,True,0,0,True,0,0,True,0,0,True,0,0,True
R0,2,TAB,C0,event/main_reference_plan_domain,8,8,0.90855,0.9118835302854044,0.9197282140049062,0.8964732744760278,0.9592,0.0,0,0,True,0,0,True,0,0,True,0,0,True,0,0,True
R0,2,TAB,C1_Table6_matched,event/main_reference_plan_domain,8,8,0.8982,0.9016990682773461,0.9099580569626257,0.8855663055092149,0.9513,0.0,0,0,True,0,0,True,0,0,True,0,0,True,0,0,True
R0,2,TAB,C2_Corn4D_author,event/main_reference_plan_domain,8,8,0.92875,0.9317207308974125,0.9386593239605635,0.91789743403124,0.9723,0.0,0,0,True,0,0,True,0,0,True,0,0,True,0,0,True
R0,2,NARROW,C0,event/main_reference_plan_domain,8,8,0.80235,0.806974050617515,0.8180677008970823,0.7859678600887097,0.96865,0.0,0,0,True,0,0,True,0,0,True,0,0,True,0,0,True
R0,2,NARROW,C1_Table6_matched,event/main_reference_plan_domain,8,8,0.80455,0.8091542759490713,0.8201977189649508,0.7882330015050458,0.9656,0.0,0,0,True,0,0,True,0,0,True,0,0,True,0,0,True
R0,2,NARROW,C2_Corn4D_author,event/main_reference_plan_domain,8,8,0.8131,0.8176252542612594,0.8284682407710153,0.797043665742349,0.97775,0.0,0,0,True,0,0,True,0,0,True,0,0,True,0,0,True
R0,2,SRC12,C0,event/main_reference_plan_domain,8,8,0.89235,0.8959375405807981,0.9044181980338908,0.8794190834621445,0.96225,0.0,0,0,True,0,0,True,0,0,True,0,0,True,0,0,True
R0,2,SRC12,C1_Table6_matched,event/main_reference_plan_domain,8,8,0.8904,0.8940162762498289,0.9025689691520031,0.8773726173273326,0.9603,0.0,0,0,True,0,0,True,0,0,True,0,0,True,0,0,True
R0,2,SRC12,C2_Corn4D_author,event/main_reference_plan_domain,8,8,0.91675,0.919943215465143,0.927437161755766,0.9051461851823467,0.97265,0.0,0,0,True,0,0,True,0,0,True,0,0,True,0,0,True
R0,2,SRC14,C0,event/main_reference_plan_domain,8,8,0.8605,0.8645158242335202,0.8740722071323477,0.8461353229720742,0.97455,5e-05,0,0,True,0,0,True,0,0,True,0,0,True,0,0,True
R0,2,SRC14,C1_Table6_matched,event/main_reference_plan_domain,8,8,0.8621,0.8660961999177466,0.8756031872043436,0.8478008167279788,0.97235,0.0,0,0,True,0,0,True,0,0,True,0,0,True,0,0,True
R0,2,SRC14,C2_Corn4D_author,event/main_reference_plan_domain,8,8,0.8691,0.8730081719114281,0.8822937189763891,0.8550948549637534,0.97945,0.0,0,0,True,0,0,True,0,0,True,0,0,True,0,0,True
A,0,MO12,C0,event/main_reference_plan_domain,332,332,0.0004,0.0007216163854094394,0.001874351152525313,1.8495298081662755e-05,0.8024,0.0,126,97,False,175,159,False,243,237,False,300,292,False,314,313,False
A,0,MO12,C1_Table6_matched,event/main_reference_plan_domain,332,332,0.00055,0.0009102116731305438,0.002151367628701977,4.772017465292839e-05,0.8024,0.0,105,75,False,164,148,False,243,235,False,300,291,False,314,313,False
A,0,MO12,C2_Corn4D_author,event/main_reference_plan_domain,332,332,0.0004,0.0007216163854094394,0.001874351152525313,1.8495298081662755e-05,0.80245,0.0,124,95,False,169,156,False,243,237,False,300,292,False,314,313,False
A,0,TAB,C0,event/main_reference_plan_domain,332,332,0.12775,0.13169755613288156,0.14161869237477057,0.11469967888435813,0.87415,5e-05,0,0,True,0,0,True,0,0,True,0,0,True,68,59,False
A,0,TAB,C1_Table6_matched,event/main_reference_plan_domain,332,332,0.1371,0.1411644807808777,0.15136620166148154,0.123631557584113,0.87415,5e-05,0,0,True,0,0,True,0,0,True,0,0,True,48,40,False
A,0,TAB,C2_Corn4D_author,event/main_reference_plan_domain,332,332,0.1282,0.1321533350919871,0.1420883477424964,0.11512903127673982,0.87415,5e-05,0,0,True,0,0,True,0,0,True,0,0,True,55,45,False
A,0,NARROW,C0,event/main_reference_plan_domain,332,332,0.0,0.00014977539622296285,0.0009440563066008146,0.0,0.8024,0.0,157,141,False,195,183,False,249,239,False,301,293,False,315,313,False
A,0,NARROW,C1_Table6_matched,event/main_reference_plan_domain,332,332,0.0,0.00014977539622296285,0.0009440563066008146,0.0,0.8024,0.0,156,141,False,194,182,False,248,239,False,301,294,False,315,313,False
A,0,NARROW,C2_Corn4D_author,event/main_reference_plan_domain,332,332,0.0,0.00014977539622296285,0.0009440563066008146,0.0,0.8024,0.0,157,142,False,196,184,False,249,240,False,301,294,False,315,313,False
A,0,SRC12,C0,event/main_reference_plan_domain,332,332,0.0216,0.023368285249303893,0.0280137333516952,0.01624096609883132,0.87415,5e-05,0,0,True,0,0,False,27,13,False,94,85,False,122,119,False
A,0,SRC12,C1_Table6_matched,event/main_reference_plan_domain,332,332,0.03245,0.0345868943045746,0.040128983090034924,0.025800940181775076,0.87415,5e-05,0,0,True,0,0,True,12,7,False,81,71,False,117,115,False
A,0,SRC12,C2_Corn4D_author,event/main_reference_plan_domain,332,332,0.0253,0.027203394974610846,0.03217761306891307,0.019468577432374647,0.87415,5e-05,0,0,True,0,0,False,20,11,False,93,84,False,119,116,False
A,0,SRC14,C0,event/main_reference_plan_domain,332,332,0.00725,0.008316881936340607,0.011255220006903864,0.004334056873390348,0.87415,5e-05,3,0,False,27,20,False,76,66,False,116,113,False,131,130,False
A,0,SRC14,C1_Table6_matched,event/main_reference_plan_domain,332,332,0.0074,0.008476918872652098,0.011439658960729824,0.004449227189211335,0.87415,5e-05,2,0,False,25,16,False,74,66,False,116,113,False,131,130,False
A,0,SRC14,C2_Corn4D_author,event/main_reference_plan_domain,332,332,0.00695,0.00799648573727541,0.010885242692661959,0.0041048194782161195,0.87415,5e-05,4,0,False,28,20,False,79,69,False,116,113,False,131,130,False
A,1,MO12,C0,event/main_reference_plan_domain,332,332,0.00055,0.0009102116731305438,0.002151367628701977,4.772017465292839e-05,0.80525,0.0,127,97,False,174,159,False,243,235,False,299,295,False,314,313,False
A,1,MO12,C1_Table6_matched,event/main_reference_plan_domain,332,332,0.00055,0.0009102116731305438,0.002151367628701977,4.772017465292839e-05,0.80525,0.0,109,70,False,161,147,False,243,232,False,299,294,False,314,313,False
A,1,MO12,C2_Corn4D_author,event/main_reference_plan_domain,332,332,0.0003,0.0005920333003445921,0.0016780820692475396,6.547136161170389e-06,0.80525,0.0,127,102,False,169,155,False,244,234,False,299,294,False,314,313,False
A,1,TAB,C0,event/main_reference_plan_domain,332,332,0.13145,0.13544460861600632,0.14547870143045152,0.11823151208817197,0.87735,0.00055,0,0,True,0,0,True,0,0,True,0,0,True,65,56,False
A,1,TAB,C1_Table6_matched,event/main_reference_plan_domain,332,332,0.1396,0.14369466270610176,0.15396874976078181,0.1260234997570603,0.87735,0.00055,0,0,True,0,0,True,0,0,True,0,0,True,44,39,False
A,1,TAB,C2_Corn4D_author,event/main_reference_plan_domain,332,332,0.133,0.1370140110719756,0.1470946651553143,0.11971213137609148,0.87735,0.0006,0,0,True,0,0,True,0,0,True,0,0,True,54,42,False
A,1,NARROW,C0,event/main_reference_plan_domain,332,332,0.0,0.00014977539622296285,0.0009440563066008146,0.0,0.8052,0.0,157,142,False,194,181,False,249,240,False,301,296,False,315,313,False
A,1,NARROW,C1_Table6_matched,event/main_reference_plan_domain,332,332,0.0,0.00014977539622296285,0.0009440563066008146,0.0,0.8052,0.0,156,142,False,193,181,False,249,240,False,301,296,False,315,313,False
A,1,NARROW,C2_Corn4D_author,event/main_reference_plan_domain,332,332,0.0,0.00014977539622296285,0.0009440563066008146,0.0,0.8052,0.0,158,142,False,196,182,False,249,239,False,301,296,False,315,313,False
A,1,SRC12,C0,event/main_reference_plan_domain,332,332,0.0224,0.02419849280903786,0.028917456245623134,0.01693539649503651,0.87735,0.0006,0,0,True,0,0,False,23,12,False,93,85,False,121,117,False
A,1,SRC12,C1_Table6_matched,event/main_reference_plan_domain,332,332,0.03345,0.03561719875820549,0.04123295330427023,0.026694708213089828,0.87735,0.0006,0,0,True,0,0,True,7,5,False,77,68,False,116,114,False
A,1,SRC12,C2_Corn4D_author,event/main_reference_plan_domain,332,332,0.0269,0.028858498959296475,0.03396676948085798,0.020875763631401804,0.87735,0.0006,0,0,True,0,0,True,17,9,False,90,82,False,119,113,False
A,1,SRC14,C0,event/main_reference_plan_domain,332,332,0.0081,0.00922244133520419,0.012295880570083873,0.004991197805442447,0.8774,0.0006,2,0,False,23,16,False,77,67,False,116,114,False,131,130,False
A,1,SRC14,C1_Table6_matched,event/main_reference_plan_domain,332,332,0.008,0.009116064617636343,0.012173995088897166,0.004913340041191993,0.8774,0.0006,1,0,False,22,14,False,76,67,False,116,114,False,131,130,False
A,1,SRC14,C2_Corn4D_author,event/main_reference_plan_domain,332,332,0.00755,0.008636852659334504,0.011623745963200212,0.004564750682495256,0.8774,0.0006,2,0,False,24,19,False,80,67,False,116,114,False,131,130,False
A,2,MO12,C0,event/main_reference_plan_domain,332,332,0.00055,0.0009102116731305438,0.002151367628701977,4.772017465292839e-05,0.80675,0.0,128,98,False,178,160,False,243,237,False,299,290,False,314,313,False
A,2,MO12,C1_Table6_matched,event/main_reference_plan_domain,332,332,0.00045,0.000785129188884636,0.0019686612620080485,2.6822530069880284e-05,0.80675,0.0,115,81,False,166,150,False,243,235,False,299,290,False,314,313,False
A,2,MO12,C2_Corn4D_author,event/main_reference_plan_domain,332,332,0.0004,0.0007216163854094394,0.001874351152525313,1.8495298081662755e-05,0.80675,0.0,129,105,False,172,161,False,244,237,False,299,290,False,314,313,False
A,2,TAB,C0,event/main_reference_plan_domain,332,332,0.1235,0.1273921865683015,0.1371803260223172,0.1106474175723557,0.87495,0.0005,0,0,True,0,0,True,0,0,True,0,0,True,75,64,False
A,2,TAB,C1_Table6_matched,event/main_reference_plan_domain,332,332,0.1319,0.13590026011456158,0.1459479162304936,0.11866130523321475,0.875,0.00045,0,0,True,0,0,True,0,0,True,0,0,True,50,41,False
A,2,TAB,C2_Corn4D_author,event/main_reference_plan_domain,332,332,0.1274,0.13134305045137593,0.14125336706836142,0.11436577594906712,0.87495,0.0005,0,0,True,0,0,True,0,0,True,0,0,True,56,47,False
A,2,NARROW,C0,event/main_reference_plan_domain,332,332,0.0,0.00014977539622296285,0.0009440563066008146,0.0,0.8067,0.0,161,145,False,198,184,False,249,240,False,300,292,False,315,313,False
A,2,NARROW,C1_Table6_matched,event/main_reference_plan_domain,332,332,0.0,0.00014977539622296285,0.0009440563066008146,0.0,0.80675,0.0,161,145,False,197,184,False,248,240,False,300,291,False,315,313,False
A,2,NARROW,C2_Corn4D_author,event/main_reference_plan_domain,332,332,0.0,0.00014977539622296285,0.0009440563066008146,0.0,0.8067,0.0,162,145,False,198,186,False,249,240,False,300,291,False,315,313,False
A,2,SRC12,C0,event/main_reference_plan_domain,332,332,0.0206,0.022329671922312593,0.026881140771735677,0.015375873320124491,0.87495,0.0005,0,0,True,0,0,False,29,16,False,95,87,False,122,118,False
A,2,SRC12,C1_Table6_matched,event/main_reference_plan_domain,332,332,0.03065,0.03273101490247426,0.038137246704908485,0.02419675491755497,0.87495,0.0005,0,0,True,0,0,True,13,7,False,83,72,False,119,115,False
A,2,SRC12,C2_Corn4D_author,event/main_reference_plan_domain,332,332,0.0242,0.0260644081054402,0.030943769162548387,0.018504942943604295,0.8749,0.0005,0,0,True,0,0,False,22,12,False,95,85,False,121,117,False
A,2,SRC14,C0,event/main_reference_plan_domain,332,332,0.0072,0.008263512824280438,0.011193660302417478,0.004295747100266867,0.875,0.0005,4,0,False,27,19,False,80,68,False,116,114,False,131,130,False
A,2,SRC14,C1_Table6_matched,event/main_reference_plan_domain,332,332,0.0073,0.008370239235655243,0.011316739416131885,0.004372407082177456,0.875,0.0005,3,0,False,25,16,False,78,67,False,116,113,False,131,130,False
A,2,SRC14,C2_Corn4D_author,event/main_reference_plan_domain,332,332,0.0066,0.0076221155492653386,0.01045164352152949,0.0038393416310740394,0.875,0.0005,4,0,False,28,20,False,81,69,False,116,114,False,131,130,False
B,0,MO12,C0,event/main_reference_plan_domain,1,1,0.9547,0.9570947422536943,0.9625997127246254,0.945799266448276,0.9547,0.0,0,0,True,0,0,True,0,0,True,0,0,True,0,0,True
B,0,MO12,C1_Table6_matched,event/main_reference_plan_domain,1,1,0.9491,0.9516329711577592,0.9574814660995306,0.9397300294904694,0.9491,0.0,0,0,True,0,0,True,0,0,True,0,0,True,0,0,True
B,0,MO12,C2_Corn4D_author,event/main_reference_plan_domain,1,1,0.9699,0.9718615740841977,0.9762921721964675,0.9624725780218228,0.9699,0.0,0,0,True,0,0,True,0,0,True,0,0,True,0,0,True
B,0,TAB,C0,event/main_reference_plan_domain,1,1,0.95825,0.9605519585435589,0.9658265272967501,0.9496644966907132,0.95825,0.0,0,0,True,0,0,True,0,0,True,0,0,True,0,0,True
B,0,TAB,C1_Table6_matched,event/main_reference_plan_domain,1,1,0.9511,0.9535846651402421,0.9593130735648927,0.9418939559383576,0.9511,0.0,0,0,True,0,0,True,0,0,True,0,0,True,0,0,True
B,0,TAB,C2_Corn4D_author,event/main_reference_plan_domain,1,1,0.97035,0.972297070201838,0.97669175219805,0.9629719760552332,0.97035,0.0,0,0,True,0,0,True,0,0,True,0,0,True,0,0,True
B,0,NARROW,C0,event/main_reference_plan_domain,1,1,0.968,0.9700215398348854,0.9746006723416404,0.9603683856953191,0.968,0.0,0,0,True,0,0,True,0,0,True,0,0,True,0,0,True
B,0,NARROW,C1_Table6_matched,event/main_reference_plan_domain,1,1,0.96355,0.9657047068401029,0.9706139216146352,0.9554651871029517,0.96355,0.0,0,0,True,0,0,True,0,0,True,0,0,True,0,0,True
B,0,NARROW,C2_Corn4D_author,event/main_reference_plan_domain,1,1,0.97565,0.9774163501738199,0.9813638440911655,0.96888778802714,0.97565,0.0,0,0,True,0,0,True,0,0,True,0,0,True,0,0,True
B,0,SRC12,C0,event/main_reference_plan_domain,1,1,0.96,0.9622545665656433,0.9674115078031545,0.9515755875109657,0.96,0.0,0,0,True,0,0,True,0,0,True,0,0,True,0,0,True
B,0,SRC12,C1_Table6_matched,event/main_reference_plan_domain,1,1,0.95775,0.9600652916271195,0.9653729602105808,0.9491191853459529,0.95775,0.0,0,0,True,0,0,True,0,0,True,0,0,True,0,0,True
B,0,SRC12,C2_Corn4D_author,event/main_reference_plan_domain,1,1,0.9707,0.9726357060770323,0.9770022496677785,0.9633606832451818,0.9707,0.0,0,0,True,0,0,True,0,0,True,0,0,True,0,0,True
B,0,SRC14,C0,event/main_reference_plan_domain,1,1,0.97315,0.975004000395592,0.9791683053986333,0.9660890473685505,0.97315,0.0,0,0,True,0,0,True,0,0,True,0,0,True,0,0,True
B,0,SRC14,C1_Table6_matched,event/main_reference_plan_domain,1,1,0.97065,0.9725873340424799,0.9769579084491568,0.9633051381099795,0.97065,0.0,0,0,True,0,0,True,0,0,True,0,0,True,0,0,True
B,0,SRC14,C2_Corn4D_author,event/main_reference_plan_domain,1,1,0.979,0.9806409420366998,0.9842784948948873,0.9726654177436422,0.979,0.0,0,0,True,0,0,True,0,0,True,0,0,True,0,0,True
B,1,MO12,C0,event/main_reference_plan_domain,1,1,0.9557,0.9580690391407855,0.9635101685769393,0.9468865715055441,0.9557,0.0,0,0,True,0,0,True,0,0,True,0,0,True,0,0,True
B,1,MO12,C1_Table6_matched,event/main_reference_plan_domain,1,1,0.94935,0.9518769941110156,0.9577106282277678,0.9400003093280186,0.94935,0.0,0,0,True,0,0,True,0,0,True,0,0,True,0,0,True
B,1,MO12,C2_Corn4D_author,event/main_reference_plan_domain,1,1,0.96895,0.9709418085876528,0.9754472890466791,0.9614196164762249,0.96895,0.0,0,0,True,0,0,True,0,0,True,0,0,True,0,0,True
B,1,TAB,C0,event/main_reference_plan_domain,1,1,0.95915,0.9614277289178454,0.9666421546042522,0.9506468495568899,0.95915,0.0001,0,0,True,0,0,True,0,0,True,0,0,True,0,0,True
B,1,TAB,C1_Table6_matched,event/main_reference_plan_domain,1,1,0.9506,0.9530968478188249,0.9588555380540889,0.9413526083669019,0.9506,5e-05,0,0,True,0,0,True,0,0,True,0,0,True,0,0,True
B,1,TAB,C2_Corn4D_author,event/main_reference_plan_domain,1,1,0.9702,0.9721519181120776,0.9765586046107568,0.9628054643734908,0.9702,0.0001,0,0,True,0,0,True,0,0,True,0,0,True,0,0,True
B,1,NARROW,C0,event/main_reference_plan_domain,1,1,0.96915,0.9711354860039397,0.9756253058320977,0.9616411461808339,0.96915,0.0,0,0,True,0,0,True,0,0,True,0,0,True,0,0,True
B,1,NARROW,C1_Table6_matched,event/main_reference_plan_domain,1,1,0.9641,0.966238755906272,0.9711084165144195,0.9560694525574803,0.9641,0.0,0,0,True,0,0,True,0,0,True,0,0,True,0,0,True
B,1,NARROW,C2_Corn4D_author,event/main_reference_plan_domain,1,1,0.97545,0.9772235356555307,0.981188797887773,0.9686632930110257,0.97545,0.0,0,0,True,0,0,True,0,0,True,0,0,True,0,0,True
B,1,SRC12,C0,event/main_reference_plan_domain,1,1,0.96055,0.9627894308569752,0.9679088131950528,0.9521770463161905,0.96055,5e-05,0,0,True,0,0,True,0,0,True,0,0,True,0,0,True
B,1,SRC12,C1_Table6_matched,event/main_reference_plan_domain,1,1,0.9582,0.9605032959156532,0.9657811846028739,0.9496099515590788,0.9582,5e-05,0,0,True,0,0,True,0,0,True,0,0,True,0,0,True
B,1,SRC12,C2_Corn4D_author,event/main_reference_plan_domain,1,1,0.9714,0.9733127536081839,0.9776224724698201,0.9641388684572441,0.9714,0.0001,0,0,True,0,0,True,0,0,True,0,0,True,0,0,True
B,1,SRC14,C0,event/main_reference_plan_domain,1,1,0.97325,0.9751005811822822,0.9792564256592182,0.9662006988347421,0.97325,0.0,0,0,True,0,0,True,0,0,True,0,0,True,0,0,True
B,1,SRC14,C1_Table6_matched,event/main_reference_plan_domain,1,1,0.9713,0.9732160511280225,0.9775339332465165,0.9640276352162747,0.9713,0.0,0,0,True,0,0,True,0,0,True,0,0,True,0,0,True
B,1,SRC14,C2_Corn4D_author,event/main_reference_plan_domain,1,1,0.9773,0.9790058204009499,0.9828036769701578,0.9707441617365233,0.9773,5e-05,0,0,True,0,0,True,0,0,True,0,0,True,0,0,True
B,2,MO12,C0,event/main_reference_plan_domain,1,1,0.9517,0.9541699501352298,0.9598617856667974,0.9425439031722826,0.9517,0.0,0,0,True,0,0,True,0,0,True,0,0,True,0,0,True
B,2,MO12,C1_Table6_matched,event/main_reference_plan_domain,1,1,0.9455,0.9481171990139806,0.9541751761670023,0.9358443485123166,0.9455,0.0,0,0,True,0,0,True,0,0,True,0,0,True,0,0,True
B,2,MO12,C2_Corn4D_author,event/main_reference_plan_domain,1,1,0.968,0.9700215398348854,0.9746006723416404,0.9603683856953191,0.968,0.0,0,0,True,0,0,True,0,0,True,0,0,True,0,0,True
B,2,TAB,C0,event/main_reference_plan_domain,1,1,0.9573,0.959627214974965,0.9649644862494323,0.9486286683905916,0.9573,0.0,0,0,True,0,0,True,0,0,True,0,0,True,0,0,True
B,2,TAB,C1_Table6_matched,event/main_reference_plan_domain,1,1,0.9486,0.9511448740095866,0.9570229650209578,0.9391896464505196,0.9486,0.0,0,0,True,0,0,True,0,0,True,0,0,True,0,0,True
B,2,TAB,C2_Corn4D_author,event/main_reference_plan_domain,1,1,0.96965,0.9716195805980214,0.9760700069711117,0.9621953107141188,0.96965,0.0,0,0,True,0,0,True,0,0,True,0,0,True,0,0,True
B,2,NARROW,C0,event/main_reference_plan_domain,1,1,0.969,0.9709902300404113,0.9754918004722559,0.961474991684814,0.969,0.0,0,0,True,0,0,True,0,0,True,0,0,True,0,0,True
B,2,NARROW,C1_Table6_matched,event/main_reference_plan_domain,1,1,0.9629,0.9650733857978255,0.9700289251618578,0.9547516477541556,0.9629,0.0,0,0,True,0,0,True,0,0,True,0,0,True,0,0,True
B,2,NARROW,C2_Corn4D_author,event/main_reference_plan_domain,1,1,0.97685,0.9785725560215769,0.9824117777575665,0.9702370970806301,0.97685,0.0,0,0,True,0,0,True,0,0,True,0,0,True,0,0,True
B,2,SRC12,C0,event/main_reference_plan_domain,1,1,0.96095,0.9631783482790677,0.9682702319666476,0.9526147284384282,0.96095,0.0,0,0,True,0,0,True,0,0,True,0,0,True,0,0,True
B,2,SRC12,C1_Table6_matched,event/main_reference_plan_domain,1,1,0.95625,0.9586047607819128,0.9640104307027079,0.9474850772970944,0.95625,0.0,0,0,True,0,0,True,0,0,True,0,0,True,0,0,True
B,2,SRC12,C2_Corn4D_author,event/main_reference_plan_domain,1,1,0.97135,0.9732644031514324,0.9775782055554529,0.9640832491441002,0.97135,0.0,0,0,True,0,0,True,0,0,True,0,0,True,0,0,True
B,2,SRC14,C0,event/main_reference_plan_domain,1,1,0.97435,0.9761625041874757,0.9802241458103214,0.9674304647515414,0.97435,0.0,0,0,True,0,0,True,0,0,True,0,0,True,0,0,True
B,2,SRC14,C1_Table6_matched,event/main_reference_plan_domain,1,1,0.9719,0.9737961711228715,0.9780648418697993,0.9646953608155213,0.9719,0.0,0,0,True,0,0,True,0,0,True,0,0,True,0,0,True
B,2,SRC14,C2_Corn4D_author,event/main_reference_plan_domain,1,1,0.9794,0.9810252738624683,0.9846241266798755,0.9731188592282644,0.9794,0.0,0,0,True,0,0,True,0,0,True,0,0,True,0,0,True
C,0,MO12,C0,event/main_reference_plan_domain,353,353,0.0004,0.0007216163854094394,0.001874351152525313,1.8495298081662755e-05,0.80805,0.0,150,121,False,201,182,False,274,257,False,320,319,False,331,331,False
C,0,MO12,C1_Table6_matched,event/main_reference_plan_domain,353,353,0.00035,0.0006573046474672341,0.001777640673092155,1.1713004561413228e-05,0.80805,0.0,138,101,False,193,175,False,274,258,False,320,319,False,331,331,False
C,0,MO12,C2_Corn4D_author,event/main_reference_plan_domain,353,353,0.0002,0.0004576169877864282,0.0014677178024880902,9.881219292877847e-07,0.8081,0.0,148,127,False,194,185,False,273,257,False,320,319,False,331,331,False
C,0,TAB,C0,event/main_reference_plan_domain,353,353,0.0999,0.10345584428090779,0.1124345308123136,0.08824530405271831,0.878,0.00045,0,0,True,0,0,True,0,0,True,0,0,False,86,71,False
C,0,TAB,C1_Table6_matched,event/main_reference_plan_domain,353,353,0.11075,0.1144669515005222,0.1238336837830971,0.09852219119914277,0.87805,0.00045,0,0,True,0,0,True,0,0,True,0,0,False,67,54,False
C,0,TAB,C2_Corn4D_author,event/main_reference_plan_domain,353,353,0.1029,0.10650158610571427,0.11559050361267773,0.09108270420688232,0.878,0.00045,0,0,True,0,0,True,0,0,True,0,0,False,73,62,False
C,0,NARROW,C0,event/main_reference_plan_domain,353,353,0.0,0.00014977539622296285,0.0009440563066008146,0.0,0.80805,0.0,185,173,False,223,213,False,280,264,False,322,320,False,332,331,False
C,0,NARROW,C1_Table6_matched,event/main_reference_plan_domain,353,353,0.0,0.00014977539622296285,0.0009440563066008146,0.0,0.80805,0.0,183,173,False,223,213,False,280,265,False,322,320,False,332,331,False
C,0,NARROW,C2_Corn4D_author,event/main_reference_plan_domain,353,353,0.0,0.00014977539622296285,0.0009440563066008146,0.0,0.80805,0.0,185,173,False,224,213,False,281,264,False,321,320,False,332,331,False
C,0,SRC12,C0,event/main_reference_plan_domain,353,353,0.0136,0.015025866057064567,0.018837749331129174,0.00943574214573002,0.878,0.00045,0,0,False,4,3,False,38,28,False,109,104,False,134,130,False
C,0,SRC12,C1_Table6_matched,event/main_reference_plan_domain,353,353,0.01765,0.01925956317736182,0.02351866345887574,0.012845226810252209,0.878,0.00045,0,0,True,2,0,False,24,19,False,99,91,False,129,129,False
C,0,SRC12,C2_Corn4D_author,event/main_reference_plan_domain,353,353,0.01675,0.018320832274560973,0.022485643979904026,0.01208036120676792,0.878,0.00045,0,0,True,2,0,False,34,25,False,108,103,False,135,126,False
C,0,SRC14,C0,event/main_reference_plan_domain,353,353,0.0038,0.004597126853663159,0.006880814596231624,0.0018178748774477298,0.878,0.00045,15,6,False,41,31,False,94,87,False,133,131,False,148,148,False
C,0,SRC14,C1_Table6_matched,event/main_reference_plan_domain,353,353,0.0042,0.005033479005514447,0.007405201228957391,0.002092350108815894,0.878,0.00045,14,6,False,40,29,False,93,85,False,133,131,False,148,148,False
C,0,SRC14,C2_Corn4D_author,event/main_reference_plan_domain,353,353,0.004,0.004815531140884396,0.007143778737592172,0.0019543402779940975,0.878,0.00045,16,6,False,43,33,False,94,88,False,133,131,False,148,148,False
C,1,MO12,C0,event/main_reference_plan_domain,353,353,0.00025,0.0005255792997026124,0.0015750649992987155,3.00907607597015e-06,0.80725,0.0,144,112,False,200,182,False,276,261,False,324,319,False,331,331,False
C,1,MO12,C1_Table6_matched,event/main_reference_plan_domain,353,353,0.00025,0.0005255792997026124,0.0015750649992987155,3.00907607597015e-06,0.80725,0.0,135,98,False,196,174,False,276,262,False,324,319,False,331,331,False
C,1,MO12,C2_Corn4D_author,event/main_reference_plan_domain,353,353,0.00015,0.000387636755786371,0.0013547134487072897,1.6754258715710692e-07,0.80725,0.0,143,120,False,194,180,False,276,260,False,324,319,False,331,331,False
C,1,TAB,C0,event/main_reference_plan_domain,353,353,0.1036,0.10721212366209339,0.11632642889640234,0.09174523286684541,0.8752,0.00045,0,0,True,0,0,True,0,0,True,0,0,False,82,71,False
C,1,TAB,C1_Table6_matched,event/main_reference_plan_domain,353,353,0.11325,0.11700244845544677,0.1264546025571242,0.10089575459582845,0.8752,0.00045,0,0,True,0,0,True,0,0,True,0,0,True,66,52,False
C,1,TAB,C2_Corn4D_author,event/main_reference_plan_domain,353,353,0.10575,0.10939417632045395,0.11858569024755243,0.09378122348944438,0.8752,0.00045,0,0,True,0,0,True,0,0,True,0,0,False,70,60,False
C,1,NARROW,C0,event/main_reference_plan_domain,353,353,0.0,0.00014977539622296285,0.0009440563066008146,0.0,0.80725,0.0,184,167,False,222,211,False,281,265,False,325,320,False,332,331,False
C,1,NARROW,C1_Table6_matched,event/main_reference_plan_domain,353,353,0.0,0.00014977539622296285,0.0009440563066008146,0.0,0.80725,0.0,184,168,False,222,211,False,281,265,False,325,320,False,332,331,False
C,1,NARROW,C2_Corn4D_author,event/main_reference_plan_domain,353,353,0.0,0.00014977539622296285,0.0009440563066008146,0.0,0.80725,0.0,184,168,False,223,211,False,282,265,False,325,320,False,332,332,False
C,1,SRC12,C0,event/main_reference_plan_domain,353,353,0.013,0.014396325075987646,0.01813629084009497,0.008938644884234072,0.8752,0.00045,0,0,False,4,3,False,40,28,False,109,106,False,134,131,False
C,1,SRC12,C1_Table6_matched,event/main_reference_plan_domain,353,353,0.01685,0.01842518899823927,0.02260060711144068,0.012165162628652587,0.8752,0.00045,0,0,True,2,0,False,25,19,False,97,91,False,130,127,False
C,1,SRC12,C2_Corn4D_author,event/main_reference_plan_domain,353,353,0.0155,0.01701517551079155,0.021044488664773153,0.011024470127336471,0.8752,0.00045,0,0,True,3,0,False,34,24,False,108,101,False,135,126,False
C,1,SRC14,C0,event/main_reference_plan_domain,353,353,0.00405,0.004870059586962972,0.007209274528465361,0.0019887022939047193,0.8752,0.00045,11,6,False,37,29,False,95,86,False,133,132,False,148,148,False
C,1,SRC14,C1_Table6_matched,event/main_reference_plan_domain,353,353,0.00425,0.005087898468295184,0.007470328671072285,0.002127081216665994,0.8752,0.00045,10,4,False,37,29,False,93,84,False,133,132,False,148,148,False
C,1,SRC14,C2_Corn4D_author,event/main_reference_plan_domain,353,353,0.004,0.004815531140884396,0.007143778737592172,0.0019543402779940975,0.8752,0.00045,13,6,False,39,30,False,95,88,False,133,132,False,148,148,False
C,2,MO12,C0,event/main_reference_plan_domain,353,353,0.00055,0.0009102116731305438,0.002151367628701977,4.772017465292839e-05,0.80195,0.0,138,108,False,197,174,False,271,256,False,320,319,False,331,331,False
C,2,MO12,C1_Table6_matched,event/main_reference_plan_domain,353,353,0.0006,0.0009719475858895716,0.0022402428783865765,6.008731888691441e-05,0.80195,0.0,129,95,False,192,167,False,271,256,False,320,319,False,331,331,False
C,2,MO12,C2_Corn4D_author,event/main_reference_plan_domain,353,353,0.00045,0.000785129188884636,0.0019686612620080485,2.6822530069880284e-05,0.8019,0.0,138,108,False,192,171,False,271,254,False,320,319,False,331,331,False
C,2,TAB,C0,event/main_reference_plan_domain,353,353,0.1002,0.1037604614835839,0.11275027675465492,0.08852889532417878,0.8746,0.0006,0,0,True,0,0,True,0,0,True,0,0,False,87,73,False
C,2,TAB,C1_Table6_matched,event/main_reference_plan_domain,353,353,0.10935,0.11304681758665408,0.12236508585164634,0.09719387955408335,0.87455,0.0006,0,0,True,0,0,True,0,0,True,0,0,False,70,56,False
C,2,TAB,C2_Corn4D_author,event/main_reference_plan_domain,353,353,0.101,0.10457272689598765,0.11359210307774387,0.08928530166124542,0.87465,0.0006,0,0,True,0,0,True,0,0,True,0,0,False,73,61,False
C,2,NARROW,C0,event/main_reference_plan_domain,353,353,0.0,0.00014977539622296285,0.0009440563066008146,0.0,0.8019,0.0,181,168,False,219,203,False,278,260,False,321,320,False,332,331,False
C,2,NARROW,C1_Table6_matched,event/main_reference_plan_domain,353,353,0.0,0.00014977539622296285,0.0009440563066008146,0.0,0.80195,0.0,181,169,False,220,203,False,278,260,False,321,320,False,332,331,False
C,2,NARROW,C2_Corn4D_author,event/main_reference_plan_domain,353,353,0.0,0.00014977539622296285,0.0009440563066008146,0.0,0.8019,0.0,181,172,False,221,204,False,279,261,False,321,320,False,332,331,False
C,2,SRC12,C0,event/main_reference_plan_domain,353,353,0.01335,0.014763641433361728,0.018545763640089065,0.009228328775193946,0.8746,0.0006,0,0,False,4,3,False,38,25,False,108,105,False,135,132,False
C,2,SRC12,C1_Table6_matched,event/main_reference_plan_domain,353,353,0.01665,0.01821646183990489,0.022370633721150765,0.011995607030797694,0.87455,0.0006,0,0,True,2,0,False,26,18,False,100,93,False,132,129,False
C,2,SRC12,C2_Corn4D_author,event/main_reference_plan_domain,353,353,0.0164,0.017955474967077945,0.02208289915226452,0.011783931042074895,0.87455,0.0006,0,0,True,3,0,False,31,22,False,108,104,False,135,129,False
C,2,SRC14,C0,event/main_reference_plan_domain,353,353,0.00375,0.004542450346262892,0.006814818967449545,0.0017840135080837516,0.87455,0.0006,7,3,False,37,28,False,92,85,False,133,131,False,148,148,False
C,2,SRC14,C1_Table6_matched,event/main_reference_plan_domain,353,353,0.0039,0.004706388195056508,0.007012496514276908,0.0018859074057561765,0.87455,0.0006,7,3,False,36,29,False,91,84,False,133,131,False,148,148,False
C,2,SRC14,C2_Corn4D_author,event/main_reference_plan_domain,353,353,0.0039,0.004706388195056508,0.007012496514276908,0.0018859074057561765,0.8746,0.0006,10,5,False,39,30,False,94,86,False,133,131,False,148,148,False
